warning: unexpected `cfg` condition name: `wgpu_core`
  --> vendor/wgpu-0.20.1/src/lib.rs:71:7
   |
71 | #[cfg(wgpu_core)]
   |       ^^^^^^^^^
   |
   = help: expected names are: `docsrs`, `feature`, and `test` and 32 more
   = help: consider using a Cargo feature instead
   = help: or consider adding in `Cargo.toml` the `check-cfg` lint config for the lint:
            [lints.rust]
            unexpected_cfgs = { level = "warn", check-cfg = ['cfg(wgpu_core)'] }
   = help: or consider adding `println!("cargo::rustc-check-cfg=cfg(wgpu_core)");` to the top of the `build.rs`
   = note: see <https://doc.rust-lang.org/nightly/rustc/check-cfg/cargo-specifics.html> for more information about checking conditional configuration
   = note: `#[warn(unexpected_cfgs)]` on by default

warning: unexpected `cfg` condition name: `wgpu_core`
  --> vendor/wgpu-0.20.1/src/lib.rs:77:7
   |
77 | #[cfg(wgpu_core)]
   |       ^^^^^^^^^
   |
   = help: consider using a Cargo feature instead
   = help: or consider adding in `Cargo.toml` the `check-cfg` lint config for the lint:
            [lints.rust]
            unexpected_cfgs = { level = "warn", check-cfg = ['cfg(wgpu_core)'] }
   = help: or consider adding `println!("cargo::rustc-check-cfg=cfg(wgpu_core)");` to the top of the `build.rs`
   = note: see <https://doc.rust-lang.org/nightly/rustc/check-cfg/cargo-specifics.html> for more information about checking conditional configuration

warning: unexpected `cfg` condition name: `wgpu_core`
  --> vendor/wgpu-0.20.1/src/lib.rs:82:7
   |
82 | #[cfg(wgpu_core)]
   |       ^^^^^^^^^
   |
   = help: consider using a Cargo feature instead
   = help: or consider adding in `Cargo.toml` the `check-cfg` lint config for the lint:
            [lints.rust]
            unexpected_cfgs = { level = "warn", check-cfg = ['cfg(wgpu_core)'] }
   = help: or consider adding `println!("cargo::rustc-check-cfg=cfg(wgpu_core)");` to the top of the `build.rs`
   = note: see <https://doc.rust-lang.org/nightly/rustc/check-cfg/cargo-specifics.html> for more information about checking conditional configuration

warning: unexpected `cfg` condition name: `wgpu_core`
  --> vendor/wgpu-0.20.1/src/lib.rs:88:15
   |
88 | #[cfg(all(not(wgpu_core), naga))]
   |               ^^^^^^^^^
   |
   = help: consider using a Cargo feature instead
   = help: or consider adding in `Cargo.toml` the `check-cfg` lint config for the lint:
            [lints.rust]
            unexpected_cfgs = { level = "warn", check-cfg = ['cfg(wgpu_core)'] }
   = help: or consider adding `println!("cargo::rustc-check-cfg=cfg(wgpu_core)");` to the top of the `build.rs`
   = note: see <https://doc.rust-lang.org/nightly/rustc/check-cfg/cargo-specifics.html> for more information about checking conditional configuration

warning: unexpected `cfg` condition name: `naga`
  --> vendor/wgpu-0.20.1/src/lib.rs:88:27
   |
88 | #[cfg(all(not(wgpu_core), naga))]
   |                           ^^^^ help: found config with similar value: `feature = "naga"`
   |
   = help: consider using a Cargo feature instead
   = help: or consider adding in `Cargo.toml` the `check-cfg` lint config for the lint:
            [lints.rust]
            unexpected_cfgs = { level = "warn", check-cfg = ['cfg(naga)'] }
   = help: or consider adding `println!("cargo::rustc-check-cfg=cfg(naga)");` to the top of the `build.rs`
   = note: see <https://doc.rust-lang.org/nightly/rustc/check-cfg/cargo-specifics.html> for more information about checking conditional configuration

warning: unexpected `cfg` condition name: `webgl`
  --> vendor/wgpu-0.20.1/src/lib.rs:99:11
   |
99 | #[cfg(any(webgl, webgpu))]
   |           ^^^^^ help: found config with similar value: `feature = "webgl"`
   |
   = help: consider using a Cargo feature instead
   = help: or consider adding in `Cargo.toml` the `check-cfg` lint config for the lint:
            [lints.rust]
            unexpected_cfgs = { level = "warn", check-cfg = ['cfg(webgl)'] }
   = help: or consider adding `println!("cargo::rustc-check-cfg=cfg(webgl)");` to the top of the `build.rs`
   = note: see <https://doc.rust-lang.org/nightly/rustc/check-cfg/cargo-specifics.html> for more information about checking conditional configuration

warning: unexpected `cfg` condition name: `webgpu`
  --> vendor/wgpu-0.20.1/src/lib.rs:99:18
   |
99 | #[cfg(any(webgl, webgpu))]
   |                  ^^^^^^ help: found config with similar value: `feature = "webgpu"`
   |
   = help: consider using a Cargo feature instead
   = help: or consider adding in `Cargo.toml` the `check-cfg` lint config for the lint:
            [lints.rust]
            unexpected_cfgs = { level = "warn", check-cfg = ['cfg(webgpu)'] }
   = help: or consider adding `println!("cargo::rustc-check-cfg=cfg(webgpu)");` to the top of the `build.rs`
   = note: see <https://doc.rust-lang.org/nightly/rustc/check-cfg/cargo-specifics.html> for more information about checking conditional configuration

warning: unexpected `cfg` condition name: `webgpu`
   --> vendor/wgpu-0.20.1/src/lib.rs:104:11
    |
104 | #[cfg(any(webgpu, webgl))]
    |           ^^^^^^ help: found config with similar value: `feature = "webgpu"`
    |
    = help: consider using a Cargo feature instead
    = help: or consider adding in `Cargo.toml` the `check-cfg` lint config for the lint:
             [lints.rust]
             unexpected_cfgs = { level = "warn", check-cfg = ['cfg(webgpu)'] }
    = help: or consider adding `println!("cargo::rustc-check-cfg=cfg(webgpu)");` to the top of the `build.rs`
    = note: see <https://doc.rust-lang.org/nightly/rustc/check-cfg/cargo-specifics.html> for more information about checking conditional configuration

warning: unexpected `cfg` condition name: `webgl`
   --> vendor/wgpu-0.20.1/src/lib.rs:104:19
    |
104 | #[cfg(any(webgpu, webgl))]
    |                   ^^^^^ help: found config with similar value: `feature = "webgl"`
    |
    = help: consider using a Cargo feature instead
    = help: or consider adding in `Cargo.toml` the `check-cfg` lint config for the lint:
             [lints.rust]
             unexpected_cfgs = { level = "warn", check-cfg = ['cfg(webgl)'] }
    = help: or consider adding `println!("cargo::rustc-check-cfg=cfg(webgl)");` to the top of the `build.rs`
    = note: see <https://doc.rust-lang.org/nightly/rustc/check-cfg/cargo-specifics.html> for more information about checking conditional configuration

warning: unexpected `cfg` condition name: `send_sync`
   --> vendor/wgpu-0.20.1/src/lib.rs:120:7
    |
120 | #[cfg(send_sync)]
    |       ^^^^^^^^^
    |
    = help: consider using a Cargo feature instead
    = help: or consider adding in `Cargo.toml` the `check-cfg` lint config for the lint:
             [lints.rust]
             unexpected_cfgs = { level = "warn", check-cfg = ['cfg(send_sync)'] }
    = help: or consider adding `println!("cargo::rustc-check-cfg=cfg(send_sync)");` to the top of the `build.rs`
    = note: see <https://doc.rust-lang.org/nightly/rustc/check-cfg/cargo-specifics.html> for more information about checking conditional configuration

warning: unexpected `cfg` condition name: `send_sync`
   --> vendor/wgpu-0.20.1/src/lib.rs:122:11
    |
122 | #[cfg(not(send_sync))]
    |           ^^^^^^^^^
    |
    = help: consider using a Cargo feature instead
    = help: or consider adding in `Cargo.toml` the `check-cfg` lint config for the lint:
             [lints.rust]
             unexpected_cfgs = { level = "warn", check-cfg = ['cfg(send_sync)'] }
    = help: or consider adding `println!("cargo::rustc-check-cfg=cfg(send_sync)");` to the top of the `build.rs`
    = note: see <https://doc.rust-lang.org/nightly/rustc/check-cfg/cargo-specifics.html> for more information about checking conditional configuration

warning: unexpected `cfg` condition name: `send_sync`
   --> vendor/wgpu-0.20.1/src/lib.rs:137:7
    |
137 | #[cfg(send_sync)]
    |       ^^^^^^^^^
    |
    = help: consider using a Cargo feature instead
    = help: or consider adding in `Cargo.toml` the `check-cfg` lint config for the lint:
             [lints.rust]
             unexpected_cfgs = { level = "warn", check-cfg = ['cfg(send_sync)'] }
    = help: or consider adding `println!("cargo::rustc-check-cfg=cfg(send_sync)");` to the top of the `build.rs`
    = note: see <https://doc.rust-lang.org/nightly/rustc/check-cfg/cargo-specifics.html> for more information about checking conditional configuration

warning: unexpected `cfg` condition name: `send_sync`
   --> vendor/wgpu-0.20.1/src/lib.rs:154:7
    |
154 | #[cfg(send_sync)]
    |       ^^^^^^^^^
    |
    = help: consider using a Cargo feature instead
    = help: or consider adding in `Cargo.toml` the `check-cfg` lint config for the lint:
             [lints.rust]
             unexpected_cfgs = { level = "warn", check-cfg = ['cfg(send_sync)'] }
    = help: or consider adding `println!("cargo::rustc-check-cfg=cfg(send_sync)");` to the top of the `build.rs`
    = note: see <https://doc.rust-lang.org/nightly/rustc/check-cfg/cargo-specifics.html> for more information about checking conditional configuration

warning: unexpected `cfg` condition name: `send_sync`
   --> vendor/wgpu-0.20.1/src/lib.rs:179:7
    |
179 | #[cfg(send_sync)]
    |       ^^^^^^^^^
    |
    = help: consider using a Cargo feature instead
    = help: or consider adding in `Cargo.toml` the `check-cfg` lint config for the lint:
             [lints.rust]
             unexpected_cfgs = { level = "warn", check-cfg = ['cfg(send_sync)'] }
    = help: or consider adding `println!("cargo::rustc-check-cfg=cfg(send_sync)");` to the top of the `build.rs`
    = note: see <https://doc.rust-lang.org/nightly/rustc/check-cfg/cargo-specifics.html> for more information about checking conditional configuration

warning: unexpected `cfg` condition name: `send_sync`
   --> vendor/wgpu-0.20.1/src/lib.rs:190:7
    |
190 | #[cfg(send_sync)]
    |       ^^^^^^^^^
    |
    = help: consider using a Cargo feature instead
    = help: or consider adding in `Cargo.toml` the `check-cfg` lint config for the lint:
             [lints.rust]
             unexpected_cfgs = { level = "warn", check-cfg = ['cfg(send_sync)'] }
    = help: or consider adding `println!("cargo::rustc-check-cfg=cfg(send_sync)");` to the top of the `build.rs`
    = note: see <https://doc.rust-lang.org/nightly/rustc/check-cfg/cargo-specifics.html> for more information about checking conditional configuration

warning: unexpected `cfg` condition name: `send_sync`
   --> vendor/wgpu-0.20.1/src/lib.rs:411:7
    |
411 | #[cfg(send_sync)]
    |       ^^^^^^^^^
    |
    = help: consider using a Cargo feature instead
    = help: or consider adding in `Cargo.toml` the `check-cfg` lint config for the lint:
             [lints.rust]
             unexpected_cfgs = { level = "warn", check-cfg = ['cfg(send_sync)'] }
    = help: or consider adding `println!("cargo::rustc-check-cfg=cfg(send_sync)");` to the top of the `build.rs`
    = note: see <https://doc.rust-lang.org/nightly/rustc/check-cfg/cargo-specifics.html> for more information about checking conditional configuration

warning: unexpected `cfg` condition name: `send_sync`
   --> vendor/wgpu-0.20.1/src/lib.rs:452:7
    |
452 | #[cfg(send_sync)]
    |       ^^^^^^^^^
    |
    = help: consider using a Cargo feature instead
    = help: or consider adding in `Cargo.toml` the `check-cfg` lint config for the lint:
             [lints.rust]
             unexpected_cfgs = { level = "warn", check-cfg = ['cfg(send_sync)'] }
    = help: or consider adding `println!("cargo::rustc-check-cfg=cfg(send_sync)");` to the top of the `build.rs`
    = note: see <https://doc.rust-lang.org/nightly/rustc/check-cfg/cargo-specifics.html> for more information about checking conditional configuration

warning: unexpected `cfg` condition name: `send_sync`
   --> vendor/wgpu-0.20.1/src/lib.rs:468:7
    |
468 | #[cfg(send_sync)]
    |       ^^^^^^^^^
    |
    = help: consider using a Cargo feature instead
    = help: or consider adding in `Cargo.toml` the `check-cfg` lint config for the lint:
             [lints.rust]
             unexpected_cfgs = { level = "warn", check-cfg = ['cfg(send_sync)'] }
    = help: or consider adding `println!("cargo::rustc-check-cfg=cfg(send_sync)");` to the top of the `build.rs`
    = note: see <https://doc.rust-lang.org/nightly/rustc/check-cfg/cargo-specifics.html> for more information about checking conditional configuration

warning: unexpected `cfg` condition name: `send_sync`
   --> vendor/wgpu-0.20.1/src/lib.rs:483:7
    |
483 | #[cfg(send_sync)]
    |       ^^^^^^^^^
    |
    = help: consider using a Cargo feature instead
    = help: or consider adding in `Cargo.toml` the `check-cfg` lint config for the lint:
             [lints.rust]
             unexpected_cfgs = { level = "warn", check-cfg = ['cfg(send_sync)'] }
    = help: or consider adding `println!("cargo::rustc-check-cfg=cfg(send_sync)");` to the top of the `build.rs`
    = note: see <https://doc.rust-lang.org/nightly/rustc/check-cfg/cargo-specifics.html> for more information about checking conditional configuration

warning: unexpected `cfg` condition name: `send_sync`
   --> vendor/wgpu-0.20.1/src/lib.rs:501:7
    |
501 | #[cfg(send_sync)]
    |       ^^^^^^^^^
    |
    = help: consider using a Cargo feature instead
    = help: or consider adding in `Cargo.toml` the `check-cfg` lint config for the lint:
             [lints.rust]
             unexpected_cfgs = { level = "warn", check-cfg = ['cfg(send_sync)'] }
    = help: or consider adding `println!("cargo::rustc-check-cfg=cfg(send_sync)");` to the top of the `build.rs`
    = note: see <https://doc.rust-lang.org/nightly/rustc/check-cfg/cargo-specifics.html> for more information about checking conditional configuration

warning: unexpected `cfg` condition name: `send_sync`
   --> vendor/wgpu-0.20.1/src/lib.rs:574:7
    |
574 | #[cfg(send_sync)]
    |       ^^^^^^^^^
    |
    = help: consider using a Cargo feature instead
    = help: or consider adding in `Cargo.toml` the `check-cfg` lint config for the lint:
             [lints.rust]
             unexpected_cfgs = { level = "warn", check-cfg = ['cfg(send_sync)'] }
    = help: or consider adding `println!("cargo::rustc-check-cfg=cfg(send_sync)");` to the top of the `build.rs`
    = note: see <https://doc.rust-lang.org/nightly/rustc/check-cfg/cargo-specifics.html> for more information about checking conditional configuration

warning: unexpected `cfg` condition name: `send_sync`
   --> vendor/wgpu-0.20.1/src/lib.rs:746:7
    |
746 | #[cfg(send_sync)]
    |       ^^^^^^^^^
    |
    = help: consider using a Cargo feature instead
    = help: or consider adding in `Cargo.toml` the `check-cfg` lint config for the lint:
             [lints.rust]
             unexpected_cfgs = { level = "warn", check-cfg = ['cfg(send_sync)'] }
    = help: or consider adding `println!("cargo::rustc-check-cfg=cfg(send_sync)");` to the top of the `build.rs`
    = note: see <https://doc.rust-lang.org/nightly/rustc/check-cfg/cargo-specifics.html> for more information about checking conditional configuration

warning: unexpected `cfg` condition name: `send_sync`
   --> vendor/wgpu-0.20.1/src/lib.rs:772:7
    |
772 | #[cfg(send_sync)]
    |       ^^^^^^^^^
    |
    = help: consider using a Cargo feature instead
    = help: or consider adding in `Cargo.toml` the `check-cfg` lint config for the lint:
             [lints.rust]
             unexpected_cfgs = { level = "warn", check-cfg = ['cfg(send_sync)'] }
    = help: or consider adding `println!("cargo::rustc-check-cfg=cfg(send_sync)");` to the top of the `build.rs`
    = note: see <https://doc.rust-lang.org/nightly/rustc/check-cfg/cargo-specifics.html> for more information about checking conditional configuration

warning: unexpected `cfg` condition name: `send_sync`
   --> vendor/wgpu-0.20.1/src/lib.rs:797:7
    |
797 | #[cfg(send_sync)]
    |       ^^^^^^^^^
    |
    = help: consider using a Cargo feature instead
    = help: or consider adding in `Cargo.toml` the `check-cfg` lint config for the lint:
             [lints.rust]
             unexpected_cfgs = { level = "warn", check-cfg = ['cfg(send_sync)'] }
    = help: or consider adding `println!("cargo::rustc-check-cfg=cfg(send_sync)");` to the top of the `build.rs`
    = note: see <https://doc.rust-lang.org/nightly/rustc/check-cfg/cargo-specifics.html> for more information about checking conditional configuration

warning: unexpected `cfg` condition name: `send_sync`
   --> vendor/wgpu-0.20.1/src/lib.rs:891:7
    |
891 | #[cfg(send_sync)]
    |       ^^^^^^^^^
    |
    = help: consider using a Cargo feature instead
    = help: or consider adding in `Cargo.toml` the `check-cfg` lint config for the lint:
             [lints.rust]
             unexpected_cfgs = { level = "warn", check-cfg = ['cfg(send_sync)'] }
    = help: or consider adding `println!("cargo::rustc-check-cfg=cfg(send_sync)");` to the top of the `build.rs`
    = note: see <https://doc.rust-lang.org/nightly/rustc/check-cfg/cargo-specifics.html> for more information about checking conditional configuration

warning: unexpected `cfg` condition name: `send_sync`
   --> vendor/wgpu-0.20.1/src/lib.rs:915:7
    |
915 | #[cfg(send_sync)]
    |       ^^^^^^^^^
    |
    = help: consider using a Cargo feature instead
    = help: or consider adding in `Cargo.toml` the `check-cfg` lint config for the lint:
             [lints.rust]
             unexpected_cfgs = { level = "warn", check-cfg = ['cfg(send_sync)'] }
    = help: or consider adding `println!("cargo::rustc-check-cfg=cfg(send_sync)");` to the top of the `build.rs`
    = note: see <https://doc.rust-lang.org/nightly/rustc/check-cfg/cargo-specifics.html> for more information about checking conditional configuration

warning: unexpected `cfg` condition name: `send_sync`
   --> vendor/wgpu-0.20.1/src/lib.rs:950:7
    |
950 | #[cfg(send_sync)]
    |       ^^^^^^^^^
    |
    = help: consider using a Cargo feature instead
    = help: or consider adding in `Cargo.toml` the `check-cfg` lint config for the lint:
             [lints.rust]
             unexpected_cfgs = { level = "warn", check-cfg = ['cfg(send_sync)'] }
    = help: or consider adding `println!("cargo::rustc-check-cfg=cfg(send_sync)");` to the top of the `build.rs`
    = note: see <https://doc.rust-lang.org/nightly/rustc/check-cfg/cargo-specifics.html> for more information about checking conditional configuration

warning: unexpected `cfg` condition name: `send_sync`
   --> vendor/wgpu-0.20.1/src/lib.rs:988:7
    |
988 | #[cfg(send_sync)]
    |       ^^^^^^^^^
    |
    = help: consider using a Cargo feature instead
    = help: or consider adding in `Cargo.toml` the `check-cfg` lint config for the lint:
             [lints.rust]
             unexpected_cfgs = { level = "warn", check-cfg = ['cfg(send_sync)'] }
    = help: or consider adding `println!("cargo::rustc-check-cfg=cfg(send_sync)");` to the top of the `build.rs`
    = note: see <https://doc.rust-lang.org/nightly/rustc/check-cfg/cargo-specifics.html> for more information about checking conditional configuration

warning: unexpected `cfg` condition name: `send_sync`
    --> vendor/wgpu-0.20.1/src/lib.rs:1017:7
     |
1017 | #[cfg(send_sync)]
     |       ^^^^^^^^^
     |
     = help: consider using a Cargo feature instead
     = help: or consider adding in `Cargo.toml` the `check-cfg` lint config for the lint:
              [lints.rust]
              unexpected_cfgs = { level = "warn", check-cfg = ['cfg(send_sync)'] }
     = help: or consider adding `println!("cargo::rustc-check-cfg=cfg(send_sync)");` to the top of the `build.rs`
     = note: see <https://doc.rust-lang.org/nightly/rustc/check-cfg/cargo-specifics.html> for more information about checking conditional configuration

warning: unexpected `cfg` condition name: `send_sync`
    --> vendor/wgpu-0.20.1/src/lib.rs:1106:7
     |
1106 | #[cfg(send_sync)]
     |       ^^^^^^^^^
     |
     = help: consider using a Cargo feature instead
     = help: or consider adding in `Cargo.toml` the `check-cfg` lint config for the lint:
              [lints.rust]
              unexpected_cfgs = { level = "warn", check-cfg = ['cfg(send_sync)'] }
     = help: or consider adding `println!("cargo::rustc-check-cfg=cfg(send_sync)");` to the top of the `build.rs`
     = note: see <https://doc.rust-lang.org/nightly/rustc/check-cfg/cargo-specifics.html> for more information about checking conditional configuration

warning: unexpected `cfg` condition name: `send_sync`
    --> vendor/wgpu-0.20.1/src/lib.rs:1129:7
     |
1129 | #[cfg(send_sync)]
     |       ^^^^^^^^^
     |
     = help: consider using a Cargo feature instead
     = help: or consider adding in `Cargo.toml` the `check-cfg` lint config for the lint:
              [lints.rust]
              unexpected_cfgs = { level = "warn", check-cfg = ['cfg(send_sync)'] }
     = help: or consider adding `println!("cargo::rustc-check-cfg=cfg(send_sync)");` to the top of the `build.rs`
     = note: see <https://doc.rust-lang.org/nightly/rustc/check-cfg/cargo-specifics.html> for more information about checking conditional configuration

warning: unexpected `cfg` condition name: `send_sync`
    --> vendor/wgpu-0.20.1/src/lib.rs:1130:7
     |
1130 | #[cfg(send_sync)]
     |       ^^^^^^^^^
     |
     = help: consider using a Cargo feature instead
     = help: or consider adding in `Cargo.toml` the `check-cfg` lint config for the lint:
              [lints.rust]
              unexpected_cfgs = { level = "warn", check-cfg = ['cfg(send_sync)'] }
     = help: or consider adding `println!("cargo::rustc-check-cfg=cfg(send_sync)");` to the top of the `build.rs`
     = note: see <https://doc.rust-lang.org/nightly/rustc/check-cfg/cargo-specifics.html> for more information about checking conditional configuration

warning: unexpected `cfg` condition name: `send_sync`
    --> vendor/wgpu-0.20.1/src/lib.rs:1154:7
     |
1154 | #[cfg(send_sync)]
     |       ^^^^^^^^^
     |
     = help: consider using a Cargo feature instead
     = help: or consider adding in `Cargo.toml` the `check-cfg` lint config for the lint:
              [lints.rust]
              unexpected_cfgs = { level = "warn", check-cfg = ['cfg(send_sync)'] }
     = help: or consider adding `println!("cargo::rustc-check-cfg=cfg(send_sync)");` to the top of the `build.rs`
     = note: see <https://doc.rust-lang.org/nightly/rustc/check-cfg/cargo-specifics.html> for more information about checking conditional configuration

warning: unexpected `cfg` condition name: `send_sync`
    --> vendor/wgpu-0.20.1/src/lib.rs:1208:7
     |
1208 | #[cfg(send_sync)]
     |       ^^^^^^^^^
     |
     = help: consider using a Cargo feature instead
     = help: or consider adding in `Cargo.toml` the `check-cfg` lint config for the lint:
              [lints.rust]
              unexpected_cfgs = { level = "warn", check-cfg = ['cfg(send_sync)'] }
     = help: or consider adding `println!("cargo::rustc-check-cfg=cfg(send_sync)");` to the top of the `build.rs`
     = note: see <https://doc.rust-lang.org/nightly/rustc/check-cfg/cargo-specifics.html> for more information about checking conditional configuration

warning: unexpected `cfg` condition name: `send_sync`
    --> vendor/wgpu-0.20.1/src/lib.rs:1240:7
     |
1240 | #[cfg(send_sync)]
     |       ^^^^^^^^^
     |
     = help: consider using a Cargo feature instead
     = help: or consider adding in `Cargo.toml` the `check-cfg` lint config for the lint:
              [lints.rust]
              unexpected_cfgs = { level = "warn", check-cfg = ['cfg(send_sync)'] }
     = help: or consider adding `println!("cargo::rustc-check-cfg=cfg(send_sync)");` to the top of the `build.rs`
     = note: see <https://doc.rust-lang.org/nightly/rustc/check-cfg/cargo-specifics.html> for more information about checking conditional configuration

warning: unexpected `cfg` condition name: `send_sync`
    --> vendor/wgpu-0.20.1/src/lib.rs:1334:7
     |
1334 | #[cfg(send_sync)]
     |       ^^^^^^^^^
     |
     = help: consider using a Cargo feature instead
     = help: or consider adding in `Cargo.toml` the `check-cfg` lint config for the lint:
              [lints.rust]
              unexpected_cfgs = { level = "warn", check-cfg = ['cfg(send_sync)'] }
     = help: or consider adding `println!("cargo::rustc-check-cfg=cfg(send_sync)");` to the top of the `build.rs`
     = note: see <https://doc.rust-lang.org/nightly/rustc/check-cfg/cargo-specifics.html> for more information about checking conditional configuration

warning: unexpected `cfg` condition name: `send_sync`
    --> vendor/wgpu-0.20.1/src/lib.rs:1354:7
     |
1354 | #[cfg(send_sync)]
     |       ^^^^^^^^^
     |
     = help: consider using a Cargo feature instead
     = help: or consider adding in `Cargo.toml` the `check-cfg` lint config for the lint:
              [lints.rust]
              unexpected_cfgs = { level = "warn", check-cfg = ['cfg(send_sync)'] }
     = help: or consider adding `println!("cargo::rustc-check-cfg=cfg(send_sync)");` to the top of the `build.rs`
     = note: see <https://doc.rust-lang.org/nightly/rustc/check-cfg/cargo-specifics.html> for more information about checking conditional configuration

warning: unexpected `cfg` condition name: `send_sync`
    --> vendor/wgpu-0.20.1/src/lib.rs:1372:7
     |
1372 | #[cfg(send_sync)]
     |       ^^^^^^^^^
     |
     = help: consider using a Cargo feature instead
     = help: or consider adding in `Cargo.toml` the `check-cfg` lint config for the lint:
              [lints.rust]
              unexpected_cfgs = { level = "warn", check-cfg = ['cfg(send_sync)'] }
     = help: or consider adding `println!("cargo::rustc-check-cfg=cfg(send_sync)");` to the top of the `build.rs`
     = note: see <https://doc.rust-lang.org/nightly/rustc/check-cfg/cargo-specifics.html> for more information about checking conditional configuration

warning: unexpected `cfg` condition name: `send_sync`
    --> vendor/wgpu-0.20.1/src/lib.rs:1387:7
     |
1387 | #[cfg(send_sync)]
     |       ^^^^^^^^^
     |
     = help: consider using a Cargo feature instead
     = help: or consider adding in `Cargo.toml` the `check-cfg` lint config for the lint:
              [lints.rust]
              unexpected_cfgs = { level = "warn", check-cfg = ['cfg(send_sync)'] }
     = help: or consider adding `println!("cargo::rustc-check-cfg=cfg(send_sync)");` to the top of the `build.rs`
     = note: see <https://doc.rust-lang.org/nightly/rustc/check-cfg/cargo-specifics.html> for more information about checking conditional configuration

warning: unexpected `cfg` condition name: `send_sync`
    --> vendor/wgpu-0.20.1/src/lib.rs:1440:7
     |
1440 | #[cfg(send_sync)]
     |       ^^^^^^^^^
     |
     = help: consider using a Cargo feature instead
     = help: or consider adding in `Cargo.toml` the `check-cfg` lint config for the lint:
              [lints.rust]
              unexpected_cfgs = { level = "warn", check-cfg = ['cfg(send_sync)'] }
     = help: or consider adding `println!("cargo::rustc-check-cfg=cfg(send_sync)");` to the top of the `build.rs`
     = note: see <https://doc.rust-lang.org/nightly/rustc/check-cfg/cargo-specifics.html> for more information about checking conditional configuration

warning: unexpected `cfg` condition name: `send_sync`
    --> vendor/wgpu-0.20.1/src/lib.rs:1496:7
     |
1496 | #[cfg(send_sync)]
     |       ^^^^^^^^^
     |
     = help: consider using a Cargo feature instead
     = help: or consider adding in `Cargo.toml` the `check-cfg` lint config for the lint:
              [lints.rust]
              unexpected_cfgs = { level = "warn", check-cfg = ['cfg(send_sync)'] }
     = help: or consider adding `println!("cargo::rustc-check-cfg=cfg(send_sync)");` to the top of the `build.rs`
     = note: see <https://doc.rust-lang.org/nightly/rustc/check-cfg/cargo-specifics.html> for more information about checking conditional configuration

warning: unexpected `cfg` condition name: `send_sync`
    --> vendor/wgpu-0.20.1/src/lib.rs:1566:7
     |
1566 | #[cfg(send_sync)]
     |       ^^^^^^^^^
     |
     = help: consider using a Cargo feature instead
     = help: or consider adding in `Cargo.toml` the `check-cfg` lint config for the lint:
              [lints.rust]
              unexpected_cfgs = { level = "warn", check-cfg = ['cfg(send_sync)'] }
     = help: or consider adding `println!("cargo::rustc-check-cfg=cfg(send_sync)");` to the top of the `build.rs`
     = note: see <https://doc.rust-lang.org/nightly/rustc/check-cfg/cargo-specifics.html> for more information about checking conditional configuration

warning: unexpected `cfg` condition name: `send_sync`
    --> vendor/wgpu-0.20.1/src/lib.rs:1584:7
     |
1584 | #[cfg(send_sync)]
     |       ^^^^^^^^^
     |
     = help: consider using a Cargo feature instead
     = help: or consider adding in `Cargo.toml` the `check-cfg` lint config for the lint:
              [lints.rust]
              unexpected_cfgs = { level = "warn", check-cfg = ['cfg(send_sync)'] }
     = help: or consider adding `println!("cargo::rustc-check-cfg=cfg(send_sync)");` to the top of the `build.rs`
     = note: see <https://doc.rust-lang.org/nightly/rustc/check-cfg/cargo-specifics.html> for more information about checking conditional configuration

warning: unexpected `cfg` condition name: `send_sync`
    --> vendor/wgpu-0.20.1/src/lib.rs:1611:7
     |
1611 | #[cfg(send_sync)]
     |       ^^^^^^^^^
     |
     = help: consider using a Cargo feature instead
     = help: or consider adding in `Cargo.toml` the `check-cfg` lint config for the lint:
              [lints.rust]
              unexpected_cfgs = { level = "warn", check-cfg = ['cfg(send_sync)'] }
     = help: or consider adding `println!("cargo::rustc-check-cfg=cfg(send_sync)");` to the top of the `build.rs`
     = note: see <https://doc.rust-lang.org/nightly/rustc/check-cfg/cargo-specifics.html> for more information about checking conditional configuration

warning: unexpected `cfg` condition name: `send_sync`
    --> vendor/wgpu-0.20.1/src/lib.rs:1651:7
     |
1651 | #[cfg(send_sync)]
     |       ^^^^^^^^^
     |
     = help: consider using a Cargo feature instead
     = help: or consider adding in `Cargo.toml` the `check-cfg` lint config for the lint:
              [lints.rust]
              unexpected_cfgs = { level = "warn", check-cfg = ['cfg(send_sync)'] }
     = help: or consider adding `println!("cargo::rustc-check-cfg=cfg(send_sync)");` to the top of the `build.rs`
     = note: see <https://doc.rust-lang.org/nightly/rustc/check-cfg/cargo-specifics.html> for more information about checking conditional configuration

warning: unexpected `cfg` condition name: `send_sync`
    --> vendor/wgpu-0.20.1/src/lib.rs:1674:7
     |
1674 | #[cfg(send_sync)]
     |       ^^^^^^^^^
     |
     = help: consider using a Cargo feature instead
     = help: or consider adding in `Cargo.toml` the `check-cfg` lint config for the lint:
              [lints.rust]
              unexpected_cfgs = { level = "warn", check-cfg = ['cfg(send_sync)'] }
     = help: or consider adding `println!("cargo::rustc-check-cfg=cfg(send_sync)");` to the top of the `build.rs`
     = note: see <https://doc.rust-lang.org/nightly/rustc/check-cfg/cargo-specifics.html> for more information about checking conditional configuration

warning: unexpected `cfg` condition name: `send_sync`
    --> vendor/wgpu-0.20.1/src/lib.rs:1703:7
     |
1703 | #[cfg(send_sync)]
     |       ^^^^^^^^^
     |
     = help: consider using a Cargo feature instead
     = help: or consider adding in `Cargo.toml` the `check-cfg` lint config for the lint:
              [lints.rust]
              unexpected_cfgs = { level = "warn", check-cfg = ['cfg(send_sync)'] }
     = help: or consider adding `println!("cargo::rustc-check-cfg=cfg(send_sync)");` to the top of the `build.rs`
     = note: see <https://doc.rust-lang.org/nightly/rustc/check-cfg/cargo-specifics.html> for more information about checking conditional configuration

warning: unexpected `cfg` condition name: `send_sync`
    --> vendor/wgpu-0.20.1/src/lib.rs:1722:7
     |
1722 | #[cfg(send_sync)]
     |       ^^^^^^^^^
     |
     = help: consider using a Cargo feature instead
     = help: or consider adding in `Cargo.toml` the `check-cfg` lint config for the lint:
              [lints.rust]
              unexpected_cfgs = { level = "warn", check-cfg = ['cfg(send_sync)'] }
     = help: or consider adding `println!("cargo::rustc-check-cfg=cfg(send_sync)");` to the top of the `build.rs`
     = note: see <https://doc.rust-lang.org/nightly/rustc/check-cfg/cargo-specifics.html> for more information about checking conditional configuration

warning: unexpected `cfg` condition name: `send_sync`
    --> vendor/wgpu-0.20.1/src/lib.rs:1740:7
     |
1740 | #[cfg(send_sync)]
     |       ^^^^^^^^^
     |
     = help: consider using a Cargo feature instead
     = help: or consider adding in `Cargo.toml` the `check-cfg` lint config for the lint:
              [lints.rust]
              unexpected_cfgs = { level = "warn", check-cfg = ['cfg(send_sync)'] }
     = help: or consider adding `println!("cargo::rustc-check-cfg=cfg(send_sync)");` to the top of the `build.rs`
     = note: see <https://doc.rust-lang.org/nightly/rustc/check-cfg/cargo-specifics.html> for more information about checking conditional configuration

warning: unexpected `cfg` condition name: `send_sync`
    --> vendor/wgpu-0.20.1/src/lib.rs:1800:7
     |
1800 | #[cfg(send_sync)]
     |       ^^^^^^^^^
     |
     = help: consider using a Cargo feature instead
     = help: or consider adding in `Cargo.toml` the `check-cfg` lint config for the lint:
              [lints.rust]
              unexpected_cfgs = { level = "warn", check-cfg = ['cfg(send_sync)'] }
     = help: or consider adding `println!("cargo::rustc-check-cfg=cfg(send_sync)");` to the top of the `build.rs`
     = note: see <https://doc.rust-lang.org/nightly/rustc/check-cfg/cargo-specifics.html> for more information about checking conditional configuration

warning: unexpected `cfg` condition name: `send_sync`
    --> vendor/wgpu-0.20.1/src/lib.rs:1809:7
     |
1809 | #[cfg(send_sync)]
     |       ^^^^^^^^^
     |
     = help: consider using a Cargo feature instead
     = help: or consider adding in `Cargo.toml` the `check-cfg` lint config for the lint:
              [lints.rust]
              unexpected_cfgs = { level = "warn", check-cfg = ['cfg(send_sync)'] }
     = help: or consider adding `println!("cargo::rustc-check-cfg=cfg(send_sync)");` to the top of the `build.rs`
     = note: see <https://doc.rust-lang.org/nightly/rustc/check-cfg/cargo-specifics.html> for more information about checking conditional configuration

warning: unexpected `cfg` condition name: `send_sync`
    --> vendor/wgpu-0.20.1/src/lib.rs:1818:7
     |
1818 | #[cfg(send_sync)]
     |       ^^^^^^^^^
     |
     = help: consider using a Cargo feature instead
     = help: or consider adding in `Cargo.toml` the `check-cfg` lint config for the lint:
              [lints.rust]
              unexpected_cfgs = { level = "warn", check-cfg = ['cfg(send_sync)'] }
     = help: or consider adding `println!("cargo::rustc-check-cfg=cfg(send_sync)");` to the top of the `build.rs`
     = note: see <https://doc.rust-lang.org/nightly/rustc/check-cfg/cargo-specifics.html> for more information about checking conditional configuration

warning: unexpected `cfg` condition name: `send_sync`
    --> vendor/wgpu-0.20.1/src/lib.rs:1828:7
     |
1828 | #[cfg(send_sync)]
     |       ^^^^^^^^^
     |
     = help: consider using a Cargo feature instead
     = help: or consider adding in `Cargo.toml` the `check-cfg` lint config for the lint:
              [lints.rust]
              unexpected_cfgs = { level = "warn", check-cfg = ['cfg(send_sync)'] }
     = help: or consider adding `println!("cargo::rustc-check-cfg=cfg(send_sync)");` to the top of the `build.rs`
     = note: see <https://doc.rust-lang.org/nightly/rustc/check-cfg/cargo-specifics.html> for more information about checking conditional configuration

warning: unexpected `cfg` condition name: `send_sync`
    --> vendor/wgpu-0.20.1/src/lib.rs:1887:7
     |
1887 | #[cfg(send_sync)]
     |       ^^^^^^^^^
     |
     = help: consider using a Cargo feature instead
     = help: or consider adding in `Cargo.toml` the `check-cfg` lint config for the lint:
              [lints.rust]
              unexpected_cfgs = { level = "warn", check-cfg = ['cfg(send_sync)'] }
     = help: or consider adding `println!("cargo::rustc-check-cfg=cfg(send_sync)");` to the top of the `build.rs`
     = note: see <https://doc.rust-lang.org/nightly/rustc/check-cfg/cargo-specifics.html> for more information about checking conditional configuration

warning: unexpected `cfg` condition name: `send_sync`
    --> vendor/wgpu-0.20.1/src/lib.rs:2979:7
     |
2979 | #[cfg(send_sync)]
     |       ^^^^^^^^^
     |
     = help: consider using a Cargo feature instead
     = help: or consider adding in `Cargo.toml` the `check-cfg` lint config for the lint:
              [lints.rust]
              unexpected_cfgs = { level = "warn", check-cfg = ['cfg(send_sync)'] }
     = help: or consider adding `println!("cargo::rustc-check-cfg=cfg(send_sync)");` to the top of the `build.rs`
     = note: see <https://doc.rust-lang.org/nightly/rustc/check-cfg/cargo-specifics.html> for more information about checking conditional configuration

warning: unexpected `cfg` condition name: `send_sync`
    --> vendor/wgpu-0.20.1/src/lib.rs:2981:7
     |
2981 | #[cfg(send_sync)]
     |       ^^^^^^^^^
     |
     = help: consider using a Cargo feature instead
     = help: or consider adding in `Cargo.toml` the `check-cfg` lint config for the lint:
              [lints.rust]
              unexpected_cfgs = { level = "warn", check-cfg = ['cfg(send_sync)'] }
     = help: or consider adding `println!("cargo::rustc-check-cfg=cfg(send_sync)");` to the top of the `build.rs`
     = note: see <https://doc.rust-lang.org/nightly/rustc/check-cfg/cargo-specifics.html> for more information about checking conditional configuration

warning: unexpected `cfg` condition name: `send_sync`
    --> vendor/wgpu-0.20.1/src/lib.rs:2984:7
     |
2984 | #[cfg(send_sync)]
     |       ^^^^^^^^^
     |
     = help: consider using a Cargo feature instead
     = help: or consider adding in `Cargo.toml` the `check-cfg` lint config for the lint:
              [lints.rust]
              unexpected_cfgs = { level = "warn", check-cfg = ['cfg(send_sync)'] }
     = help: or consider adding `println!("cargo::rustc-check-cfg=cfg(send_sync)");` to the top of the `build.rs`
     = note: see <https://doc.rust-lang.org/nightly/rustc/check-cfg/cargo-specifics.html> for more information about checking conditional configuration

warning: unexpected `cfg` condition name: `wgpu_core`
    --> vendor/wgpu-0.20.1/src/lib.rs:3016:7
     |
3016 | #[cfg(wgpu_core)]
     |       ^^^^^^^^^
     |
     = help: consider using a Cargo feature instead
     = help: or consider adding in `Cargo.toml` the `check-cfg` lint config for the lint:
              [lints.rust]
              unexpected_cfgs = { level = "warn", check-cfg = ['cfg(wgpu_core)'] }
     = help: or consider adding `println!("cargo::rustc-check-cfg=cfg(wgpu_core)");` to the top of the `build.rs`
     = note: see <https://doc.rust-lang.org/nightly/rustc/check-cfg/cargo-specifics.html> for more information about checking conditional configuration

warning: unexpected `cfg` condition name: `wgpu_core`
    --> vendor/wgpu-0.20.1/src/lib.rs:3069:7
     |
3069 | #[cfg(wgpu_core)]
     |       ^^^^^^^^^
     |
     = help: consider using a Cargo feature instead
     = help: or consider adding in `Cargo.toml` the `check-cfg` lint config for the lint:
              [lints.rust]
              unexpected_cfgs = { level = "warn", check-cfg = ['cfg(wgpu_core)'] }
     = help: or consider adding `println!("cargo::rustc-check-cfg=cfg(wgpu_core)");` to the top of the `build.rs`
     = note: see <https://doc.rust-lang.org/nightly/rustc/check-cfg/cargo-specifics.html> for more information about checking conditional configuration

warning: unexpected `cfg` condition name: `send_sync`
    --> vendor/wgpu-0.20.1/src/lib.rs:4814:7
     |
4814 | #[cfg(send_sync)]
     |       ^^^^^^^^^
     |
     = help: consider using a Cargo feature instead
     = help: or consider adding in `Cargo.toml` the `check-cfg` lint config for the lint:
              [lints.rust]
              unexpected_cfgs = { level = "warn", check-cfg = ['cfg(send_sync)'] }
     = help: or consider adding `println!("cargo::rustc-check-cfg=cfg(send_sync)");` to the top of the `build.rs`
     = note: see <https://doc.rust-lang.org/nightly/rustc/check-cfg/cargo-specifics.html> for more information about checking conditional configuration

warning: unexpected `cfg` condition name: `send_sync`
    --> vendor/wgpu-0.20.1/src/lib.rs:5486:7
     |
5486 | #[cfg(send_sync)]
     |       ^^^^^^^^^
     |
     = help: consider using a Cargo feature instead
     = help: or consider adding in `Cargo.toml` the `check-cfg` lint config for the lint:
              [lints.rust]
              unexpected_cfgs = { level = "warn", check-cfg = ['cfg(send_sync)'] }
     = help: or consider adding `println!("cargo::rustc-check-cfg=cfg(send_sync)");` to the top of the `build.rs`
     = note: see <https://doc.rust-lang.org/nightly/rustc/check-cfg/cargo-specifics.html> for more information about checking conditional configuration

warning: unexpected `cfg` condition name: `wgpu_core`
    --> vendor/wgpu-0.20.1/src/lib.rs:2969:11
     |
2969 |     #[cfg(wgpu_core)]
     |           ^^^^^^^^^
     |
     = help: consider using a Cargo feature instead
     = help: or consider adding in `Cargo.toml` the `check-cfg` lint config for the lint:
              [lints.rust]
              unexpected_cfgs = { level = "warn", check-cfg = ['cfg(wgpu_core)'] }
     = help: or consider adding `println!("cargo::rustc-check-cfg=cfg(wgpu_core)");` to the top of the `build.rs`
     = note: see <https://doc.rust-lang.org/nightly/rustc/check-cfg/cargo-specifics.html> for more information about checking conditional configuration

warning: unexpected `cfg` condition name: `webgpu`
    --> vendor/wgpu-0.20.1/src/lib.rs:2975:11
     |
2975 |     #[cfg(webgpu)]
     |           ^^^^^^ help: found config with similar value: `feature = "webgpu"`
     |
     = help: consider using a Cargo feature instead
     = help: or consider adding in `Cargo.toml` the `check-cfg` lint config for the lint:
              [lints.rust]
              unexpected_cfgs = { level = "warn", check-cfg = ['cfg(webgpu)'] }
     = help: or consider adding `println!("cargo::rustc-check-cfg=cfg(webgpu)");` to the top of the `build.rs`
     = note: see <https://doc.rust-lang.org/nightly/rustc/check-cfg/cargo-specifics.html> for more information about checking conditional configuration

warning: unexpected `cfg` condition name: `wgpu_core`
    --> vendor/wgpu-0.20.1/src/lib.rs:3034:11
     |
3034 |     #[cfg(wgpu_core)]
     |           ^^^^^^^^^
     |
     = help: consider using a Cargo feature instead
     = help: or consider adding in `Cargo.toml` the `check-cfg` lint config for the lint:
              [lints.rust]
              unexpected_cfgs = { level = "warn", check-cfg = ['cfg(wgpu_core)'] }
     = help: or consider adding `println!("cargo::rustc-check-cfg=cfg(wgpu_core)");` to the top of the `build.rs`
     = note: see <https://doc.rust-lang.org/nightly/rustc/check-cfg/cargo-specifics.html> for more information about checking conditional configuration

warning: unexpected `cfg` condition name: `send_sync`
    --> vendor/wgpu-0.20.1/src/lib.rs:5449:15
     |
5449 |         #[cfg(send_sync)]
     |               ^^^^^^^^^
     |
     = help: consider using a Cargo feature instead
     = help: or consider adding in `Cargo.toml` the `check-cfg` lint config for the lint:
              [lints.rust]
              unexpected_cfgs = { level = "warn", check-cfg = ['cfg(send_sync)'] }
     = help: or consider adding `println!("cargo::rustc-check-cfg=cfg(send_sync)");` to the top of the `build.rs`
     = note: see <https://doc.rust-lang.org/nightly/rustc/check-cfg/cargo-specifics.html> for more information about checking conditional configuration

warning: unexpected `cfg` condition name: `send_sync`
    --> vendor/wgpu-0.20.1/src/lib.rs:5453:19
     |
5453 |         #[cfg(not(send_sync))]
     |                   ^^^^^^^^^
     |
     = help: consider using a Cargo feature instead
     = help: or consider adding in `Cargo.toml` the `check-cfg` lint config for the lint:
              [lints.rust]
              unexpected_cfgs = { level = "warn", check-cfg = ['cfg(send_sync)'] }
     = help: or consider adding `println!("cargo::rustc-check-cfg=cfg(send_sync)");` to the top of the `build.rs`
     = note: see <https://doc.rust-lang.org/nightly/rustc/check-cfg/cargo-specifics.html> for more information about checking conditional configuration

warning: unexpected `cfg` condition name: `send_sync`
    --> vendor/wgpu-0.20.1/src/lib.rs:5460:15
     |
5460 |         #[cfg(send_sync)]
     |               ^^^^^^^^^
     |
     = help: consider using a Cargo feature instead
     = help: or consider adding in `Cargo.toml` the `check-cfg` lint config for the lint:
              [lints.rust]
              unexpected_cfgs = { level = "warn", check-cfg = ['cfg(send_sync)'] }
     = help: or consider adding `println!("cargo::rustc-check-cfg=cfg(send_sync)");` to the top of the `build.rs`
     = note: see <https://doc.rust-lang.org/nightly/rustc/check-cfg/cargo-specifics.html> for more information about checking conditional configuration

warning: unexpected `cfg` condition name: `send_sync`
    --> vendor/wgpu-0.20.1/src/lib.rs:5464:19
     |
5464 |         #[cfg(not(send_sync))]
     |                   ^^^^^^^^^
     |
     = help: consider using a Cargo feature instead
     = help: or consider adding in `Cargo.toml` the `check-cfg` lint config for the lint:
              [lints.rust]
              unexpected_cfgs = { level = "warn", check-cfg = ['cfg(send_sync)'] }
     = help: or consider adding `println!("cargo::rustc-check-cfg=cfg(send_sync)");` to the top of the `build.rs`
     = note: see <https://doc.rust-lang.org/nightly/rustc/check-cfg/cargo-specifics.html> for more information about checking conditional configuration

warning: unexpected `cfg` condition name: `send_sync`
    --> vendor/wgpu-0.20.1/src/lib.rs:5475:15
     |
5475 |         #[cfg(send_sync)]
     |               ^^^^^^^^^
     |
     = help: consider using a Cargo feature instead
     = help: or consider adding in `Cargo.toml` the `check-cfg` lint config for the lint:
              [lints.rust]
              unexpected_cfgs = { level = "warn", check-cfg = ['cfg(send_sync)'] }
     = help: or consider adding `println!("cargo::rustc-check-cfg=cfg(send_sync)");` to the top of the `build.rs`
     = note: see <https://doc.rust-lang.org/nightly/rustc/check-cfg/cargo-specifics.html> for more information about checking conditional configuration

warning: unexpected `cfg` condition name: `send_sync`
    --> vendor/wgpu-0.20.1/src/lib.rs:5479:19
     |
5479 |         #[cfg(not(send_sync))]
     |                   ^^^^^^^^^
     |
     = help: consider using a Cargo feature instead
     = help: or consider adding in `Cargo.toml` the `check-cfg` lint config for the lint:
              [lints.rust]
              unexpected_cfgs = { level = "warn", check-cfg = ['cfg(send_sync)'] }
     = help: or consider adding `println!("cargo::rustc-check-cfg=cfg(send_sync)");` to the top of the `build.rs`
     = note: see <https://doc.rust-lang.org/nightly/rustc/check-cfg/cargo-specifics.html> for more information about checking conditional configuration

warning: unexpected `cfg` condition name: `webgpu`
 --> vendor/wgpu-0.20.1/src/backend/mod.rs:1:7
  |
1 | #[cfg(webgpu)]
  |       ^^^^^^ help: found config with similar value: `feature = "webgpu"`
  |
  = help: consider using a Cargo feature instead
  = help: or consider adding in `Cargo.toml` the `check-cfg` lint config for the lint:
           [lints.rust]
           unexpected_cfgs = { level = "warn", check-cfg = ['cfg(webgpu)'] }
  = help: or consider adding `println!("cargo::rustc-check-cfg=cfg(webgpu)");` to the top of the `build.rs`
  = note: see <https://doc.rust-lang.org/nightly/rustc/check-cfg/cargo-specifics.html> for more information about checking conditional configuration

warning: unexpected `cfg` condition name: `webgpu`
 --> vendor/wgpu-0.20.1/src/backend/mod.rs:3:7
  |
3 | #[cfg(webgpu)]
  |       ^^^^^^ help: found config with similar value: `feature = "webgpu"`
  |
  = help: consider using a Cargo feature instead
  = help: or consider adding in `Cargo.toml` the `check-cfg` lint config for the lint:
           [lints.rust]
           unexpected_cfgs = { level = "warn", check-cfg = ['cfg(webgpu)'] }
  = help: or consider adding `println!("cargo::rustc-check-cfg=cfg(webgpu)");` to the top of the `build.rs`
  = note: see <https://doc.rust-lang.org/nightly/rustc/check-cfg/cargo-specifics.html> for more information about checking conditional configuration

warning: unexpected `cfg` condition name: `wgpu_core`
 --> vendor/wgpu-0.20.1/src/backend/mod.rs:6:7
  |
6 | #[cfg(wgpu_core)]
  |       ^^^^^^^^^
  |
  = help: consider using a Cargo feature instead
  = help: or consider adding in `Cargo.toml` the `check-cfg` lint config for the lint:
           [lints.rust]
           unexpected_cfgs = { level = "warn", check-cfg = ['cfg(wgpu_core)'] }
  = help: or consider adding `println!("cargo::rustc-check-cfg=cfg(wgpu_core)");` to the top of the `build.rs`
  = note: see <https://doc.rust-lang.org/nightly/rustc/check-cfg/cargo-specifics.html> for more information about checking conditional configuration

warning: unexpected `cfg` condition name: `wgpu_core`
 --> vendor/wgpu-0.20.1/src/backend/mod.rs:9:7
  |
9 | #[cfg(wgpu_core)]
  |       ^^^^^^^^^
  |
  = help: consider using a Cargo feature instead
  = help: or consider adding in `Cargo.toml` the `check-cfg` lint config for the lint:
           [lints.rust]
           unexpected_cfgs = { level = "warn", check-cfg = ['cfg(wgpu_core)'] }
  = help: or consider adding `println!("cargo::rustc-check-cfg=cfg(wgpu_core)");` to the top of the `build.rs`
  = note: see <https://doc.rust-lang.org/nightly/rustc/check-cfg/cargo-specifics.html> for more information about checking conditional configuration

warning: unexpected `cfg` condition name: `send_sync`
    --> vendor/wgpu-0.20.1/src/backend/wgpu_core.rs:3027:7
     |
3027 | #[cfg(send_sync)]
     |       ^^^^^^^^^
     |
     = help: consider using a Cargo feature instead
     = help: or consider adding in `Cargo.toml` the `check-cfg` lint config for the lint:
              [lints.rust]
              unexpected_cfgs = { level = "warn", check-cfg = ['cfg(send_sync)'] }
     = help: or consider adding `println!("cargo::rustc-check-cfg=cfg(send_sync)");` to the top of the `build.rs`
     = note: see <https://doc.rust-lang.org/nightly/rustc/check-cfg/cargo-specifics.html> for more information about checking conditional configuration

warning: unexpected `cfg` condition name: `send_sync`
    --> vendor/wgpu-0.20.1/src/backend/wgpu_core.rs:3029:7
     |
3029 | #[cfg(send_sync)]
     |       ^^^^^^^^^
     |
     = help: consider using a Cargo feature instead
     = help: or consider adding in `Cargo.toml` the `check-cfg` lint config for the lint:
              [lints.rust]
              unexpected_cfgs = { level = "warn", check-cfg = ['cfg(send_sync)'] }
     = help: or consider adding `println!("cargo::rustc-check-cfg=cfg(send_sync)");` to the top of the `build.rs`
     = note: see <https://doc.rust-lang.org/nightly/rustc/check-cfg/cargo-specifics.html> for more information about checking conditional configuration

warning: unexpected `cfg` condition name: `native`
    --> vendor/wgpu-0.20.1/src/backend/wgpu_core.rs:1406:24
     |
1406 |     #[cfg_attr(not(any(native, Emscripten)), allow(unused))]
     |                        ^^^^^^
     |
     = help: consider using a Cargo feature instead
     = help: or consider adding in `Cargo.toml` the `check-cfg` lint config for the lint:
              [lints.rust]
              unexpected_cfgs = { level = "warn", check-cfg = ['cfg(native)'] }
     = help: or consider adding `println!("cargo::rustc-check-cfg=cfg(native)");` to the top of the `build.rs`
     = note: see <https://doc.rust-lang.org/nightly/rustc/check-cfg/cargo-specifics.html> for more information about checking conditional configuration

warning: unexpected `cfg` condition name: `Emscripten`
    --> vendor/wgpu-0.20.1/src/backend/wgpu_core.rs:1406:32
     |
1406 |     #[cfg_attr(not(any(native, Emscripten)), allow(unused))]
     |                                ^^^^^^^^^^
     |
     = help: consider using a Cargo feature instead
     = help: or consider adding in `Cargo.toml` the `check-cfg` lint config for the lint:
              [lints.rust]
              unexpected_cfgs = { level = "warn", check-cfg = ['cfg(Emscripten)'] }
     = help: or consider adding `println!("cargo::rustc-check-cfg=cfg(Emscripten)");` to the top of the `build.rs`
     = note: see <https://doc.rust-lang.org/nightly/rustc/check-cfg/cargo-specifics.html> for more information about checking conditional configuration

warning: unexpected `cfg` condition name: `webgpu`
    --> vendor/wgpu-0.20.1/src/backend/wgpu_core.rs:2226:15
     |
2226 |     #[cfg(any(webgpu, webgl))]
     |               ^^^^^^ help: found config with similar value: `feature = "webgpu"`
     |
     = help: consider using a Cargo feature instead
     = help: or consider adding in `Cargo.toml` the `check-cfg` lint config for the lint:
              [lints.rust]
              unexpected_cfgs = { level = "warn", check-cfg = ['cfg(webgpu)'] }
     = help: or consider adding `println!("cargo::rustc-check-cfg=cfg(webgpu)");` to the top of the `build.rs`
     = note: see <https://doc.rust-lang.org/nightly/rustc/check-cfg/cargo-specifics.html> for more information about checking conditional configuration

warning: unexpected `cfg` condition name: `webgl`
    --> vendor/wgpu-0.20.1/src/backend/wgpu_core.rs:2226:23
     |
2226 |     #[cfg(any(webgpu, webgl))]
     |                       ^^^^^ help: found config with similar value: `feature = "webgl"`
     |
     = help: consider using a Cargo feature instead
     = help: or consider adding in `Cargo.toml` the `check-cfg` lint config for the lint:
              [lints.rust]
              unexpected_cfgs = { level = "warn", check-cfg = ['cfg(webgl)'] }
     = help: or consider adding `println!("cargo::rustc-check-cfg=cfg(webgl)");` to the top of the `build.rs`
     = note: see <https://doc.rust-lang.org/nightly/rustc/check-cfg/cargo-specifics.html> for more information about checking conditional configuration

warning: unexpected `cfg` condition name: `metal`
   --> vendor/wgpu-0.20.1/src/backend/wgpu_core.rs:560:19
    |
560 |             #[cfg(metal)]
    |                   ^^^^^ help: found config with similar value: `feature = "metal"`
    |
    = help: consider using a Cargo feature instead
    = help: or consider adding in `Cargo.toml` the `check-cfg` lint config for the lint:
             [lints.rust]
             unexpected_cfgs = { level = "warn", check-cfg = ['cfg(metal)'] }
    = help: or consider adding `println!("cargo::rustc-check-cfg=cfg(metal)");` to the top of the `build.rs`
    = note: see <https://doc.rust-lang.org/nightly/rustc/check-cfg/cargo-specifics.html> for more information about checking conditional configuration

warning: unexpected `cfg` condition name: `dx12`
   --> vendor/wgpu-0.20.1/src/backend/wgpu_core.rs:565:19
    |
565 |             #[cfg(dx12)]
    |                   ^^^^ help: found config with similar value: `feature = "dx12"`
    |
    = help: consider using a Cargo feature instead
    = help: or consider adding in `Cargo.toml` the `check-cfg` lint config for the lint:
             [lints.rust]
             unexpected_cfgs = { level = "warn", check-cfg = ['cfg(dx12)'] }
    = help: or consider adding `println!("cargo::rustc-check-cfg=cfg(dx12)");` to the top of the `build.rs`
    = note: see <https://doc.rust-lang.org/nightly/rustc/check-cfg/cargo-specifics.html> for more information about checking conditional configuration

warning: unexpected `cfg` condition name: `dx12`
   --> vendor/wgpu-0.20.1/src/backend/wgpu_core.rs:570:19
    |
570 |             #[cfg(dx12)]
    |                   ^^^^ help: found config with similar value: `feature = "dx12"`
    |
    = help: consider using a Cargo feature instead
    = help: or consider adding in `Cargo.toml` the `check-cfg` lint config for the lint:
             [lints.rust]
             unexpected_cfgs = { level = "warn", check-cfg = ['cfg(dx12)'] }
    = help: or consider adding `println!("cargo::rustc-check-cfg=cfg(dx12)");` to the top of the `build.rs`
    = note: see <https://doc.rust-lang.org/nightly/rustc/check-cfg/cargo-specifics.html> for more information about checking conditional configuration

warning: unexpected `cfg` condition name: `dx12`
   --> vendor/wgpu-0.20.1/src/backend/wgpu_core.rs:576:19
    |
576 |             #[cfg(dx12)]
    |                   ^^^^ help: found config with similar value: `feature = "dx12"`
    |
    = help: consider using a Cargo feature instead
    = help: or consider adding in `Cargo.toml` the `check-cfg` lint config for the lint:
             [lints.rust]
             unexpected_cfgs = { level = "warn", check-cfg = ['cfg(dx12)'] }
    = help: or consider adding `println!("cargo::rustc-check-cfg=cfg(dx12)");` to the top of the `build.rs`
    = note: see <https://doc.rust-lang.org/nightly/rustc/check-cfg/cargo-specifics.html> for more information about checking conditional configuration

warning: unexpected `cfg` condition name: `native`
    --> vendor/wgpu-0.20.1/src/backend/wgpu_core.rs:1408:19
     |
1408 |         #[cfg(any(native, Emscripten))]
     |                   ^^^^^^
     |
     = help: consider using a Cargo feature instead
     = help: or consider adding in `Cargo.toml` the `check-cfg` lint config for the lint:
              [lints.rust]
              unexpected_cfgs = { level = "warn", check-cfg = ['cfg(native)'] }
     = help: or consider adding `println!("cargo::rustc-check-cfg=cfg(native)");` to the top of the `build.rs`
     = note: see <https://doc.rust-lang.org/nightly/rustc/check-cfg/cargo-specifics.html> for more information about checking conditional configuration

warning: unexpected `cfg` condition name: `Emscripten`
    --> vendor/wgpu-0.20.1/src/backend/wgpu_core.rs:1408:27
     |
1408 |         #[cfg(any(native, Emscripten))]
     |                           ^^^^^^^^^^
     |
     = help: consider using a Cargo feature instead
     = help: or consider adding in `Cargo.toml` the `check-cfg` lint config for the lint:
              [lints.rust]
              unexpected_cfgs = { level = "warn", check-cfg = ['cfg(Emscripten)'] }
     = help: or consider adding `println!("cargo::rustc-check-cfg=cfg(Emscripten)");` to the top of the `build.rs`
     = note: see <https://doc.rust-lang.org/nightly/rustc/check-cfg/cargo-specifics.html> for more information about checking conditional configuration

warning: unexpected `cfg` condition name: `send_sync`
    --> vendor/wgpu-0.20.1/src/context.rs:1061:7
     |
1061 | #[cfg(send_sync)]
     |       ^^^^^^^^^
     |
     = help: consider using a Cargo feature instead
     = help: or consider adding in `Cargo.toml` the `check-cfg` lint config for the lint:
              [lints.rust]
              unexpected_cfgs = { level = "warn", check-cfg = ['cfg(send_sync)'] }
     = help: or consider adding `println!("cargo::rustc-check-cfg=cfg(send_sync)");` to the top of the `build.rs`
     = note: see <https://doc.rust-lang.org/nightly/rustc/check-cfg/cargo-specifics.html> for more information about checking conditional configuration

warning: unexpected `cfg` condition name: `send_sync`
    --> vendor/wgpu-0.20.1/src/context.rs:1102:7
     |
1102 | #[cfg(send_sync)]
     |       ^^^^^^^^^
     |
     = help: consider using a Cargo feature instead
     = help: or consider adding in `Cargo.toml` the `check-cfg` lint config for the lint:
              [lints.rust]
              unexpected_cfgs = { level = "warn", check-cfg = ['cfg(send_sync)'] }
     = help: or consider adding `println!("cargo::rustc-check-cfg=cfg(send_sync)");` to the top of the `build.rs`
     = note: see <https://doc.rust-lang.org/nightly/rustc/check-cfg/cargo-specifics.html> for more information about checking conditional configuration

warning: unexpected `cfg` condition name: `send_sync`
    --> vendor/wgpu-0.20.1/src/context.rs:1104:11
     |
1104 | #[cfg(not(send_sync))]
     |           ^^^^^^^^^
     |
     = help: consider using a Cargo feature instead
     = help: or consider adding in `Cargo.toml` the `check-cfg` lint config for the lint:
              [lints.rust]
              unexpected_cfgs = { level = "warn", check-cfg = ['cfg(send_sync)'] }
     = help: or consider adding `println!("cargo::rustc-check-cfg=cfg(send_sync)");` to the top of the `build.rs`
     = note: see <https://doc.rust-lang.org/nightly/rustc/check-cfg/cargo-specifics.html> for more information about checking conditional configuration

warning: unexpected `cfg` condition name: `send_sync`
    --> vendor/wgpu-0.20.1/src/context.rs:1107:7
     |
1107 | #[cfg(send_sync)]
     |       ^^^^^^^^^
     |
     = help: consider using a Cargo feature instead
     = help: or consider adding in `Cargo.toml` the `check-cfg` lint config for the lint:
              [lints.rust]
              unexpected_cfgs = { level = "warn", check-cfg = ['cfg(send_sync)'] }
     = help: or consider adding `println!("cargo::rustc-check-cfg=cfg(send_sync)");` to the top of the `build.rs`
     = note: see <https://doc.rust-lang.org/nightly/rustc/check-cfg/cargo-specifics.html> for more information about checking conditional configuration

warning: unexpected `cfg` condition name: `send_sync`
    --> vendor/wgpu-0.20.1/src/context.rs:1110:11
     |
1110 | #[cfg(not(send_sync))]
     |           ^^^^^^^^^
     |
     = help: consider using a Cargo feature instead
     = help: or consider adding in `Cargo.toml` the `check-cfg` lint config for the lint:
              [lints.rust]
              unexpected_cfgs = { level = "warn", check-cfg = ['cfg(send_sync)'] }
     = help: or consider adding `println!("cargo::rustc-check-cfg=cfg(send_sync)");` to the top of the `build.rs`
     = note: see <https://doc.rust-lang.org/nightly/rustc/check-cfg/cargo-specifics.html> for more information about checking conditional configuration

warning: unexpected `cfg` condition name: `send_sync`
    --> vendor/wgpu-0.20.1/src/context.rs:1114:7
     |
1114 | #[cfg(send_sync)]
     |       ^^^^^^^^^
     |
     = help: consider using a Cargo feature instead
     = help: or consider adding in `Cargo.toml` the `check-cfg` lint config for the lint:
              [lints.rust]
              unexpected_cfgs = { level = "warn", check-cfg = ['cfg(send_sync)'] }
     = help: or consider adding `println!("cargo::rustc-check-cfg=cfg(send_sync)");` to the top of the `build.rs`
     = note: see <https://doc.rust-lang.org/nightly/rustc/check-cfg/cargo-specifics.html> for more information about checking conditional configuration

warning: unexpected `cfg` condition name: `send_sync`
    --> vendor/wgpu-0.20.1/src/context.rs:1117:11
     |
1117 | #[cfg(not(send_sync))]
     |           ^^^^^^^^^
     |
     = help: consider using a Cargo feature instead
     = help: or consider adding in `Cargo.toml` the `check-cfg` lint config for the lint:
              [lints.rust]
              unexpected_cfgs = { level = "warn", check-cfg = ['cfg(send_sync)'] }
     = help: or consider adding `println!("cargo::rustc-check-cfg=cfg(send_sync)");` to the top of the `build.rs`
     = note: see <https://doc.rust-lang.org/nightly/rustc/check-cfg/cargo-specifics.html> for more information about checking conditional configuration

warning: unexpected `cfg` condition name: `send_sync`
    --> vendor/wgpu-0.20.1/src/context.rs:1121:7
     |
1121 | #[cfg(send_sync)]
     |       ^^^^^^^^^
     |
     = help: consider using a Cargo feature instead
     = help: or consider adding in `Cargo.toml` the `check-cfg` lint config for the lint:
              [lints.rust]
              unexpected_cfgs = { level = "warn", check-cfg = ['cfg(send_sync)'] }
     = help: or consider adding `println!("cargo::rustc-check-cfg=cfg(send_sync)");` to the top of the `build.rs`
     = note: see <https://doc.rust-lang.org/nightly/rustc/check-cfg/cargo-specifics.html> for more information about checking conditional configuration

warning: unexpected `cfg` condition name: `send_sync`
    --> vendor/wgpu-0.20.1/src/context.rs:1123:11
     |
1123 | #[cfg(not(send_sync))]
     |           ^^^^^^^^^
     |
     = help: consider using a Cargo feature instead
     = help: or consider adding in `Cargo.toml` the `check-cfg` lint config for the lint:
              [lints.rust]
              unexpected_cfgs = { level = "warn", check-cfg = ['cfg(send_sync)'] }
     = help: or consider adding `println!("cargo::rustc-check-cfg=cfg(send_sync)");` to the top of the `build.rs`
     = note: see <https://doc.rust-lang.org/nightly/rustc/check-cfg/cargo-specifics.html> for more information about checking conditional configuration

warning: unexpected `cfg` condition name: `send_sync`
    --> vendor/wgpu-0.20.1/src/context.rs:1126:7
     |
1126 | #[cfg(send_sync)]
     |       ^^^^^^^^^
     |
     = help: consider using a Cargo feature instead
     = help: or consider adding in `Cargo.toml` the `check-cfg` lint config for the lint:
              [lints.rust]
              unexpected_cfgs = { level = "warn", check-cfg = ['cfg(send_sync)'] }
     = help: or consider adding `println!("cargo::rustc-check-cfg=cfg(send_sync)");` to the top of the `build.rs`
     = note: see <https://doc.rust-lang.org/nightly/rustc/check-cfg/cargo-specifics.html> for more information about checking conditional configuration

warning: unexpected `cfg` condition name: `send_sync`
    --> vendor/wgpu-0.20.1/src/context.rs:1128:11
     |
1128 | #[cfg(not(send_sync))]
     |           ^^^^^^^^^
     |
     = help: consider using a Cargo feature instead
     = help: or consider adding in `Cargo.toml` the `check-cfg` lint config for the lint:
              [lints.rust]
              unexpected_cfgs = { level = "warn", check-cfg = ['cfg(send_sync)'] }
     = help: or consider adding `println!("cargo::rustc-check-cfg=cfg(send_sync)");` to the top of the `build.rs`
     = note: see <https://doc.rust-lang.org/nightly/rustc/check-cfg/cargo-specifics.html> for more information about checking conditional configuration

warning: unexpected `cfg` condition name: `send_sync`
    --> vendor/wgpu-0.20.1/src/context.rs:1130:7
     |
1130 | #[cfg(send_sync)]
     |       ^^^^^^^^^
     |
     = help: consider using a Cargo feature instead
     = help: or consider adding in `Cargo.toml` the `check-cfg` lint config for the lint:
              [lints.rust]
              unexpected_cfgs = { level = "warn", check-cfg = ['cfg(send_sync)'] }
     = help: or consider adding `println!("cargo::rustc-check-cfg=cfg(send_sync)");` to the top of the `build.rs`
     = note: see <https://doc.rust-lang.org/nightly/rustc/check-cfg/cargo-specifics.html> for more information about checking conditional configuration

warning: unexpected `cfg` condition name: `send_sync`
    --> vendor/wgpu-0.20.1/src/context.rs:1132:11
     |
1132 | #[cfg(not(send_sync))]
     |           ^^^^^^^^^
     |
     = help: consider using a Cargo feature instead
     = help: or consider adding in `Cargo.toml` the `check-cfg` lint config for the lint:
              [lints.rust]
              unexpected_cfgs = { level = "warn", check-cfg = ['cfg(send_sync)'] }
     = help: or consider adding `println!("cargo::rustc-check-cfg=cfg(send_sync)");` to the top of the `build.rs`
     = note: see <https://doc.rust-lang.org/nightly/rustc/check-cfg/cargo-specifics.html> for more information about checking conditional configuration

warning: unexpected `cfg` condition name: `webgl`
   --> vendor/wgpu-0.20.1/src/context.rs:579:15
    |
579 |     #[cfg(any(webgl, webgpu))]
    |               ^^^^^ help: found config with similar value: `feature = "webgl"`
    |
    = help: consider using a Cargo feature instead
    = help: or consider adding in `Cargo.toml` the `check-cfg` lint config for the lint:
             [lints.rust]
             unexpected_cfgs = { level = "warn", check-cfg = ['cfg(webgl)'] }
    = help: or consider adding `println!("cargo::rustc-check-cfg=cfg(webgl)");` to the top of the `build.rs`
    = note: see <https://doc.rust-lang.org/nightly/rustc/check-cfg/cargo-specifics.html> for more information about checking conditional configuration

warning: unexpected `cfg` condition name: `webgpu`
   --> vendor/wgpu-0.20.1/src/context.rs:579:22
    |
579 |     #[cfg(any(webgl, webgpu))]
    |                      ^^^^^^ help: found config with similar value: `feature = "webgpu"`
    |
    = help: consider using a Cargo feature instead
    = help: or consider adding in `Cargo.toml` the `check-cfg` lint config for the lint:
             [lints.rust]
             unexpected_cfgs = { level = "warn", check-cfg = ['cfg(webgpu)'] }
    = help: or consider adding `println!("cargo::rustc-check-cfg=cfg(webgpu)");` to the top of the `build.rs`
    = note: see <https://doc.rust-lang.org/nightly/rustc/check-cfg/cargo-specifics.html> for more information about checking conditional configuration

warning: unexpected `cfg` condition name: `webgpu`
    --> vendor/wgpu-0.20.1/src/context.rs:1561:15
     |
1561 |     #[cfg(any(webgpu, webgl))]
     |               ^^^^^^ help: found config with similar value: `feature = "webgpu"`
     |
     = help: consider using a Cargo feature instead
     = help: or consider adding in `Cargo.toml` the `check-cfg` lint config for the lint:
              [lints.rust]
              unexpected_cfgs = { level = "warn", check-cfg = ['cfg(webgpu)'] }
     = help: or consider adding `println!("cargo::rustc-check-cfg=cfg(webgpu)");` to the top of the `build.rs`
     = note: see <https://doc.rust-lang.org/nightly/rustc/check-cfg/cargo-specifics.html> for more information about checking conditional configuration

warning: unexpected `cfg` condition name: `webgl`
    --> vendor/wgpu-0.20.1/src/context.rs:1561:23
     |
1561 |     #[cfg(any(webgpu, webgl))]
     |                       ^^^^^ help: found config with similar value: `feature = "webgl"`
     |
     = help: consider using a Cargo feature instead
     = help: or consider adding in `Cargo.toml` the `check-cfg` lint config for the lint:
              [lints.rust]
              unexpected_cfgs = { level = "warn", check-cfg = ['cfg(webgl)'] }
     = help: or consider adding `println!("cargo::rustc-check-cfg=cfg(webgl)");` to the top of the `build.rs`
     = note: see <https://doc.rust-lang.org/nightly/rustc/check-cfg/cargo-specifics.html> for more information about checking conditional configuration

warning: unexpected `cfg` condition name: `webgpu`
    --> vendor/wgpu-0.20.1/src/context.rs:2998:15
     |
2998 |     #[cfg(any(webgpu, webgl))]
     |               ^^^^^^ help: found config with similar value: `feature = "webgpu"`
     |
     = help: consider using a Cargo feature instead
     = help: or consider adding in `Cargo.toml` the `check-cfg` lint config for the lint:
              [lints.rust]
              unexpected_cfgs = { level = "warn", check-cfg = ['cfg(webgpu)'] }
     = help: or consider adding `println!("cargo::rustc-check-cfg=cfg(webgpu)");` to the top of the `build.rs`
     = note: see <https://doc.rust-lang.org/nightly/rustc/check-cfg/cargo-specifics.html> for more information about checking conditional configuration

warning: unexpected `cfg` condition name: `webgl`
    --> vendor/wgpu-0.20.1/src/context.rs:2998:23
     |
2998 |     #[cfg(any(webgpu, webgl))]
     |                       ^^^^^ help: found config with similar value: `feature = "webgl"`
     |
     = help: consider using a Cargo feature instead
     = help: or consider adding in `Cargo.toml` the `check-cfg` lint config for the lint:
              [lints.rust]
              unexpected_cfgs = { level = "warn", check-cfg = ['cfg(webgl)'] }
     = help: or consider adding `println!("cargo::rustc-check-cfg=cfg(webgl)");` to the top of the `build.rs`
     = note: see <https://doc.rust-lang.org/nightly/rustc/check-cfg/cargo-specifics.html> for more information about checking conditional configuration

warning: unexpected `cfg` condition name: `wgpu_core`
 --> vendor/wgpu-0.20.1/src/util/init.rs:5:7
  |
5 | #[cfg(wgpu_core)]
  |       ^^^^^^^^^
  |
  = help: consider using a Cargo feature instead
  = help: or consider adding in `Cargo.toml` the `check-cfg` lint config for the lint:
           [lints.rust]
           unexpected_cfgs = { level = "warn", check-cfg = ['cfg(wgpu_core)'] }
  = help: or consider adding `println!("cargo::rustc-check-cfg=cfg(wgpu_core)");` to the top of the `build.rs`
  = note: see <https://doc.rust-lang.org/nightly/rustc/check-cfg/cargo-specifics.html> for more information about checking conditional configuration

warning: unexpected `cfg` condition name: `wgpu_core`
 --> vendor/wgpu-0.20.1/src/util/init.rs:9:11
  |
9 | #[cfg(not(wgpu_core))]
  |           ^^^^^^^^^
  |
  = help: consider using a Cargo feature instead
  = help: or consider adding in `Cargo.toml` the `check-cfg` lint config for the lint:
           [lints.rust]
           unexpected_cfgs = { level = "warn", check-cfg = ['cfg(wgpu_core)'] }
  = help: or consider adding `println!("cargo::rustc-check-cfg=cfg(wgpu_core)");` to the top of the `build.rs`
  = note: see <https://doc.rust-lang.org/nightly/rustc/check-cfg/cargo-specifics.html> for more information about checking conditional configuration

warning: unexpected `cfg` condition name: `native`
  --> vendor/wgpu-0.20.1/src/util/init.rs:41:7
   |
41 | #[cfg(native)]
   |       ^^^^^^
   |
   = help: consider using a Cargo feature instead
   = help: or consider adding in `Cargo.toml` the `check-cfg` lint config for the lint:
            [lints.rust]
            unexpected_cfgs = { level = "warn", check-cfg = ['cfg(native)'] }
   = help: or consider adding `println!("cargo::rustc-check-cfg=cfg(native)");` to the top of the `build.rs`
   = note: see <https://doc.rust-lang.org/nightly/rustc/check-cfg/cargo-specifics.html> for more information about checking conditional configuration

warning: unexpected `cfg` condition name: `native`
  --> vendor/wgpu-0.20.1/src/util/init.rs:73:11
   |
73 | #[cfg(not(native))]
   |           ^^^^^^
   |
   = help: consider using a Cargo feature instead
   = help: or consider adding in `Cargo.toml` the `check-cfg` lint config for the lint:
            [lints.rust]
            unexpected_cfgs = { level = "warn", check-cfg = ['cfg(native)'] }
   = help: or consider adding `println!("cargo::rustc-check-cfg=cfg(native)");` to the top of the `build.rs`
   = note: see <https://doc.rust-lang.org/nightly/rustc/check-cfg/cargo-specifics.html> for more information about checking conditional configuration

warning: unexpected `cfg` condition name: `webgpu`
   --> vendor/wgpu-0.20.1/src/lib.rs:626:15
    |
626 |     #[cfg(any(webgpu, webgl))]
    |               ^^^^^^ help: found config with similar value: `feature = "webgpu"`
    |
    = help: consider using a Cargo feature instead
    = help: or consider adding in `Cargo.toml` the `check-cfg` lint config for the lint:
             [lints.rust]
             unexpected_cfgs = { level = "warn", check-cfg = ['cfg(webgpu)'] }
    = help: or consider adding `println!("cargo::rustc-check-cfg=cfg(webgpu)");` to the top of the `build.rs`
    = note: see <https://doc.rust-lang.org/nightly/rustc/check-cfg/cargo-specifics.html> for more information about checking conditional configuration

warning: unexpected `cfg` condition name: `webgl`
   --> vendor/wgpu-0.20.1/src/lib.rs:626:23
    |
626 |     #[cfg(any(webgpu, webgl))]
    |                       ^^^^^ help: found config with similar value: `feature = "webgl"`
    |
    = help: consider using a Cargo feature instead
    = help: or consider adding in `Cargo.toml` the `check-cfg` lint config for the lint:
             [lints.rust]
             unexpected_cfgs = { level = "warn", check-cfg = ['cfg(webgl)'] }
    = help: or consider adding `println!("cargo::rustc-check-cfg=cfg(webgl)");` to the top of the `build.rs`
    = note: see <https://doc.rust-lang.org/nightly/rustc/check-cfg/cargo-specifics.html> for more information about checking conditional configuration

warning: unexpected `cfg` condition name: `webgpu`
   --> vendor/wgpu-0.20.1/src/lib.rs:638:15
    |
638 |     #[cfg(any(webgpu, webgl))]
    |               ^^^^^^ help: found config with similar value: `feature = "webgpu"`
    |
    = help: consider using a Cargo feature instead
    = help: or consider adding in `Cargo.toml` the `check-cfg` lint config for the lint:
             [lints.rust]
             unexpected_cfgs = { level = "warn", check-cfg = ['cfg(webgpu)'] }
    = help: or consider adding `println!("cargo::rustc-check-cfg=cfg(webgpu)");` to the top of the `build.rs`
    = note: see <https://doc.rust-lang.org/nightly/rustc/check-cfg/cargo-specifics.html> for more information about checking conditional configuration

warning: unexpected `cfg` condition name: `webgl`
   --> vendor/wgpu-0.20.1/src/lib.rs:638:23
    |
638 |     #[cfg(any(webgpu, webgl))]
    |                       ^^^^^ help: found config with similar value: `feature = "webgl"`
    |
    = help: consider using a Cargo feature instead
    = help: or consider adding in `Cargo.toml` the `check-cfg` lint config for the lint:
             [lints.rust]
             unexpected_cfgs = { level = "warn", check-cfg = ['cfg(webgl)'] }
    = help: or consider adding `println!("cargo::rustc-check-cfg=cfg(webgl)");` to the top of the `build.rs`
    = note: see <https://doc.rust-lang.org/nightly/rustc/check-cfg/cargo-specifics.html> for more information about checking conditional configuration

warning: unexpected `cfg` condition name: `metal`
   --> vendor/wgpu-0.20.1/src/lib.rs:683:11
    |
683 |     #[cfg(metal)]
    |           ^^^^^ help: found config with similar value: `feature = "metal"`
    |
    = help: consider using a Cargo feature instead
    = help: or consider adding in `Cargo.toml` the `check-cfg` lint config for the lint:
             [lints.rust]
             unexpected_cfgs = { level = "warn", check-cfg = ['cfg(metal)'] }
    = help: or consider adding `println!("cargo::rustc-check-cfg=cfg(metal)");` to the top of the `build.rs`
    = note: see <https://doc.rust-lang.org/nightly/rustc/check-cfg/cargo-specifics.html> for more information about checking conditional configuration

warning: unexpected `cfg` condition name: `dx12`
   --> vendor/wgpu-0.20.1/src/lib.rs:691:11
    |
691 |     #[cfg(dx12)]
    |           ^^^^ help: found config with similar value: `feature = "dx12"`
    |
    = help: consider using a Cargo feature instead
    = help: or consider adding in `Cargo.toml` the `check-cfg` lint config for the lint:
             [lints.rust]
             unexpected_cfgs = { level = "warn", check-cfg = ['cfg(dx12)'] }
    = help: or consider adding `println!("cargo::rustc-check-cfg=cfg(dx12)");` to the top of the `build.rs`
    = note: see <https://doc.rust-lang.org/nightly/rustc/check-cfg/cargo-specifics.html> for more information about checking conditional configuration

warning: unexpected `cfg` condition name: `dx12`
   --> vendor/wgpu-0.20.1/src/lib.rs:699:11
    |
699 |     #[cfg(dx12)]
    |           ^^^^ help: found config with similar value: `feature = "dx12"`
    |
    = help: consider using a Cargo feature instead
    = help: or consider adding in `Cargo.toml` the `check-cfg` lint config for the lint:
             [lints.rust]
             unexpected_cfgs = { level = "warn", check-cfg = ['cfg(dx12)'] }
    = help: or consider adding `println!("cargo::rustc-check-cfg=cfg(dx12)");` to the top of the `build.rs`
    = note: see <https://doc.rust-lang.org/nightly/rustc/check-cfg/cargo-specifics.html> for more information about checking conditional configuration

warning: unexpected `cfg` condition name: `dx12`
   --> vendor/wgpu-0.20.1/src/lib.rs:707:11
    |
707 |     #[cfg(dx12)]
    |           ^^^^ help: found config with similar value: `feature = "dx12"`
    |
    = help: consider using a Cargo feature instead
    = help: or consider adding in `Cargo.toml` the `check-cfg` lint config for the lint:
             [lints.rust]
             unexpected_cfgs = { level = "warn", check-cfg = ['cfg(dx12)'] }
    = help: or consider adding `println!("cargo::rustc-check-cfg=cfg(dx12)");` to the top of the `build.rs`
    = note: see <https://doc.rust-lang.org/nightly/rustc/check-cfg/cargo-specifics.html> for more information about checking conditional configuration

warning: unexpected `cfg` condition name: `wgpu_core`
    --> vendor/wgpu-0.20.1/src/lib.rs:2047:11
     |
2047 |     #[cfg(wgpu_core)]
     |           ^^^^^^^^^
     |
     = help: consider using a Cargo feature instead
     = help: or consider adding in `Cargo.toml` the `check-cfg` lint config for the lint:
              [lints.rust]
              unexpected_cfgs = { level = "warn", check-cfg = ['cfg(wgpu_core)'] }
     = help: or consider adding `println!("cargo::rustc-check-cfg=cfg(wgpu_core)");` to the top of the `build.rs`
     = note: see <https://doc.rust-lang.org/nightly/rustc/check-cfg/cargo-specifics.html> for more information about checking conditional configuration

warning: unexpected `cfg` condition name: `wgpu_core`
    --> vendor/wgpu-0.20.1/src/lib.rs:2066:11
     |
2066 |     #[cfg(wgpu_core)]
     |           ^^^^^^^^^
     |
     = help: consider using a Cargo feature instead
     = help: or consider adding in `Cargo.toml` the `check-cfg` lint config for the lint:
              [lints.rust]
              unexpected_cfgs = { level = "warn", check-cfg = ['cfg(wgpu_core)'] }
     = help: or consider adding `println!("cargo::rustc-check-cfg=cfg(wgpu_core)");` to the top of the `build.rs`
     = note: see <https://doc.rust-lang.org/nightly/rustc/check-cfg/cargo-specifics.html> for more information about checking conditional configuration

warning: unexpected `cfg` condition name: `wgpu_core`
    --> vendor/wgpu-0.20.1/src/lib.rs:2084:11
     |
2084 |     #[cfg(wgpu_core)]
     |           ^^^^^^^^^
     |
     = help: consider using a Cargo feature instead
     = help: or consider adding in `Cargo.toml` the `check-cfg` lint config for the lint:
              [lints.rust]
              unexpected_cfgs = { level = "warn", check-cfg = ['cfg(wgpu_core)'] }
     = help: or consider adding `println!("cargo::rustc-check-cfg=cfg(wgpu_core)");` to the top of the `build.rs`
     = note: see <https://doc.rust-lang.org/nightly/rustc/check-cfg/cargo-specifics.html> for more information about checking conditional configuration

warning: unexpected `cfg` condition name: `wgpu_core`
    --> vendor/wgpu-0.20.1/src/lib.rs:2101:11
     |
2101 |     #[cfg(wgpu_core)]
     |           ^^^^^^^^^
     |
     = help: consider using a Cargo feature instead
     = help: or consider adding in `Cargo.toml` the `check-cfg` lint config for the lint:
              [lints.rust]
              unexpected_cfgs = { level = "warn", check-cfg = ['cfg(wgpu_core)'] }
     = help: or consider adding `println!("cargo::rustc-check-cfg=cfg(wgpu_core)");` to the top of the `build.rs`
     = note: see <https://doc.rust-lang.org/nightly/rustc/check-cfg/cargo-specifics.html> for more information about checking conditional configuration

warning: unexpected `cfg` condition name: `wgpu_core`
    --> vendor/wgpu-0.20.1/src/lib.rs:2143:11
     |
2143 |     #[cfg(wgpu_core)]
     |           ^^^^^^^^^
     |
     = help: consider using a Cargo feature instead
     = help: or consider adding in `Cargo.toml` the `check-cfg` lint config for the lint:
              [lints.rust]
              unexpected_cfgs = { level = "warn", check-cfg = ['cfg(wgpu_core)'] }
     = help: or consider adding `println!("cargo::rustc-check-cfg=cfg(wgpu_core)");` to the top of the `build.rs`
     = note: see <https://doc.rust-lang.org/nightly/rustc/check-cfg/cargo-specifics.html> for more information about checking conditional configuration

warning: unexpected `cfg` condition name: `wgpu_core`
    --> vendor/wgpu-0.20.1/src/lib.rs:2287:11
     |
2287 |     #[cfg(wgpu_core)]
     |           ^^^^^^^^^
     |
     = help: consider using a Cargo feature instead
     = help: or consider adding in `Cargo.toml` the `check-cfg` lint config for the lint:
              [lints.rust]
              unexpected_cfgs = { level = "warn", check-cfg = ['cfg(wgpu_core)'] }
     = help: or consider adding `println!("cargo::rustc-check-cfg=cfg(wgpu_core)");` to the top of the `build.rs`
     = note: see <https://doc.rust-lang.org/nightly/rustc/check-cfg/cargo-specifics.html> for more information about checking conditional configuration

warning: unexpected `cfg` condition name: `native`
    --> vendor/wgpu-0.20.1/src/lib.rs:1946:17
     |
1946 |         if cfg!(native) {
     |                 ^^^^^^
     |
     = help: consider using a Cargo feature instead
     = help: or consider adding in `Cargo.toml` the `check-cfg` lint config for the lint:
              [lints.rust]
              unexpected_cfgs = { level = "warn", check-cfg = ['cfg(native)'] }
     = help: or consider adding `println!("cargo::rustc-check-cfg=cfg(native)");` to the top of the `build.rs`
     = note: see <https://doc.rust-lang.org/nightly/rustc/check-cfg/cargo-specifics.html> for more information about checking conditional configuration

warning: unexpected `cfg` condition name: `metal`
    --> vendor/wgpu-0.20.1/src/lib.rs:1947:21
     |
1947 |             if cfg!(metal) {
     |                     ^^^^^ help: found config with similar value: `feature = "metal"`
     |
     = help: consider using a Cargo feature instead
     = help: or consider adding in `Cargo.toml` the `check-cfg` lint config for the lint:
              [lints.rust]
              unexpected_cfgs = { level = "warn", check-cfg = ['cfg(metal)'] }
     = help: or consider adding `println!("cargo::rustc-check-cfg=cfg(metal)");` to the top of the `build.rs`
     = note: see <https://doc.rust-lang.org/nightly/rustc/check-cfg/cargo-specifics.html> for more information about checking conditional configuration

warning: unexpected `cfg` condition name: `dx12`
    --> vendor/wgpu-0.20.1/src/lib.rs:1950:21
     |
1950 |             if cfg!(dx12) {
     |                     ^^^^ help: found config with similar value: `feature = "dx12"`
     |
     = help: consider using a Cargo feature instead
     = help: or consider adding in `Cargo.toml` the `check-cfg` lint config for the lint:
              [lints.rust]
              unexpected_cfgs = { level = "warn", check-cfg = ['cfg(dx12)'] }
     = help: or consider adding `println!("cargo::rustc-check-cfg=cfg(dx12)");` to the top of the `build.rs`
     = note: see <https://doc.rust-lang.org/nightly/rustc/check-cfg/cargo-specifics.html> for more information about checking conditional configuration

warning: unexpected `cfg` condition name: `webgpu`
    --> vendor/wgpu-0.20.1/src/lib.rs:1972:21
     |
1972 |             if cfg!(webgpu) {
     |                     ^^^^^^ help: found config with similar value: `feature = "webgpu"`
     |
     = help: consider using a Cargo feature instead
     = help: or consider adding in `Cargo.toml` the `check-cfg` lint config for the lint:
              [lints.rust]
              unexpected_cfgs = { level = "warn", check-cfg = ['cfg(webgpu)'] }
     = help: or consider adding `println!("cargo::rustc-check-cfg=cfg(webgpu)");` to the top of the `build.rs`
     = note: see <https://doc.rust-lang.org/nightly/rustc/check-cfg/cargo-specifics.html> for more information about checking conditional configuration

warning: unexpected `cfg` condition name: `webgl`
    --> vendor/wgpu-0.20.1/src/lib.rs:1975:21
     |
1975 |             if cfg!(webgl) {
     |                     ^^^^^ help: found config with similar value: `feature = "webgl"`
     |
     = help: consider using a Cargo feature instead
     = help: or consider adding in `Cargo.toml` the `check-cfg` lint config for the lint:
              [lints.rust]
              unexpected_cfgs = { level = "warn", check-cfg = ['cfg(webgl)'] }
     = help: or consider adding `println!("cargo::rustc-check-cfg=cfg(webgl)");` to the top of the `build.rs`
     = note: see <https://doc.rust-lang.org/nightly/rustc/check-cfg/cargo-specifics.html> for more information about checking conditional configuration

warning: unexpected `cfg` condition name: `webgpu`
    --> vendor/wgpu-0.20.1/src/lib.rs:2012:15
     |
2012 |         #[cfg(webgpu)]
     |               ^^^^^^ help: found config with similar value: `feature = "webgpu"`
     |
     = help: consider using a Cargo feature instead
     = help: or consider adding in `Cargo.toml` the `check-cfg` lint config for the lint:
              [lints.rust]
              unexpected_cfgs = { level = "warn", check-cfg = ['cfg(webgpu)'] }
     = help: or consider adding `println!("cargo::rustc-check-cfg=cfg(webgpu)");` to the top of the `build.rs`
     = note: see <https://doc.rust-lang.org/nightly/rustc/check-cfg/cargo-specifics.html> for more information about checking conditional configuration

warning: unexpected `cfg` condition name: `wgpu_core`
    --> vendor/wgpu-0.20.1/src/lib.rs:2026:15
     |
2026 |         #[cfg(wgpu_core)]
     |               ^^^^^^^^^
     |
     = help: consider using a Cargo feature instead
     = help: or consider adding in `Cargo.toml` the `check-cfg` lint config for the lint:
              [lints.rust]
              unexpected_cfgs = { level = "warn", check-cfg = ['cfg(wgpu_core)'] }
     = help: or consider adding `println!("cargo::rustc-check-cfg=cfg(wgpu_core)");` to the top of the `build.rs`
     = note: see <https://doc.rust-lang.org/nightly/rustc/check-cfg/cargo-specifics.html> for more information about checking conditional configuration

warning: unexpected `cfg` condition name: `webgpu`
    --> vendor/wgpu-0.20.1/src/lib.rs:2193:23
     |
2193 |             #[cfg(any(webgpu, webgl))]
     |                       ^^^^^^ help: found config with similar value: `feature = "webgpu"`
     |
     = help: consider using a Cargo feature instead
     = help: or consider adding in `Cargo.toml` the `check-cfg` lint config for the lint:
              [lints.rust]
              unexpected_cfgs = { level = "warn", check-cfg = ['cfg(webgpu)'] }
     = help: or consider adding `println!("cargo::rustc-check-cfg=cfg(webgpu)");` to the top of the `build.rs`
     = note: see <https://doc.rust-lang.org/nightly/rustc/check-cfg/cargo-specifics.html> for more information about checking conditional configuration

warning: unexpected `cfg` condition name: `webgl`
    --> vendor/wgpu-0.20.1/src/lib.rs:2193:31
     |
2193 |             #[cfg(any(webgpu, webgl))]
     |                               ^^^^^ help: found config with similar value: `feature = "webgl"`
     |
     = help: consider using a Cargo feature instead
     = help: or consider adding in `Cargo.toml` the `check-cfg` lint config for the lint:
              [lints.rust]
              unexpected_cfgs = { level = "warn", check-cfg = ['cfg(webgl)'] }
     = help: or consider adding `println!("cargo::rustc-check-cfg=cfg(webgl)");` to the top of the `build.rs`
     = note: see <https://doc.rust-lang.org/nightly/rustc/check-cfg/cargo-specifics.html> for more information about checking conditional configuration

warning: unexpected `cfg` condition name: `webgpu`
    --> vendor/wgpu-0.20.1/src/lib.rs:2212:23
     |
2212 |             #[cfg(any(webgpu, webgl))]
     |                       ^^^^^^ help: found config with similar value: `feature = "webgpu"`
     |
     = help: consider using a Cargo feature instead
     = help: or consider adding in `Cargo.toml` the `check-cfg` lint config for the lint:
              [lints.rust]
              unexpected_cfgs = { level = "warn", check-cfg = ['cfg(webgpu)'] }
     = help: or consider adding `println!("cargo::rustc-check-cfg=cfg(webgpu)");` to the top of the `build.rs`
     = note: see <https://doc.rust-lang.org/nightly/rustc/check-cfg/cargo-specifics.html> for more information about checking conditional configuration

warning: unexpected `cfg` condition name: `webgl`
    --> vendor/wgpu-0.20.1/src/lib.rs:2212:31
     |
2212 |             #[cfg(any(webgpu, webgl))]
     |                               ^^^^^ help: found config with similar value: `feature = "webgl"`
     |
     = help: consider using a Cargo feature instead
     = help: or consider adding in `Cargo.toml` the `check-cfg` lint config for the lint:
              [lints.rust]
              unexpected_cfgs = { level = "warn", check-cfg = ['cfg(webgl)'] }
     = help: or consider adding `println!("cargo::rustc-check-cfg=cfg(webgl)");` to the top of the `build.rs`
     = note: see <https://doc.rust-lang.org/nightly/rustc/check-cfg/cargo-specifics.html> for more information about checking conditional configuration

warning: unexpected `cfg` condition name: `wgpu_core`
    --> vendor/wgpu-0.20.1/src/lib.rs:2357:11
     |
2357 |     #[cfg(wgpu_core)]
     |           ^^^^^^^^^
     |
     = help: consider using a Cargo feature instead
     = help: or consider adding in `Cargo.toml` the `check-cfg` lint config for the lint:
              [lints.rust]
              unexpected_cfgs = { level = "warn", check-cfg = ['cfg(wgpu_core)'] }
     = help: or consider adding `println!("cargo::rustc-check-cfg=cfg(wgpu_core)");` to the top of the `build.rs`
     = note: see <https://doc.rust-lang.org/nightly/rustc/check-cfg/cargo-specifics.html> for more information about checking conditional configuration

warning: unexpected `cfg` condition name: `wgpu_core`
    --> vendor/wgpu-0.20.1/src/lib.rs:2409:11
     |
2409 |     #[cfg(wgpu_core)]
     |           ^^^^^^^^^
     |
     = help: consider using a Cargo feature instead
     = help: or consider adding in `Cargo.toml` the `check-cfg` lint config for the lint:
              [lints.rust]
              unexpected_cfgs = { level = "warn", check-cfg = ['cfg(wgpu_core)'] }
     = help: or consider adding `println!("cargo::rustc-check-cfg=cfg(wgpu_core)");` to the top of the `build.rs`
     = note: see <https://doc.rust-lang.org/nightly/rustc/check-cfg/cargo-specifics.html> for more information about checking conditional configuration

warning: unexpected `cfg` condition name: `wgpu_core`
    --> vendor/wgpu-0.20.1/src/lib.rs:2766:11
     |
2766 |     #[cfg(wgpu_core)]
     |           ^^^^^^^^^
     |
     = help: consider using a Cargo feature instead
     = help: or consider adding in `Cargo.toml` the `check-cfg` lint config for the lint:
              [lints.rust]
              unexpected_cfgs = { level = "warn", check-cfg = ['cfg(wgpu_core)'] }
     = help: or consider adding `println!("cargo::rustc-check-cfg=cfg(wgpu_core)");` to the top of the `build.rs`
     = note: see <https://doc.rust-lang.org/nightly/rustc/check-cfg/cargo-specifics.html> for more information about checking conditional configuration

warning: unexpected `cfg` condition name: `wgpu_core`
    --> vendor/wgpu-0.20.1/src/lib.rs:2805:11
     |
2805 |     #[cfg(wgpu_core)]
     |           ^^^^^^^^^
     |
     = help: consider using a Cargo feature instead
     = help: or consider adding in `Cargo.toml` the `check-cfg` lint config for the lint:
              [lints.rust]
              unexpected_cfgs = { level = "warn", check-cfg = ['cfg(wgpu_core)'] }
     = help: or consider adding `println!("cargo::rustc-check-cfg=cfg(wgpu_core)");` to the top of the `build.rs`
     = note: see <https://doc.rust-lang.org/nightly/rustc/check-cfg/cargo-specifics.html> for more information about checking conditional configuration

warning: unexpected `cfg` condition name: `wgpu_core`
    --> vendor/wgpu-0.20.1/src/lib.rs:2911:11
     |
2911 |     #[cfg(wgpu_core)]
     |           ^^^^^^^^^
     |
     = help: consider using a Cargo feature instead
     = help: or consider adding in `Cargo.toml` the `check-cfg` lint config for the lint:
              [lints.rust]
              unexpected_cfgs = { level = "warn", check-cfg = ['cfg(wgpu_core)'] }
     = help: or consider adding `println!("cargo::rustc-check-cfg=cfg(wgpu_core)");` to the top of the `build.rs`
     = note: see <https://doc.rust-lang.org/nightly/rustc/check-cfg/cargo-specifics.html> for more information about checking conditional configuration

warning: unexpected `cfg` condition name: `wgpu_core`
    --> vendor/wgpu-0.20.1/src/lib.rs:2990:19
     |
2990 |             #[cfg(wgpu_core)]
     |                   ^^^^^^^^^
     |
     = help: consider using a Cargo feature instead
     = help: or consider adding in `Cargo.toml` the `check-cfg` lint config for the lint:
              [lints.rust]
              unexpected_cfgs = { level = "warn", check-cfg = ['cfg(wgpu_core)'] }
     = help: or consider adding `println!("cargo::rustc-check-cfg=cfg(wgpu_core)");` to the top of the `build.rs`
     = note: see <https://doc.rust-lang.org/nightly/rustc/check-cfg/cargo-specifics.html> for more information about checking conditional configuration

warning: unexpected `cfg` condition name: `webgpu`
    --> vendor/wgpu-0.20.1/src/lib.rs:2992:19
     |
2992 |             #[cfg(webgpu)]
     |                   ^^^^^^ help: found config with similar value: `feature = "webgpu"`
     |
     = help: consider using a Cargo feature instead
     = help: or consider adding in `Cargo.toml` the `check-cfg` lint config for the lint:
              [lints.rust]
              unexpected_cfgs = { level = "warn", check-cfg = ['cfg(webgpu)'] }
     = help: or consider adding `println!("cargo::rustc-check-cfg=cfg(webgpu)");` to the top of the `build.rs`
     = note: see <https://doc.rust-lang.org/nightly/rustc/check-cfg/cargo-specifics.html> for more information about checking conditional configuration

warning: unexpected `cfg` condition name: `webgpu`
    --> vendor/wgpu-0.20.1/src/lib.rs:2997:27
     |
2997 |             #[cfg(not(any(webgpu, wgpu_core)))]
     |                           ^^^^^^ help: found config with similar value: `feature = "webgpu"`
     |
     = help: consider using a Cargo feature instead
     = help: or consider adding in `Cargo.toml` the `check-cfg` lint config for the lint:
              [lints.rust]
              unexpected_cfgs = { level = "warn", check-cfg = ['cfg(webgpu)'] }
     = help: or consider adding `println!("cargo::rustc-check-cfg=cfg(webgpu)");` to the top of the `build.rs`
     = note: see <https://doc.rust-lang.org/nightly/rustc/check-cfg/cargo-specifics.html> for more information about checking conditional configuration

warning: unexpected `cfg` condition name: `wgpu_core`
    --> vendor/wgpu-0.20.1/src/lib.rs:2997:35
     |
2997 |             #[cfg(not(any(webgpu, wgpu_core)))]
     |                                   ^^^^^^^^^
     |
     = help: consider using a Cargo feature instead
     = help: or consider adding in `Cargo.toml` the `check-cfg` lint config for the lint:
              [lints.rust]
              unexpected_cfgs = { level = "warn", check-cfg = ['cfg(wgpu_core)'] }
     = help: or consider adding `println!("cargo::rustc-check-cfg=cfg(wgpu_core)");` to the top of the `build.rs`
     = note: see <https://doc.rust-lang.org/nightly/rustc/check-cfg/cargo-specifics.html> for more information about checking conditional configuration

warning: unexpected `cfg` condition name: `wgpu_core`
    --> vendor/wgpu-0.20.1/src/lib.rs:3006:19
     |
3006 |             #[cfg(wgpu_core)]
     |                   ^^^^^^^^^
     |
     = help: consider using a Cargo feature instead
     = help: or consider adding in `Cargo.toml` the `check-cfg` lint config for the lint:
              [lints.rust]
              unexpected_cfgs = { level = "warn", check-cfg = ['cfg(wgpu_core)'] }
     = help: or consider adding `println!("cargo::rustc-check-cfg=cfg(wgpu_core)");` to the top of the `build.rs`
     = note: see <https://doc.rust-lang.org/nightly/rustc/check-cfg/cargo-specifics.html> for more information about checking conditional configuration

warning: unexpected `cfg` condition name: `webgpu`
    --> vendor/wgpu-0.20.1/src/lib.rs:3008:19
     |
3008 |             #[cfg(webgpu)]
     |                   ^^^^^^ help: found config with similar value: `feature = "webgpu"`
     |
     = help: consider using a Cargo feature instead
     = help: or consider adding in `Cargo.toml` the `check-cfg` lint config for the lint:
              [lints.rust]
              unexpected_cfgs = { level = "warn", check-cfg = ['cfg(webgpu)'] }
     = help: or consider adding `println!("cargo::rustc-check-cfg=cfg(webgpu)");` to the top of the `build.rs`
     = note: see <https://doc.rust-lang.org/nightly/rustc/check-cfg/cargo-specifics.html> for more information about checking conditional configuration

warning: unexpected `cfg` condition name: `webgpu`
    --> vendor/wgpu-0.20.1/src/lib.rs:3010:27
     |
3010 |             #[cfg(not(any(webgpu, wgpu_core)))]
     |                           ^^^^^^ help: found config with similar value: `feature = "webgpu"`
     |
     = help: consider using a Cargo feature instead
     = help: or consider adding in `Cargo.toml` the `check-cfg` lint config for the lint:
              [lints.rust]
              unexpected_cfgs = { level = "warn", check-cfg = ['cfg(webgpu)'] }
     = help: or consider adding `println!("cargo::rustc-check-cfg=cfg(webgpu)");` to the top of the `build.rs`
     = note: see <https://doc.rust-lang.org/nightly/rustc/check-cfg/cargo-specifics.html> for more information about checking conditional configuration

warning: unexpected `cfg` condition name: `wgpu_core`
    --> vendor/wgpu-0.20.1/src/lib.rs:3010:35
     |
3010 |             #[cfg(not(any(webgpu, wgpu_core)))]
     |                                   ^^^^^^^^^
     |
     = help: consider using a Cargo feature instead
     = help: or consider adding in `Cargo.toml` the `check-cfg` lint config for the lint:
              [lints.rust]
              unexpected_cfgs = { level = "warn", check-cfg = ['cfg(wgpu_core)'] }
     = help: or consider adding `println!("cargo::rustc-check-cfg=cfg(wgpu_core)");` to the top of the `build.rs`
     = note: see <https://doc.rust-lang.org/nightly/rustc/check-cfg/cargo-specifics.html> for more information about checking conditional configuration

warning: unexpected `cfg` condition name: `wgpu_core`
    --> vendor/wgpu-0.20.1/src/lib.rs:3050:19
     |
3050 |             #[cfg(wgpu_core)]
     |                   ^^^^^^^^^
     |
     = help: consider using a Cargo feature instead
     = help: or consider adding in `Cargo.toml` the `check-cfg` lint config for the lint:
              [lints.rust]
              unexpected_cfgs = { level = "warn", check-cfg = ['cfg(wgpu_core)'] }
     = help: or consider adding `println!("cargo::rustc-check-cfg=cfg(wgpu_core)");` to the top of the `build.rs`
     = note: see <https://doc.rust-lang.org/nightly/rustc/check-cfg/cargo-specifics.html> for more information about checking conditional configuration

warning: unexpected `cfg` condition name: `wgpu_core`
    --> vendor/wgpu-0.20.1/src/lib.rs:3061:19
     |
3061 |             #[cfg(wgpu_core)]
     |                   ^^^^^^^^^
     |
     = help: consider using a Cargo feature instead
     = help: or consider adding in `Cargo.toml` the `check-cfg` lint config for the lint:
              [lints.rust]
              unexpected_cfgs = { level = "warn", check-cfg = ['cfg(wgpu_core)'] }
     = help: or consider adding `println!("cargo::rustc-check-cfg=cfg(wgpu_core)");` to the top of the `build.rs`
     = note: see <https://doc.rust-lang.org/nightly/rustc/check-cfg/cargo-specifics.html> for more information about checking conditional configuration

warning: unexpected `cfg` condition name: `webgpu`
    --> vendor/wgpu-0.20.1/src/lib.rs:3333:11
     |
3333 |     #[cfg(webgpu)]
     |           ^^^^^^ help: found config with similar value: `feature = "webgpu"`
     |
     = help: consider using a Cargo feature instead
     = help: or consider adding in `Cargo.toml` the `check-cfg` lint config for the lint:
              [lints.rust]
              unexpected_cfgs = { level = "warn", check-cfg = ['cfg(webgpu)'] }
     = help: or consider adding `println!("cargo::rustc-check-cfg=cfg(webgpu)");` to the top of the `build.rs`
     = note: see <https://doc.rust-lang.org/nightly/rustc/check-cfg/cargo-specifics.html> for more information about checking conditional configuration

warning: unexpected `cfg` condition name: `wgpu_core`
    --> vendor/wgpu-0.20.1/src/lib.rs:3379:11
     |
3379 |     #[cfg(wgpu_core)]
     |           ^^^^^^^^^
     |
     = help: consider using a Cargo feature instead
     = help: or consider adding in `Cargo.toml` the `check-cfg` lint config for the lint:
              [lints.rust]
              unexpected_cfgs = { level = "warn", check-cfg = ['cfg(wgpu_core)'] }
     = help: or consider adding `println!("cargo::rustc-check-cfg=cfg(wgpu_core)");` to the top of the `build.rs`
     = note: see <https://doc.rust-lang.org/nightly/rustc/check-cfg/cargo-specifics.html> for more information about checking conditional configuration

warning: unexpected `cfg` condition name: `wgpu_core`
    --> vendor/wgpu-0.20.1/src/lib.rs:3744:11
     |
3744 |     #[cfg(wgpu_core)]
     |           ^^^^^^^^^
     |
     = help: consider using a Cargo feature instead
     = help: or consider adding in `Cargo.toml` the `check-cfg` lint config for the lint:
              [lints.rust]
              unexpected_cfgs = { level = "warn", check-cfg = ['cfg(wgpu_core)'] }
     = help: or consider adding `println!("cargo::rustc-check-cfg=cfg(wgpu_core)");` to the top of the `build.rs`
     = note: see <https://doc.rust-lang.org/nightly/rustc/check-cfg/cargo-specifics.html> for more information about checking conditional configuration

warning: unexpected `cfg` condition name: `webgpu`
    --> vendor/wgpu-0.20.1/src/lib.rs:4949:15
     |
4949 |     #[cfg(any(webgpu, webgl))]
     |               ^^^^^^ help: found config with similar value: `feature = "webgpu"`
     |
     = help: consider using a Cargo feature instead
     = help: or consider adding in `Cargo.toml` the `check-cfg` lint config for the lint:
              [lints.rust]
              unexpected_cfgs = { level = "warn", check-cfg = ['cfg(webgpu)'] }
     = help: or consider adding `println!("cargo::rustc-check-cfg=cfg(webgpu)");` to the top of the `build.rs`
     = note: see <https://doc.rust-lang.org/nightly/rustc/check-cfg/cargo-specifics.html> for more information about checking conditional configuration

warning: unexpected `cfg` condition name: `webgl`
    --> vendor/wgpu-0.20.1/src/lib.rs:4949:23
     |
4949 |     #[cfg(any(webgpu, webgl))]
     |                       ^^^^^ help: found config with similar value: `feature = "webgl"`
     |
     = help: consider using a Cargo feature instead
     = help: or consider adding in `Cargo.toml` the `check-cfg` lint config for the lint:
              [lints.rust]
              unexpected_cfgs = { level = "warn", check-cfg = ['cfg(webgl)'] }
     = help: or consider adding `println!("cargo::rustc-check-cfg=cfg(webgl)");` to the top of the `build.rs`
     = note: see <https://doc.rust-lang.org/nightly/rustc/check-cfg/cargo-specifics.html> for more information about checking conditional configuration

warning: unexpected `cfg` condition name: `wgpu_core`
    --> vendor/wgpu-0.20.1/src/lib.rs:5175:11
     |
5175 |     #[cfg(wgpu_core)]
     |           ^^^^^^^^^
     |
     = help: consider using a Cargo feature instead
     = help: or consider adding in `Cargo.toml` the `check-cfg` lint config for the lint:
              [lints.rust]
              unexpected_cfgs = { level = "warn", check-cfg = ['cfg(wgpu_core)'] }
     = help: or consider adding `println!("cargo::rustc-check-cfg=cfg(wgpu_core)");` to the top of the `build.rs`
     = note: see <https://doc.rust-lang.org/nightly/rustc/check-cfg/cargo-specifics.html> for more information about checking conditional configuration

warning: unexpected `cfg` condition name: `wgpu_core`
    --> vendor/wgpu-0.20.1/src/lib.rs:5326:11
     |
5326 |     #[cfg(wgpu_core)]
     |           ^^^^^^^^^
     |
     = help: consider using a Cargo feature instead
     = help: or consider adding in `Cargo.toml` the `check-cfg` lint config for the lint:
              [lints.rust]
              unexpected_cfgs = { level = "warn", check-cfg = ['cfg(wgpu_core)'] }
     = help: or consider adding `println!("cargo::rustc-check-cfg=cfg(wgpu_core)");` to the top of the `build.rs`
     = note: see <https://doc.rust-lang.org/nightly/rustc/check-cfg/cargo-specifics.html> for more information about checking conditional configuration

warning: field `0` is never read
   --> vendor/wgpu-0.20.1/src/lib.rs:189:28
    |
189 | pub struct SubmissionIndex(ObjectId, Arc<crate::Data>);
    |            --------------- ^^^^^^^^
    |            |
    |            field in this struct
    |
    = note: `SubmissionIndex` has derived impls for the traits `Clone` and `Debug`, but these are intentionally ignored during dead code analysis
    = note: `#[warn(dead_code)]` (part of `#[warn(unused)]`) on by default
help: consider changing the field to be of unit type to suppress this warning while preserving the field numbering, or remove the field
    |
189 - pub struct SubmissionIndex(ObjectId, Arc<crate::Data>);
189 + pub struct SubmissionIndex((), Arc<crate::Data>);
    |

warning: methods `device_downlevel_properties`, `device_mark_lost`, `render_bundle_encoder_multi_draw_indirect`, `render_bundle_encoder_multi_draw_indexed_indirect`, `render_bundle_encoder_multi_draw_indirect_count`, and `render_bundle_encoder_multi_draw_indexed_indirect_count` are never used
   --> vendor/wgpu-0.20.1/src/context.rs:186:8
    |
 33 | pub trait Context: Debug + WasmNotSendSync + Sized {
    |           ------- methods in this trait
...
186 |     fn device_downlevel_properties(
    |        ^^^^^^^^^^^^^^^^^^^^^^^^^^^
...
280 |     fn device_mark_lost(
    |        ^^^^^^^^^^^^^^^^
...
764 |     fn render_bundle_encoder_multi_draw_indirect(
    |        ^^^^^^^^^^^^^^^^^^^^^^^^^^^^^^^^^^^^^^^^^
...
773 |     fn render_bundle_encoder_multi_draw_indexed_indirect(
    |        ^^^^^^^^^^^^^^^^^^^^^^^^^^^^^^^^^^^^^^^^^^^^^^^^^
...
783 |     fn render_bundle_encoder_multi_draw_indirect_count(
    |        ^^^^^^^^^^^^^^^^^^^^^^^^^^^^^^^^^^^^^^^^^^^^^^^
...
796 |     fn render_bundle_encoder_multi_draw_indexed_indirect_count(
    |        ^^^^^^^^^^^^^^^^^^^^^^^^^^^^^^^^^^^^^^^^^^^^^^^^^^^^^^^

warning: methods `device_downlevel_properties`, `device_mark_lost`, `render_bundle_encoder_multi_draw_indirect`, `render_bundle_encoder_multi_draw_indexed_indirect`, `render_bundle_encoder_multi_draw_indirect_count`, and `render_bundle_encoder_multi_draw_indexed_indirect_count` are never used
    --> vendor/wgpu-0.20.1/src/context.rs:1214:8
     |
1136 | pub(crate) trait DynContext: Debug + WasmNotSendSync {
     |                  ---------- methods in this trait
...
1214 |     fn device_downlevel_properties(
     |        ^^^^^^^^^^^^^^^^^^^^^^^^^^^
...
1308 |     fn device_mark_lost(&self, device: &ObjectId, device_data: &crate::Data, message: &str);
     |        ^^^^^^^^^^^^^^^^
...
1738 |     fn render_bundle_encoder_multi_draw_indirect(
     |        ^^^^^^^^^^^^^^^^^^^^^^^^^^^^^^^^^^^^^^^^^
...
1747 |     fn render_bundle_encoder_multi_draw_indexed_indirect(
     |        ^^^^^^^^^^^^^^^^^^^^^^^^^^^^^^^^^^^^^^^^^^^^^^^^^
...
1757 |     fn render_bundle_encoder_multi_draw_indirect_count(
     |        ^^^^^^^^^^^^^^^^^^^^^^^^^^^^^^^^^^^^^^^^^^^^^^^
...
1770 |     fn render_bundle_encoder_multi_draw_indexed_indirect_count(
     |        ^^^^^^^^^^^^^^^^^^^^^^^^^^^^^^^^^^^^^^^^^^^^^^^^^^^^^^^

warning: field `0` is never read
  --> vendor/wgpu-0.20.1/src/util/mod.rs:86:5
   |
85 | pub struct DownloadBuffer(
   |            -------------- field in this struct
86 |     Arc<super::Buffer>,
   |     ^^^^^^^^^^^^^^^^^^
   |
help: consider changing the field to be of unit type to suppress this warning while preserving the field numbering, or remove the field
   |
86 -     Arc<super::Buffer>,
86 +     (),
   |

warning: `wgpu` (lib) generated 160 warnings
    Finished `test` profile [unoptimized + debuginfo] target(s) in 0.38s
warning: the following packages contain code that will be rejected by a future version of Rust: block v0.1.6
note: to see what the problems were, use the option `--future-incompat-report`, or run `cargo report future-incompatibilities --id 1`
     Running unittests src/lib.rs (/Users/ryospiralarchitect/🌀SpiralReality🌀/_wt/spiraltorch-spiralk-golden-blackcat-contract-v1/target/debug/deps/st_backend_wgpu-439f09c482a2e2ce)

running 70 tests
test attention::tests::params_layout_is_32_bytes ... ok
test attention::tests::rejects_multiple_query_tiles ... ok
test attention::tests::rejects_unsupported_dtype ... ok
test catalog::tests::descriptor_matches_shader_basename ... ok
test gelu_back::tests::fused_uniform_size ... ok
test gelu_back::tests::geometry_autotune_clamps_to_tiny_limits ... ok
test gelu_back::tests::geometry_autotune_prefers_wide_tiles_when_supported ... ok
test gelu_back::tests::geometry_defaults_match_overrides ... ok
test gelu_back::tests::reduce_uniform_size ... ok
test catalog::tests::softmax_report_sets_hardmax_mask_flags ... ok
thread 'midk_bottomk::tests::explicitly_requested_runtime_does_not_skip_missing_device' (64357) panicked at crates/st-backend-wgpu/src/midk_bottomk.rs:837:16:
SPIRALTORCH_RUN_WGPU_RUNTIME_TESTS=1 requires a real WGPU device: "no adapter"
note: run with `RUST_BACKTRACE=1` environment variable to display a backtrace

test midk_bottomk::tests::element_counts_match_expected_values ... ok
test midk_bottomk::tests::geometry_validation_accepts_valid_stride ... ok
test midk_bottomk::tests::geometry_validation_flags_small_stride ... ok
test catalog::tests::catalog_contains_core_wgpu_families ... ok
test midk_bottomk::tests::row_prefix_dispatches_once_per_row_while_tile_stages_cover_every_tile ... ok
test midk_bottomk::tests::tiles_for_cols_handles_zero ... ok
test midk_bottomk::tests::tiles_for_cols_rounds_up ... ok
test gelu_back::tests::tiles_and_dispatch_match_reference ... ok
test compaction::tests::tile_counts_reduce_to_exact_rows ... ok
test catalog::tests::rank_report_selects_exact_two_command_bottomk_geometry ... ok
test rankk_exact_2ce::resident::tests::combined_readback_preserves_float_bits_and_signed_indices ... ok
test midk_bottomk::tests::explicitly_requested_runtime_does_not_skip_missing_device - should panic ... ok
test catalog::tests::catalog_entry_points_exist_in_owned_wgsl ... ok
matmul-rank chain adapter: AdapterInfo { name: "Apple M4", vendor: 0, device: 0, device_type: IntegratedGpu, driver: "", driver_info: "", backend: Metal }
matmul-rank adapter: AdapterInfo { name: "Apple M4", vendor: 0, device: 0, device_type: IntegratedGpu, driver: "", driver_info: "", backend: Metal }
test compaction::tests::runtime_matches_shared_reference_when_enabled ... ok
snapshot stages anchored=false us allocate=35.500 encoder=10.541 values_copy=42.292 indices_copy=6.917 finish=4.125 submit=87.041 map=524.917
snapshot stages anchored=false us allocate=15.042 encoder=3.625 values_copy=13.750 indices_copy=2.667 finish=0.958 submit=24.167 map=2800.583
snapshot stages anchored=false us allocate=43.708 encoder=11.250 values_copy=47.709 indices_copy=6.500 finish=4.250 submit=72.916 map=3445.542
test rankk_exact_2ce::resident::tests::matmul_copy_rejects_different_device_handles_when_enabled ... oksnapshot stages anchored=false us allocate=
48.709 encoder=14.500 values_copy=41.166 indices_copy=6.375 finish=3.667 submit=65.500 map=1140.708
snapshot stages anchored=false us allocate=81.000 encoder=14.042 values_copy=63.916 indices_copy=8.959 finish=6.125 submit=163.833 map=3061.458
snapshot stages anchored=false us allocate=40.500 encoder=7.083 values_copy=34.292 indices_copy=8.250 finish=3.625 submit=115.875 map=2309.250
snapshot stages anchored=false us allocate=24.125 encoder=5.708 values_copy=27.167 indices_copy=5.958 finish=1.875 submit=59.333 map=3532.292
test rankk_exact_2ce::tests::exact_rank_2ce_wgsl_parses_and_validates ... ok
snapshot stages anchored=false us allocate=7.375 encoder=2.042 values_copy=6.833 indices_copy=2.042 finish=0.625 submit=17.042 map=2691.250
snapshot stages anchored=false us allocate=38.542 encoder=7.625 values_copy=42.542 indices_copy=6.208 finish=2.917 submit=61.875 map=1083.583
test midk_bottomk::tests::multi_tile_compaction_preserves_row_stride_when_runtime_enabled ... ok
test rankk_exact_2ce::tests::merge_grid_matches_bounded_midk_selection ... ok
test rankk_exact_2ce::tests::plan_checks_local_sort_storage_before_pipeline_creation ... ok
test rankk_exact_2ce::tests::plan_preserves_requested_tile_and_derives_exact_geometry ... ok
test rankk_exact_2ce::tests::plan_rejects_semantically_invalid_requests ... ok
test render::temporal::tests::rejects_mismatched_buffers ... ok
test render::temporal::tests::rejects_overflowing_harmonic_shape_without_saturation ... ok
test render::temporal::tests::renders_decay_and_harmonics ... ok
test resident_matmul::tests::output_tile_and_invocation_geometry_agree ... ok
snapshot stages anchored=false us allocate=27.542 encoder=6.750 values_copy=26.250 indices_copy=5.666 finish=2.084 submit=49.833 map=3481.250
snapshot stages anchored=false us allocate=31.125 encoder=10.042 values_copy=37.416 indices_copy=6.000 finish=3.334 submit=57.125 map=3148.375
snapshot stages anchored=false us allocate=8.166 encoder=2.834 values_copy=12.083 indices_copy=2.667 finish=0.916 submit=20.167 map=588.708
snapshot stages anchored=false us allocate=21.875 encoder=4.292 values_copy=19.083 indices_copy=5.709 finish=1.791 submit=45.750 map=3326.209
snapshot stages anchored=false us allocate=33.833 encoder=10.250 values_copy=39.917 indices_copy=6.250 finish=3.708 submit=58.125 map=3321.959
snapshot stages anchored=true us allocate=21.084 encoder=8.541 values_copy=30.792 indices_copy=5.833 finish=2.459 submit=50.125 map=544.791
snapshot stages anchored=true us allocate=19.584 encoder=5.333 values_copy=20.208 indices_copy=5.584 finish=1.625 submit=45.166 map=3357.959
snapshot stages anchored=true us allocate=6.583 encoder=2.000 values_copy=7.334 indices_copy=2.166 finish=0.625 submit=17.792 map=3455.000
snapshot stages anchored=true us allocate=25.500 encoder=4.666 values_copy=30.250 indices_copy=4.459 finish=1.375 submit=27.125 map=200.166
snapshot stages anchored=true us allocate=19.208 encoder=5.167 values_copy=25.833 indices_copy=5.333 finish=1.459 submit=43.583 map=223.958
snapshot stages anchored=true us allocate=12.917 encoder=2.417 values_copy=9.583 indices_copy=2.125 finish=0.792 submit=20.041 map=1159.209
snapshot stages anchored=true us allocate=40.708 encoder=7.833 values_copy=36.584 indices_copy=6.500 finish=2.166 submit=69.417 map=5653.500
snapshot stages anchored=true us allocate=8.958 encoder=2.167 values_copy=9.708 indices_copy=1.875 finish=0.709 submit=17.000 map=277.750
snapshot stages anchored=true us allocate=16.750 encoder=5.167 values_copy=20.083 indices_copy=5.583 finish=1.875 submit=50.375 map=156.334
snapshot stages anchored=true us allocate=13.416 encoder=4.750 values_copy=22.834 indices_copy=6.291 finish=1.875 submit=63.667 map=2339.958
snapshot stages anchored=true us allocate=20.583 encoder=6.083 values_copy=22.750 indices_copy=5.917 finish=2.042 submit=43.916 map=1781.625
snapshot stages anchored=true us allocate=16.250 encoder=3.708 values_copy=13.083 indices_copy=2.959 finish=0.875 submit=23.291 map=2435.042
snapshot stages anchored=true us allocate=31.167 encoder=4.666 values_copy=19.500 indices_copy=5.500 finish=1.500 submit=42.709 map=157.125
snapshot stages anchored=true us allocate=15.125 encoder=3.875 values_copy=19.084 indices_copy=13.541 finish=1.792 submit=41.708 map=125.959
test rankk_exact_2ce::resident::tests::snapshot_copy_stages_match_output_when_enabled ... ok
test rankk_exact_2ce::resident::tests::matmul_input_copy_is_owned_and_validation_is_transactional_when_enabled ... ok
test resident_matmul::tests::resident_device_reuse_snapshots_and_chaining ... ok
test resident_matmul::tests::resident_compensation_recovers_small_terms_when_enabled ... ok
test resident_matmul::tests::rounded_add_bits_matches_f32_when_enabled ... ok
test resident_matmul::tests::shape_checks_shader_addressing_and_device_limits ... ok
test rankk_exact_2ce::resident::tests::matmul_chain_is_owned_and_transactional_when_enabled ... ok
test resident_matmul::tests::tile_checks_are_structural_and_device_specific ... ok
test runtime::tests::checked_byte_len_preserves_exact_sizes ... ok
test runtime::tests::checked_byte_len_rejects_unaddressable_storage ... ok
test runtime::tests::default_runtime_reuses_one_context_when_enabled ... ok
test runtime::tests::host_poll_backoff_keeps_fast_path_and_deadline ... ok
test runtime::tests::readback_pool_cancels_maps_and_keeps_one_idle_buffer_when_enabled ... ok
test softmax::tests::dispatch_matches_rows ... ok
test softmax::tests::params_layout_is_32_bytes ... ok
test transform::tests::color_jitter_gpu_matches_cpu_for_more_than_eight_channels_when_enabled ... ok
test transform::tests::empty_sequence_still_validates_input_contract ... ok
test transform::tests::image_geometry_reports_overflow_instead_of_panicking ... ok
test util::tests::apply_overrides_errors_when_constant_missing ... ok
test util::tests::apply_overrides_replaces_matching_constants ... ok
test util::tests::cache_reuses_source_without_retouching_disk ... ok
test util::tests::clear_prevents_inflight_source_from_repopulating_cache ... ok
test util::tests::prefetch_warms_cache_for_multiple_files ... ok

thread 'util::tests::source_cache_recovers_after_poison' (64414) panicked at crates/st-backend-wgpu/src/util.rs:507:13:
poison shader source cache
test util::tests::source_cache_recovers_after_poison ... ok

thread 'util::tests::source_loader_panic_does_not_poison_cache' (64415) panicked at crates/st-backend-wgpu/src/util.rs:546:25:
source loader failed
test util::tests::source_loader_panic_does_not_poison_cache ... ok
test util::tests::source_loader_runs_outside_cache_lock ... ok
test midk_bottomk::tests::portable_scan_matches_stable_compaction_across_tile_and_block_edges ... ok
test resident_matmul::tests::resident_browser_long_k_frozen_cells_match_reference_when_enabled ... ok
test rankk_exact_2ce::resident::tests::resident_rank_lifecycle_matches_reference_when_enabled ... ok
test rankk_exact_2ce::tests::exact_rank_2ce_runtime_matches_cpu_reference_when_enabled ... ok
test resident_matmul::tests::shared_shader_variants_validate ... ok
test rankk_exact_2ce::resident::tests::midk_parallel_destinations_and_padding_remain_disjoint_when_enabled ... ok
test resident_matmul::tests::resident_tiles_match_f64_reference_when_enabled ... ok
test rankk_exact_2ce::tests::local_and_storage_sort_boundaries_match_reference_when_enabled ... ok
test rankk_exact_2ce::resident::tests::fragmented_midk_seek_matches_total_order_when_enabled ... ok

test result: ok. 70 passed; 0 failed; 0 ignored; 0 measured; 0 filtered out; finished in 1.77s

     Running tests/wgsl_syntax.rs (/Users/ryospiralarchitect/🌀SpiralReality🌀/_wt/spiraltorch-spiralk-golden-blackcat-contract-v1/target/debug/deps/wgsl_syntax-4eede5f4a8b03f21)

running 1 test
test all_backend_shaders_parse ... ok

test result: ok. 1 passed; 0 failed; 0 ignored; 0 measured; 0 filtered out; finished in 0.02s

   Doc-tests st_backend_wgpu

running 0 tests

test result: ok. 0 passed; 0 failed; 0 ignored; 0 measured; 0 filtered out; finished in 0.00s

