warning: unexpected `cfg` condition name: `wgpu_core`
  --> vendor/wgpu-0.20.1/src/lib.rs:71:7
   |
71 | #[cfg(wgpu_core)]
   |       ^^^^^^^^^
   |
   = help: expected names are: `docsrs`, `feature`, and `test` and 32 more
   = help: consider using a Cargo feature instead
   = help: or consider adding in `Cargo.toml` the `check-cfg` lint config for the lint:
            [lints.rust]
            unexpected_cfgs = { level = "warn", check-cfg = ['cfg(wgpu_core)'] }
   = help: or consider adding `println!("cargo::rustc-check-cfg=cfg(wgpu_core)");` to the top of the `build.rs`
   = note: see <https://doc.rust-lang.org/nightly/rustc/check-cfg/cargo-specifics.html> for more information about checking conditional configuration
   = note: `#[warn(unexpected_cfgs)]` on by default

warning: unexpected `cfg` condition name: `wgpu_core`
  --> vendor/wgpu-0.20.1/src/lib.rs:77:7
   |
77 | #[cfg(wgpu_core)]
   |       ^^^^^^^^^
   |
   = help: consider using a Cargo feature instead
   = help: or consider adding in `Cargo.toml` the `check-cfg` lint config for the lint:
            [lints.rust]
            unexpected_cfgs = { level = "warn", check-cfg = ['cfg(wgpu_core)'] }
   = help: or consider adding `println!("cargo::rustc-check-cfg=cfg(wgpu_core)");` to the top of the `build.rs`
   = note: see <https://doc.rust-lang.org/nightly/rustc/check-cfg/cargo-specifics.html> for more information about checking conditional configuration

warning: unexpected `cfg` condition name: `wgpu_core`
  --> vendor/wgpu-0.20.1/src/lib.rs:82:7
   |
82 | #[cfg(wgpu_core)]
   |       ^^^^^^^^^
   |
   = help: consider using a Cargo feature instead
   = help: or consider adding in `Cargo.toml` the `check-cfg` lint config for the lint:
            [lints.rust]
            unexpected_cfgs = { level = "warn", check-cfg = ['cfg(wgpu_core)'] }
   = help: or consider adding `println!("cargo::rustc-check-cfg=cfg(wgpu_core)");` to the top of the `build.rs`
   = note: see <https://doc.rust-lang.org/nightly/rustc/check-cfg/cargo-specifics.html> for more information about checking conditional configuration

warning: unexpected `cfg` condition name: `wgpu_core`
  --> vendor/wgpu-0.20.1/src/lib.rs:88:15
   |
88 | #[cfg(all(not(wgpu_core), naga))]
   |               ^^^^^^^^^
   |
   = help: consider using a Cargo feature instead
   = help: or consider adding in `Cargo.toml` the `check-cfg` lint config for the lint:
            [lints.rust]
            unexpected_cfgs = { level = "warn", check-cfg = ['cfg(wgpu_core)'] }
   = help: or consider adding `println!("cargo::rustc-check-cfg=cfg(wgpu_core)");` to the top of the `build.rs`
   = note: see <https://doc.rust-lang.org/nightly/rustc/check-cfg/cargo-specifics.html> for more information about checking conditional configuration

warning: unexpected `cfg` condition name: `naga`
  --> vendor/wgpu-0.20.1/src/lib.rs:88:27
   |
88 | #[cfg(all(not(wgpu_core), naga))]
   |                           ^^^^ help: found config with similar value: `feature = "naga"`
   |
   = help: consider using a Cargo feature instead
   = help: or consider adding in `Cargo.toml` the `check-cfg` lint config for the lint:
            [lints.rust]
            unexpected_cfgs = { level = "warn", check-cfg = ['cfg(naga)'] }
   = help: or consider adding `println!("cargo::rustc-check-cfg=cfg(naga)");` to the top of the `build.rs`
   = note: see <https://doc.rust-lang.org/nightly/rustc/check-cfg/cargo-specifics.html> for more information about checking conditional configuration

warning: unexpected `cfg` condition name: `webgl`
  --> vendor/wgpu-0.20.1/src/lib.rs:99:11
   |
99 | #[cfg(any(webgl, webgpu))]
   |           ^^^^^ help: found config with similar value: `feature = "webgl"`
   |
   = help: consider using a Cargo feature instead
   = help: or consider adding in `Cargo.toml` the `check-cfg` lint config for the lint:
            [lints.rust]
            unexpected_cfgs = { level = "warn", check-cfg = ['cfg(webgl)'] }
   = help: or consider adding `println!("cargo::rustc-check-cfg=cfg(webgl)");` to the top of the `build.rs`
   = note: see <https://doc.rust-lang.org/nightly/rustc/check-cfg/cargo-specifics.html> for more information about checking conditional configuration

warning: unexpected `cfg` condition name: `webgpu`
  --> vendor/wgpu-0.20.1/src/lib.rs:99:18
   |
99 | #[cfg(any(webgl, webgpu))]
   |                  ^^^^^^ help: found config with similar value: `feature = "webgpu"`
   |
   = help: consider using a Cargo feature instead
   = help: or consider adding in `Cargo.toml` the `check-cfg` lint config for the lint:
            [lints.rust]
            unexpected_cfgs = { level = "warn", check-cfg = ['cfg(webgpu)'] }
   = help: or consider adding `println!("cargo::rustc-check-cfg=cfg(webgpu)");` to the top of the `build.rs`
   = note: see <https://doc.rust-lang.org/nightly/rustc/check-cfg/cargo-specifics.html> for more information about checking conditional configuration

warning: unexpected `cfg` condition name: `webgpu`
   --> vendor/wgpu-0.20.1/src/lib.rs:104:11
    |
104 | #[cfg(any(webgpu, webgl))]
    |           ^^^^^^ help: found config with similar value: `feature = "webgpu"`
    |
    = help: consider using a Cargo feature instead
    = help: or consider adding in `Cargo.toml` the `check-cfg` lint config for the lint:
             [lints.rust]
             unexpected_cfgs = { level = "warn", check-cfg = ['cfg(webgpu)'] }
    = help: or consider adding `println!("cargo::rustc-check-cfg=cfg(webgpu)");` to the top of the `build.rs`
    = note: see <https://doc.rust-lang.org/nightly/rustc/check-cfg/cargo-specifics.html> for more information about checking conditional configuration

warning: unexpected `cfg` condition name: `webgl`
   --> vendor/wgpu-0.20.1/src/lib.rs:104:19
    |
104 | #[cfg(any(webgpu, webgl))]
    |                   ^^^^^ help: found config with similar value: `feature = "webgl"`
    |
    = help: consider using a Cargo feature instead
    = help: or consider adding in `Cargo.toml` the `check-cfg` lint config for the lint:
             [lints.rust]
             unexpected_cfgs = { level = "warn", check-cfg = ['cfg(webgl)'] }
    = help: or consider adding `println!("cargo::rustc-check-cfg=cfg(webgl)");` to the top of the `build.rs`
    = note: see <https://doc.rust-lang.org/nightly/rustc/check-cfg/cargo-specifics.html> for more information about checking conditional configuration

warning: unexpected `cfg` condition name: `send_sync`
   --> vendor/wgpu-0.20.1/src/lib.rs:120:7
    |
120 | #[cfg(send_sync)]
    |       ^^^^^^^^^
    |
    = help: consider using a Cargo feature instead
    = help: or consider adding in `Cargo.toml` the `check-cfg` lint config for the lint:
             [lints.rust]
             unexpected_cfgs = { level = "warn", check-cfg = ['cfg(send_sync)'] }
    = help: or consider adding `println!("cargo::rustc-check-cfg=cfg(send_sync)");` to the top of the `build.rs`
    = note: see <https://doc.rust-lang.org/nightly/rustc/check-cfg/cargo-specifics.html> for more information about checking conditional configuration

warning: unexpected `cfg` condition name: `send_sync`
   --> vendor/wgpu-0.20.1/src/lib.rs:122:11
    |
122 | #[cfg(not(send_sync))]
    |           ^^^^^^^^^
    |
    = help: consider using a Cargo feature instead
    = help: or consider adding in `Cargo.toml` the `check-cfg` lint config for the lint:
             [lints.rust]
             unexpected_cfgs = { level = "warn", check-cfg = ['cfg(send_sync)'] }
    = help: or consider adding `println!("cargo::rustc-check-cfg=cfg(send_sync)");` to the top of the `build.rs`
    = note: see <https://doc.rust-lang.org/nightly/rustc/check-cfg/cargo-specifics.html> for more information about checking conditional configuration

warning: unexpected `cfg` condition name: `send_sync`
   --> vendor/wgpu-0.20.1/src/lib.rs:137:7
    |
137 | #[cfg(send_sync)]
    |       ^^^^^^^^^
    |
    = help: consider using a Cargo feature instead
    = help: or consider adding in `Cargo.toml` the `check-cfg` lint config for the lint:
             [lints.rust]
             unexpected_cfgs = { level = "warn", check-cfg = ['cfg(send_sync)'] }
    = help: or consider adding `println!("cargo::rustc-check-cfg=cfg(send_sync)");` to the top of the `build.rs`
    = note: see <https://doc.rust-lang.org/nightly/rustc/check-cfg/cargo-specifics.html> for more information about checking conditional configuration

warning: unexpected `cfg` condition name: `send_sync`
   --> vendor/wgpu-0.20.1/src/lib.rs:154:7
    |
154 | #[cfg(send_sync)]
    |       ^^^^^^^^^
    |
    = help: consider using a Cargo feature instead
    = help: or consider adding in `Cargo.toml` the `check-cfg` lint config for the lint:
             [lints.rust]
             unexpected_cfgs = { level = "warn", check-cfg = ['cfg(send_sync)'] }
    = help: or consider adding `println!("cargo::rustc-check-cfg=cfg(send_sync)");` to the top of the `build.rs`
    = note: see <https://doc.rust-lang.org/nightly/rustc/check-cfg/cargo-specifics.html> for more information about checking conditional configuration

warning: unexpected `cfg` condition name: `send_sync`
   --> vendor/wgpu-0.20.1/src/lib.rs:179:7
    |
179 | #[cfg(send_sync)]
    |       ^^^^^^^^^
    |
    = help: consider using a Cargo feature instead
    = help: or consider adding in `Cargo.toml` the `check-cfg` lint config for the lint:
             [lints.rust]
             unexpected_cfgs = { level = "warn", check-cfg = ['cfg(send_sync)'] }
    = help: or consider adding `println!("cargo::rustc-check-cfg=cfg(send_sync)");` to the top of the `build.rs`
    = note: see <https://doc.rust-lang.org/nightly/rustc/check-cfg/cargo-specifics.html> for more information about checking conditional configuration

warning: unexpected `cfg` condition name: `send_sync`
   --> vendor/wgpu-0.20.1/src/lib.rs:190:7
    |
190 | #[cfg(send_sync)]
    |       ^^^^^^^^^
    |
    = help: consider using a Cargo feature instead
    = help: or consider adding in `Cargo.toml` the `check-cfg` lint config for the lint:
             [lints.rust]
             unexpected_cfgs = { level = "warn", check-cfg = ['cfg(send_sync)'] }
    = help: or consider adding `println!("cargo::rustc-check-cfg=cfg(send_sync)");` to the top of the `build.rs`
    = note: see <https://doc.rust-lang.org/nightly/rustc/check-cfg/cargo-specifics.html> for more information about checking conditional configuration

warning: unexpected `cfg` condition name: `send_sync`
   --> vendor/wgpu-0.20.1/src/lib.rs:411:7
    |
411 | #[cfg(send_sync)]
    |       ^^^^^^^^^
    |
    = help: consider using a Cargo feature instead
    = help: or consider adding in `Cargo.toml` the `check-cfg` lint config for the lint:
             [lints.rust]
             unexpected_cfgs = { level = "warn", check-cfg = ['cfg(send_sync)'] }
    = help: or consider adding `println!("cargo::rustc-check-cfg=cfg(send_sync)");` to the top of the `build.rs`
    = note: see <https://doc.rust-lang.org/nightly/rustc/check-cfg/cargo-specifics.html> for more information about checking conditional configuration

warning: unexpected `cfg` condition name: `send_sync`
   --> vendor/wgpu-0.20.1/src/lib.rs:452:7
    |
452 | #[cfg(send_sync)]
    |       ^^^^^^^^^
    |
    = help: consider using a Cargo feature instead
    = help: or consider adding in `Cargo.toml` the `check-cfg` lint config for the lint:
             [lints.rust]
             unexpected_cfgs = { level = "warn", check-cfg = ['cfg(send_sync)'] }
    = help: or consider adding `println!("cargo::rustc-check-cfg=cfg(send_sync)");` to the top of the `build.rs`
    = note: see <https://doc.rust-lang.org/nightly/rustc/check-cfg/cargo-specifics.html> for more information about checking conditional configuration

warning: unexpected `cfg` condition name: `send_sync`
   --> vendor/wgpu-0.20.1/src/lib.rs:468:7
    |
468 | #[cfg(send_sync)]
    |       ^^^^^^^^^
    |
    = help: consider using a Cargo feature instead
    = help: or consider adding in `Cargo.toml` the `check-cfg` lint config for the lint:
             [lints.rust]
             unexpected_cfgs = { level = "warn", check-cfg = ['cfg(send_sync)'] }
    = help: or consider adding `println!("cargo::rustc-check-cfg=cfg(send_sync)");` to the top of the `build.rs`
    = note: see <https://doc.rust-lang.org/nightly/rustc/check-cfg/cargo-specifics.html> for more information about checking conditional configuration

warning: unexpected `cfg` condition name: `send_sync`
   --> vendor/wgpu-0.20.1/src/lib.rs:483:7
    |
483 | #[cfg(send_sync)]
    |       ^^^^^^^^^
    |
    = help: consider using a Cargo feature instead
    = help: or consider adding in `Cargo.toml` the `check-cfg` lint config for the lint:
             [lints.rust]
             unexpected_cfgs = { level = "warn", check-cfg = ['cfg(send_sync)'] }
    = help: or consider adding `println!("cargo::rustc-check-cfg=cfg(send_sync)");` to the top of the `build.rs`
    = note: see <https://doc.rust-lang.org/nightly/rustc/check-cfg/cargo-specifics.html> for more information about checking conditional configuration

warning: unexpected `cfg` condition name: `send_sync`
   --> vendor/wgpu-0.20.1/src/lib.rs:501:7
    |
501 | #[cfg(send_sync)]
    |       ^^^^^^^^^
    |
    = help: consider using a Cargo feature instead
    = help: or consider adding in `Cargo.toml` the `check-cfg` lint config for the lint:
             [lints.rust]
             unexpected_cfgs = { level = "warn", check-cfg = ['cfg(send_sync)'] }
    = help: or consider adding `println!("cargo::rustc-check-cfg=cfg(send_sync)");` to the top of the `build.rs`
    = note: see <https://doc.rust-lang.org/nightly/rustc/check-cfg/cargo-specifics.html> for more information about checking conditional configuration

warning: unexpected `cfg` condition name: `send_sync`
   --> vendor/wgpu-0.20.1/src/lib.rs:574:7
    |
574 | #[cfg(send_sync)]
    |       ^^^^^^^^^
    |
    = help: consider using a Cargo feature instead
    = help: or consider adding in `Cargo.toml` the `check-cfg` lint config for the lint:
             [lints.rust]
             unexpected_cfgs = { level = "warn", check-cfg = ['cfg(send_sync)'] }
    = help: or consider adding `println!("cargo::rustc-check-cfg=cfg(send_sync)");` to the top of the `build.rs`
    = note: see <https://doc.rust-lang.org/nightly/rustc/check-cfg/cargo-specifics.html> for more information about checking conditional configuration

warning: unexpected `cfg` condition name: `send_sync`
   --> vendor/wgpu-0.20.1/src/lib.rs:746:7
    |
746 | #[cfg(send_sync)]
    |       ^^^^^^^^^
    |
    = help: consider using a Cargo feature instead
    = help: or consider adding in `Cargo.toml` the `check-cfg` lint config for the lint:
             [lints.rust]
             unexpected_cfgs = { level = "warn", check-cfg = ['cfg(send_sync)'] }
    = help: or consider adding `println!("cargo::rustc-check-cfg=cfg(send_sync)");` to the top of the `build.rs`
    = note: see <https://doc.rust-lang.org/nightly/rustc/check-cfg/cargo-specifics.html> for more information about checking conditional configuration

warning: unexpected `cfg` condition name: `send_sync`
   --> vendor/wgpu-0.20.1/src/lib.rs:772:7
    |
772 | #[cfg(send_sync)]
    |       ^^^^^^^^^
    |
    = help: consider using a Cargo feature instead
    = help: or consider adding in `Cargo.toml` the `check-cfg` lint config for the lint:
             [lints.rust]
             unexpected_cfgs = { level = "warn", check-cfg = ['cfg(send_sync)'] }
    = help: or consider adding `println!("cargo::rustc-check-cfg=cfg(send_sync)");` to the top of the `build.rs`
    = note: see <https://doc.rust-lang.org/nightly/rustc/check-cfg/cargo-specifics.html> for more information about checking conditional configuration

warning: unexpected `cfg` condition name: `send_sync`
   --> vendor/wgpu-0.20.1/src/lib.rs:797:7
    |
797 | #[cfg(send_sync)]
    |       ^^^^^^^^^
    |
    = help: consider using a Cargo feature instead
    = help: or consider adding in `Cargo.toml` the `check-cfg` lint config for the lint:
             [lints.rust]
             unexpected_cfgs = { level = "warn", check-cfg = ['cfg(send_sync)'] }
    = help: or consider adding `println!("cargo::rustc-check-cfg=cfg(send_sync)");` to the top of the `build.rs`
    = note: see <https://doc.rust-lang.org/nightly/rustc/check-cfg/cargo-specifics.html> for more information about checking conditional configuration

warning: unexpected `cfg` condition name: `send_sync`
   --> vendor/wgpu-0.20.1/src/lib.rs:891:7
    |
891 | #[cfg(send_sync)]
    |       ^^^^^^^^^
    |
    = help: consider using a Cargo feature instead
    = help: or consider adding in `Cargo.toml` the `check-cfg` lint config for the lint:
             [lints.rust]
             unexpected_cfgs = { level = "warn", check-cfg = ['cfg(send_sync)'] }
    = help: or consider adding `println!("cargo::rustc-check-cfg=cfg(send_sync)");` to the top of the `build.rs`
    = note: see <https://doc.rust-lang.org/nightly/rustc/check-cfg/cargo-specifics.html> for more information about checking conditional configuration

warning: unexpected `cfg` condition name: `send_sync`
   --> vendor/wgpu-0.20.1/src/lib.rs:915:7
    |
915 | #[cfg(send_sync)]
    |       ^^^^^^^^^
    |
    = help: consider using a Cargo feature instead
    = help: or consider adding in `Cargo.toml` the `check-cfg` lint config for the lint:
             [lints.rust]
             unexpected_cfgs = { level = "warn", check-cfg = ['cfg(send_sync)'] }
    = help: or consider adding `println!("cargo::rustc-check-cfg=cfg(send_sync)");` to the top of the `build.rs`
    = note: see <https://doc.rust-lang.org/nightly/rustc/check-cfg/cargo-specifics.html> for more information about checking conditional configuration

warning: unexpected `cfg` condition name: `send_sync`
   --> vendor/wgpu-0.20.1/src/lib.rs:950:7
    |
950 | #[cfg(send_sync)]
    |       ^^^^^^^^^
    |
    = help: consider using a Cargo feature instead
    = help: or consider adding in `Cargo.toml` the `check-cfg` lint config for the lint:
             [lints.rust]
             unexpected_cfgs = { level = "warn", check-cfg = ['cfg(send_sync)'] }
    = help: or consider adding `println!("cargo::rustc-check-cfg=cfg(send_sync)");` to the top of the `build.rs`
    = note: see <https://doc.rust-lang.org/nightly/rustc/check-cfg/cargo-specifics.html> for more information about checking conditional configuration

warning: unexpected `cfg` condition name: `send_sync`
   --> vendor/wgpu-0.20.1/src/lib.rs:988:7
    |
988 | #[cfg(send_sync)]
    |       ^^^^^^^^^
    |
    = help: consider using a Cargo feature instead
    = help: or consider adding in `Cargo.toml` the `check-cfg` lint config for the lint:
             [lints.rust]
             unexpected_cfgs = { level = "warn", check-cfg = ['cfg(send_sync)'] }
    = help: or consider adding `println!("cargo::rustc-check-cfg=cfg(send_sync)");` to the top of the `build.rs`
    = note: see <https://doc.rust-lang.org/nightly/rustc/check-cfg/cargo-specifics.html> for more information about checking conditional configuration

warning: unexpected `cfg` condition name: `send_sync`
    --> vendor/wgpu-0.20.1/src/lib.rs:1017:7
     |
1017 | #[cfg(send_sync)]
     |       ^^^^^^^^^
     |
     = help: consider using a Cargo feature instead
     = help: or consider adding in `Cargo.toml` the `check-cfg` lint config for the lint:
              [lints.rust]
              unexpected_cfgs = { level = "warn", check-cfg = ['cfg(send_sync)'] }
     = help: or consider adding `println!("cargo::rustc-check-cfg=cfg(send_sync)");` to the top of the `build.rs`
     = note: see <https://doc.rust-lang.org/nightly/rustc/check-cfg/cargo-specifics.html> for more information about checking conditional configuration

warning: unexpected `cfg` condition name: `send_sync`
    --> vendor/wgpu-0.20.1/src/lib.rs:1106:7
     |
1106 | #[cfg(send_sync)]
     |       ^^^^^^^^^
     |
     = help: consider using a Cargo feature instead
     = help: or consider adding in `Cargo.toml` the `check-cfg` lint config for the lint:
              [lints.rust]
              unexpected_cfgs = { level = "warn", check-cfg = ['cfg(send_sync)'] }
     = help: or consider adding `println!("cargo::rustc-check-cfg=cfg(send_sync)");` to the top of the `build.rs`
     = note: see <https://doc.rust-lang.org/nightly/rustc/check-cfg/cargo-specifics.html> for more information about checking conditional configuration

warning: unexpected `cfg` condition name: `send_sync`
    --> vendor/wgpu-0.20.1/src/lib.rs:1129:7
     |
1129 | #[cfg(send_sync)]
     |       ^^^^^^^^^
     |
     = help: consider using a Cargo feature instead
     = help: or consider adding in `Cargo.toml` the `check-cfg` lint config for the lint:
              [lints.rust]
              unexpected_cfgs = { level = "warn", check-cfg = ['cfg(send_sync)'] }
     = help: or consider adding `println!("cargo::rustc-check-cfg=cfg(send_sync)");` to the top of the `build.rs`
     = note: see <https://doc.rust-lang.org/nightly/rustc/check-cfg/cargo-specifics.html> for more information about checking conditional configuration

warning: unexpected `cfg` condition name: `send_sync`
    --> vendor/wgpu-0.20.1/src/lib.rs:1130:7
     |
1130 | #[cfg(send_sync)]
     |       ^^^^^^^^^
     |
     = help: consider using a Cargo feature instead
     = help: or consider adding in `Cargo.toml` the `check-cfg` lint config for the lint:
              [lints.rust]
              unexpected_cfgs = { level = "warn", check-cfg = ['cfg(send_sync)'] }
     = help: or consider adding `println!("cargo::rustc-check-cfg=cfg(send_sync)");` to the top of the `build.rs`
     = note: see <https://doc.rust-lang.org/nightly/rustc/check-cfg/cargo-specifics.html> for more information about checking conditional configuration

warning: unexpected `cfg` condition name: `send_sync`
    --> vendor/wgpu-0.20.1/src/lib.rs:1154:7
     |
1154 | #[cfg(send_sync)]
     |       ^^^^^^^^^
     |
     = help: consider using a Cargo feature instead
     = help: or consider adding in `Cargo.toml` the `check-cfg` lint config for the lint:
              [lints.rust]
              unexpected_cfgs = { level = "warn", check-cfg = ['cfg(send_sync)'] }
     = help: or consider adding `println!("cargo::rustc-check-cfg=cfg(send_sync)");` to the top of the `build.rs`
     = note: see <https://doc.rust-lang.org/nightly/rustc/check-cfg/cargo-specifics.html> for more information about checking conditional configuration

warning: unexpected `cfg` condition name: `send_sync`
    --> vendor/wgpu-0.20.1/src/lib.rs:1208:7
     |
1208 | #[cfg(send_sync)]
     |       ^^^^^^^^^
     |
     = help: consider using a Cargo feature instead
     = help: or consider adding in `Cargo.toml` the `check-cfg` lint config for the lint:
              [lints.rust]
              unexpected_cfgs = { level = "warn", check-cfg = ['cfg(send_sync)'] }
     = help: or consider adding `println!("cargo::rustc-check-cfg=cfg(send_sync)");` to the top of the `build.rs`
     = note: see <https://doc.rust-lang.org/nightly/rustc/check-cfg/cargo-specifics.html> for more information about checking conditional configuration

warning: unexpected `cfg` condition name: `send_sync`
    --> vendor/wgpu-0.20.1/src/lib.rs:1240:7
     |
1240 | #[cfg(send_sync)]
     |       ^^^^^^^^^
     |
     = help: consider using a Cargo feature instead
     = help: or consider adding in `Cargo.toml` the `check-cfg` lint config for the lint:
              [lints.rust]
              unexpected_cfgs = { level = "warn", check-cfg = ['cfg(send_sync)'] }
     = help: or consider adding `println!("cargo::rustc-check-cfg=cfg(send_sync)");` to the top of the `build.rs`
     = note: see <https://doc.rust-lang.org/nightly/rustc/check-cfg/cargo-specifics.html> for more information about checking conditional configuration

warning: unexpected `cfg` condition name: `send_sync`
    --> vendor/wgpu-0.20.1/src/lib.rs:1334:7
     |
1334 | #[cfg(send_sync)]
     |       ^^^^^^^^^
     |
     = help: consider using a Cargo feature instead
     = help: or consider adding in `Cargo.toml` the `check-cfg` lint config for the lint:
              [lints.rust]
              unexpected_cfgs = { level = "warn", check-cfg = ['cfg(send_sync)'] }
     = help: or consider adding `println!("cargo::rustc-check-cfg=cfg(send_sync)");` to the top of the `build.rs`
     = note: see <https://doc.rust-lang.org/nightly/rustc/check-cfg/cargo-specifics.html> for more information about checking conditional configuration

warning: unexpected `cfg` condition name: `send_sync`
    --> vendor/wgpu-0.20.1/src/lib.rs:1354:7
     |
1354 | #[cfg(send_sync)]
     |       ^^^^^^^^^
     |
     = help: consider using a Cargo feature instead
     = help: or consider adding in `Cargo.toml` the `check-cfg` lint config for the lint:
              [lints.rust]
              unexpected_cfgs = { level = "warn", check-cfg = ['cfg(send_sync)'] }
     = help: or consider adding `println!("cargo::rustc-check-cfg=cfg(send_sync)");` to the top of the `build.rs`
     = note: see <https://doc.rust-lang.org/nightly/rustc/check-cfg/cargo-specifics.html> for more information about checking conditional configuration

warning: unexpected `cfg` condition name: `send_sync`
    --> vendor/wgpu-0.20.1/src/lib.rs:1372:7
     |
1372 | #[cfg(send_sync)]
     |       ^^^^^^^^^
     |
     = help: consider using a Cargo feature instead
     = help: or consider adding in `Cargo.toml` the `check-cfg` lint config for the lint:
              [lints.rust]
              unexpected_cfgs = { level = "warn", check-cfg = ['cfg(send_sync)'] }
     = help: or consider adding `println!("cargo::rustc-check-cfg=cfg(send_sync)");` to the top of the `build.rs`
     = note: see <https://doc.rust-lang.org/nightly/rustc/check-cfg/cargo-specifics.html> for more information about checking conditional configuration

warning: unexpected `cfg` condition name: `send_sync`
    --> vendor/wgpu-0.20.1/src/lib.rs:1387:7
     |
1387 | #[cfg(send_sync)]
     |       ^^^^^^^^^
     |
     = help: consider using a Cargo feature instead
     = help: or consider adding in `Cargo.toml` the `check-cfg` lint config for the lint:
              [lints.rust]
              unexpected_cfgs = { level = "warn", check-cfg = ['cfg(send_sync)'] }
     = help: or consider adding `println!("cargo::rustc-check-cfg=cfg(send_sync)");` to the top of the `build.rs`
     = note: see <https://doc.rust-lang.org/nightly/rustc/check-cfg/cargo-specifics.html> for more information about checking conditional configuration

warning: unexpected `cfg` condition name: `send_sync`
    --> vendor/wgpu-0.20.1/src/lib.rs:1440:7
     |
1440 | #[cfg(send_sync)]
     |       ^^^^^^^^^
     |
     = help: consider using a Cargo feature instead
     = help: or consider adding in `Cargo.toml` the `check-cfg` lint config for the lint:
              [lints.rust]
              unexpected_cfgs = { level = "warn", check-cfg = ['cfg(send_sync)'] }
     = help: or consider adding `println!("cargo::rustc-check-cfg=cfg(send_sync)");` to the top of the `build.rs`
     = note: see <https://doc.rust-lang.org/nightly/rustc/check-cfg/cargo-specifics.html> for more information about checking conditional configuration

warning: unexpected `cfg` condition name: `send_sync`
    --> vendor/wgpu-0.20.1/src/lib.rs:1496:7
     |
1496 | #[cfg(send_sync)]
     |       ^^^^^^^^^
     |
     = help: consider using a Cargo feature instead
     = help: or consider adding in `Cargo.toml` the `check-cfg` lint config for the lint:
              [lints.rust]
              unexpected_cfgs = { level = "warn", check-cfg = ['cfg(send_sync)'] }
     = help: or consider adding `println!("cargo::rustc-check-cfg=cfg(send_sync)");` to the top of the `build.rs`
     = note: see <https://doc.rust-lang.org/nightly/rustc/check-cfg/cargo-specifics.html> for more information about checking conditional configuration

warning: unexpected `cfg` condition name: `send_sync`
    --> vendor/wgpu-0.20.1/src/lib.rs:1566:7
     |
1566 | #[cfg(send_sync)]
     |       ^^^^^^^^^
     |
     = help: consider using a Cargo feature instead
     = help: or consider adding in `Cargo.toml` the `check-cfg` lint config for the lint:
              [lints.rust]
              unexpected_cfgs = { level = "warn", check-cfg = ['cfg(send_sync)'] }
     = help: or consider adding `println!("cargo::rustc-check-cfg=cfg(send_sync)");` to the top of the `build.rs`
     = note: see <https://doc.rust-lang.org/nightly/rustc/check-cfg/cargo-specifics.html> for more information about checking conditional configuration

warning: unexpected `cfg` condition name: `send_sync`
    --> vendor/wgpu-0.20.1/src/lib.rs:1584:7
     |
1584 | #[cfg(send_sync)]
     |       ^^^^^^^^^
     |
     = help: consider using a Cargo feature instead
     = help: or consider adding in `Cargo.toml` the `check-cfg` lint config for the lint:
              [lints.rust]
              unexpected_cfgs = { level = "warn", check-cfg = ['cfg(send_sync)'] }
     = help: or consider adding `println!("cargo::rustc-check-cfg=cfg(send_sync)");` to the top of the `build.rs`
     = note: see <https://doc.rust-lang.org/nightly/rustc/check-cfg/cargo-specifics.html> for more information about checking conditional configuration

warning: unexpected `cfg` condition name: `send_sync`
    --> vendor/wgpu-0.20.1/src/lib.rs:1611:7
     |
1611 | #[cfg(send_sync)]
     |       ^^^^^^^^^
     |
     = help: consider using a Cargo feature instead
     = help: or consider adding in `Cargo.toml` the `check-cfg` lint config for the lint:
              [lints.rust]
              unexpected_cfgs = { level = "warn", check-cfg = ['cfg(send_sync)'] }
     = help: or consider adding `println!("cargo::rustc-check-cfg=cfg(send_sync)");` to the top of the `build.rs`
     = note: see <https://doc.rust-lang.org/nightly/rustc/check-cfg/cargo-specifics.html> for more information about checking conditional configuration

warning: unexpected `cfg` condition name: `send_sync`
    --> vendor/wgpu-0.20.1/src/lib.rs:1651:7
     |
1651 | #[cfg(send_sync)]
     |       ^^^^^^^^^
     |
     = help: consider using a Cargo feature instead
     = help: or consider adding in `Cargo.toml` the `check-cfg` lint config for the lint:
              [lints.rust]
              unexpected_cfgs = { level = "warn", check-cfg = ['cfg(send_sync)'] }
     = help: or consider adding `println!("cargo::rustc-check-cfg=cfg(send_sync)");` to the top of the `build.rs`
     = note: see <https://doc.rust-lang.org/nightly/rustc/check-cfg/cargo-specifics.html> for more information about checking conditional configuration

warning: unexpected `cfg` condition name: `send_sync`
    --> vendor/wgpu-0.20.1/src/lib.rs:1674:7
     |
1674 | #[cfg(send_sync)]
     |       ^^^^^^^^^
     |
     = help: consider using a Cargo feature instead
     = help: or consider adding in `Cargo.toml` the `check-cfg` lint config for the lint:
              [lints.rust]
              unexpected_cfgs = { level = "warn", check-cfg = ['cfg(send_sync)'] }
     = help: or consider adding `println!("cargo::rustc-check-cfg=cfg(send_sync)");` to the top of the `build.rs`
     = note: see <https://doc.rust-lang.org/nightly/rustc/check-cfg/cargo-specifics.html> for more information about checking conditional configuration

warning: unexpected `cfg` condition name: `send_sync`
    --> vendor/wgpu-0.20.1/src/lib.rs:1703:7
     |
1703 | #[cfg(send_sync)]
     |       ^^^^^^^^^
     |
     = help: consider using a Cargo feature instead
     = help: or consider adding in `Cargo.toml` the `check-cfg` lint config for the lint:
              [lints.rust]
              unexpected_cfgs = { level = "warn", check-cfg = ['cfg(send_sync)'] }
     = help: or consider adding `println!("cargo::rustc-check-cfg=cfg(send_sync)");` to the top of the `build.rs`
     = note: see <https://doc.rust-lang.org/nightly/rustc/check-cfg/cargo-specifics.html> for more information about checking conditional configuration

warning: unexpected `cfg` condition name: `send_sync`
    --> vendor/wgpu-0.20.1/src/lib.rs:1722:7
     |
1722 | #[cfg(send_sync)]
     |       ^^^^^^^^^
     |
     = help: consider using a Cargo feature instead
     = help: or consider adding in `Cargo.toml` the `check-cfg` lint config for the lint:
              [lints.rust]
              unexpected_cfgs = { level = "warn", check-cfg = ['cfg(send_sync)'] }
     = help: or consider adding `println!("cargo::rustc-check-cfg=cfg(send_sync)");` to the top of the `build.rs`
     = note: see <https://doc.rust-lang.org/nightly/rustc/check-cfg/cargo-specifics.html> for more information about checking conditional configuration

warning: unexpected `cfg` condition name: `send_sync`
    --> vendor/wgpu-0.20.1/src/lib.rs:1740:7
     |
1740 | #[cfg(send_sync)]
     |       ^^^^^^^^^
     |
     = help: consider using a Cargo feature instead
     = help: or consider adding in `Cargo.toml` the `check-cfg` lint config for the lint:
              [lints.rust]
              unexpected_cfgs = { level = "warn", check-cfg = ['cfg(send_sync)'] }
     = help: or consider adding `println!("cargo::rustc-check-cfg=cfg(send_sync)");` to the top of the `build.rs`
     = note: see <https://doc.rust-lang.org/nightly/rustc/check-cfg/cargo-specifics.html> for more information about checking conditional configuration

warning: unexpected `cfg` condition name: `send_sync`
    --> vendor/wgpu-0.20.1/src/lib.rs:1800:7
     |
1800 | #[cfg(send_sync)]
     |       ^^^^^^^^^
     |
     = help: consider using a Cargo feature instead
     = help: or consider adding in `Cargo.toml` the `check-cfg` lint config for the lint:
              [lints.rust]
              unexpected_cfgs = { level = "warn", check-cfg = ['cfg(send_sync)'] }
     = help: or consider adding `println!("cargo::rustc-check-cfg=cfg(send_sync)");` to the top of the `build.rs`
     = note: see <https://doc.rust-lang.org/nightly/rustc/check-cfg/cargo-specifics.html> for more information about checking conditional configuration

warning: unexpected `cfg` condition name: `send_sync`
    --> vendor/wgpu-0.20.1/src/lib.rs:1809:7
     |
1809 | #[cfg(send_sync)]
     |       ^^^^^^^^^
     |
     = help: consider using a Cargo feature instead
     = help: or consider adding in `Cargo.toml` the `check-cfg` lint config for the lint:
              [lints.rust]
              unexpected_cfgs = { level = "warn", check-cfg = ['cfg(send_sync)'] }
     = help: or consider adding `println!("cargo::rustc-check-cfg=cfg(send_sync)");` to the top of the `build.rs`
     = note: see <https://doc.rust-lang.org/nightly/rustc/check-cfg/cargo-specifics.html> for more information about checking conditional configuration

warning: unexpected `cfg` condition name: `send_sync`
    --> vendor/wgpu-0.20.1/src/lib.rs:1818:7
     |
1818 | #[cfg(send_sync)]
     |       ^^^^^^^^^
     |
     = help: consider using a Cargo feature instead
     = help: or consider adding in `Cargo.toml` the `check-cfg` lint config for the lint:
              [lints.rust]
              unexpected_cfgs = { level = "warn", check-cfg = ['cfg(send_sync)'] }
     = help: or consider adding `println!("cargo::rustc-check-cfg=cfg(send_sync)");` to the top of the `build.rs`
     = note: see <https://doc.rust-lang.org/nightly/rustc/check-cfg/cargo-specifics.html> for more information about checking conditional configuration

warning: unexpected `cfg` condition name: `send_sync`
    --> vendor/wgpu-0.20.1/src/lib.rs:1828:7
     |
1828 | #[cfg(send_sync)]
     |       ^^^^^^^^^
     |
     = help: consider using a Cargo feature instead
     = help: or consider adding in `Cargo.toml` the `check-cfg` lint config for the lint:
              [lints.rust]
              unexpected_cfgs = { level = "warn", check-cfg = ['cfg(send_sync)'] }
     = help: or consider adding `println!("cargo::rustc-check-cfg=cfg(send_sync)");` to the top of the `build.rs`
     = note: see <https://doc.rust-lang.org/nightly/rustc/check-cfg/cargo-specifics.html> for more information about checking conditional configuration

warning: unexpected `cfg` condition name: `send_sync`
    --> vendor/wgpu-0.20.1/src/lib.rs:1887:7
     |
1887 | #[cfg(send_sync)]
     |       ^^^^^^^^^
     |
     = help: consider using a Cargo feature instead
     = help: or consider adding in `Cargo.toml` the `check-cfg` lint config for the lint:
              [lints.rust]
              unexpected_cfgs = { level = "warn", check-cfg = ['cfg(send_sync)'] }
     = help: or consider adding `println!("cargo::rustc-check-cfg=cfg(send_sync)");` to the top of the `build.rs`
     = note: see <https://doc.rust-lang.org/nightly/rustc/check-cfg/cargo-specifics.html> for more information about checking conditional configuration

warning: unexpected `cfg` condition name: `send_sync`
    --> vendor/wgpu-0.20.1/src/lib.rs:2979:7
     |
2979 | #[cfg(send_sync)]
     |       ^^^^^^^^^
     |
     = help: consider using a Cargo feature instead
     = help: or consider adding in `Cargo.toml` the `check-cfg` lint config for the lint:
              [lints.rust]
              unexpected_cfgs = { level = "warn", check-cfg = ['cfg(send_sync)'] }
     = help: or consider adding `println!("cargo::rustc-check-cfg=cfg(send_sync)");` to the top of the `build.rs`
     = note: see <https://doc.rust-lang.org/nightly/rustc/check-cfg/cargo-specifics.html> for more information about checking conditional configuration

warning: unexpected `cfg` condition name: `send_sync`
    --> vendor/wgpu-0.20.1/src/lib.rs:2981:7
     |
2981 | #[cfg(send_sync)]
     |       ^^^^^^^^^
     |
     = help: consider using a Cargo feature instead
     = help: or consider adding in `Cargo.toml` the `check-cfg` lint config for the lint:
              [lints.rust]
              unexpected_cfgs = { level = "warn", check-cfg = ['cfg(send_sync)'] }
     = help: or consider adding `println!("cargo::rustc-check-cfg=cfg(send_sync)");` to the top of the `build.rs`
     = note: see <https://doc.rust-lang.org/nightly/rustc/check-cfg/cargo-specifics.html> for more information about checking conditional configuration

warning: unexpected `cfg` condition name: `send_sync`
    --> vendor/wgpu-0.20.1/src/lib.rs:2984:7
     |
2984 | #[cfg(send_sync)]
     |       ^^^^^^^^^
     |
     = help: consider using a Cargo feature instead
     = help: or consider adding in `Cargo.toml` the `check-cfg` lint config for the lint:
              [lints.rust]
              unexpected_cfgs = { level = "warn", check-cfg = ['cfg(send_sync)'] }
     = help: or consider adding `println!("cargo::rustc-check-cfg=cfg(send_sync)");` to the top of the `build.rs`
     = note: see <https://doc.rust-lang.org/nightly/rustc/check-cfg/cargo-specifics.html> for more information about checking conditional configuration

warning: unexpected `cfg` condition name: `wgpu_core`
    --> vendor/wgpu-0.20.1/src/lib.rs:3016:7
     |
3016 | #[cfg(wgpu_core)]
     |       ^^^^^^^^^
     |
     = help: consider using a Cargo feature instead
     = help: or consider adding in `Cargo.toml` the `check-cfg` lint config for the lint:
              [lints.rust]
              unexpected_cfgs = { level = "warn", check-cfg = ['cfg(wgpu_core)'] }
     = help: or consider adding `println!("cargo::rustc-check-cfg=cfg(wgpu_core)");` to the top of the `build.rs`
     = note: see <https://doc.rust-lang.org/nightly/rustc/check-cfg/cargo-specifics.html> for more information about checking conditional configuration

warning: unexpected `cfg` condition name: `wgpu_core`
    --> vendor/wgpu-0.20.1/src/lib.rs:3069:7
     |
3069 | #[cfg(wgpu_core)]
     |       ^^^^^^^^^
     |
     = help: consider using a Cargo feature instead
     = help: or consider adding in `Cargo.toml` the `check-cfg` lint config for the lint:
              [lints.rust]
              unexpected_cfgs = { level = "warn", check-cfg = ['cfg(wgpu_core)'] }
     = help: or consider adding `println!("cargo::rustc-check-cfg=cfg(wgpu_core)");` to the top of the `build.rs`
     = note: see <https://doc.rust-lang.org/nightly/rustc/check-cfg/cargo-specifics.html> for more information about checking conditional configuration

warning: unexpected `cfg` condition name: `send_sync`
    --> vendor/wgpu-0.20.1/src/lib.rs:4814:7
     |
4814 | #[cfg(send_sync)]
     |       ^^^^^^^^^
     |
     = help: consider using a Cargo feature instead
     = help: or consider adding in `Cargo.toml` the `check-cfg` lint config for the lint:
              [lints.rust]
              unexpected_cfgs = { level = "warn", check-cfg = ['cfg(send_sync)'] }
     = help: or consider adding `println!("cargo::rustc-check-cfg=cfg(send_sync)");` to the top of the `build.rs`
     = note: see <https://doc.rust-lang.org/nightly/rustc/check-cfg/cargo-specifics.html> for more information about checking conditional configuration

warning: unexpected `cfg` condition name: `send_sync`
    --> vendor/wgpu-0.20.1/src/lib.rs:5505:7
     |
5505 | #[cfg(send_sync)]
     |       ^^^^^^^^^
     |
     = help: consider using a Cargo feature instead
     = help: or consider adding in `Cargo.toml` the `check-cfg` lint config for the lint:
              [lints.rust]
              unexpected_cfgs = { level = "warn", check-cfg = ['cfg(send_sync)'] }
     = help: or consider adding `println!("cargo::rustc-check-cfg=cfg(send_sync)");` to the top of the `build.rs`
     = note: see <https://doc.rust-lang.org/nightly/rustc/check-cfg/cargo-specifics.html> for more information about checking conditional configuration

warning: unexpected `cfg` condition name: `wgpu_core`
    --> vendor/wgpu-0.20.1/src/lib.rs:2969:11
     |
2969 |     #[cfg(wgpu_core)]
     |           ^^^^^^^^^
     |
     = help: consider using a Cargo feature instead
     = help: or consider adding in `Cargo.toml` the `check-cfg` lint config for the lint:
              [lints.rust]
              unexpected_cfgs = { level = "warn", check-cfg = ['cfg(wgpu_core)'] }
     = help: or consider adding `println!("cargo::rustc-check-cfg=cfg(wgpu_core)");` to the top of the `build.rs`
     = note: see <https://doc.rust-lang.org/nightly/rustc/check-cfg/cargo-specifics.html> for more information about checking conditional configuration

warning: unexpected `cfg` condition name: `webgpu`
    --> vendor/wgpu-0.20.1/src/lib.rs:2975:11
     |
2975 |     #[cfg(webgpu)]
     |           ^^^^^^ help: found config with similar value: `feature = "webgpu"`
     |
     = help: consider using a Cargo feature instead
     = help: or consider adding in `Cargo.toml` the `check-cfg` lint config for the lint:
              [lints.rust]
              unexpected_cfgs = { level = "warn", check-cfg = ['cfg(webgpu)'] }
     = help: or consider adding `println!("cargo::rustc-check-cfg=cfg(webgpu)");` to the top of the `build.rs`
     = note: see <https://doc.rust-lang.org/nightly/rustc/check-cfg/cargo-specifics.html> for more information about checking conditional configuration

warning: unexpected `cfg` condition name: `wgpu_core`
    --> vendor/wgpu-0.20.1/src/lib.rs:3034:11
     |
3034 |     #[cfg(wgpu_core)]
     |           ^^^^^^^^^
     |
     = help: consider using a Cargo feature instead
     = help: or consider adding in `Cargo.toml` the `check-cfg` lint config for the lint:
              [lints.rust]
              unexpected_cfgs = { level = "warn", check-cfg = ['cfg(wgpu_core)'] }
     = help: or consider adding `println!("cargo::rustc-check-cfg=cfg(wgpu_core)");` to the top of the `build.rs`
     = note: see <https://doc.rust-lang.org/nightly/rustc/check-cfg/cargo-specifics.html> for more information about checking conditional configuration

warning: unexpected `cfg` condition name: `send_sync`
    --> vendor/wgpu-0.20.1/src/lib.rs:5468:15
     |
5468 |         #[cfg(send_sync)]
     |               ^^^^^^^^^
     |
     = help: consider using a Cargo feature instead
     = help: or consider adding in `Cargo.toml` the `check-cfg` lint config for the lint:
              [lints.rust]
              unexpected_cfgs = { level = "warn", check-cfg = ['cfg(send_sync)'] }
     = help: or consider adding `println!("cargo::rustc-check-cfg=cfg(send_sync)");` to the top of the `build.rs`
     = note: see <https://doc.rust-lang.org/nightly/rustc/check-cfg/cargo-specifics.html> for more information about checking conditional configuration

warning: unexpected `cfg` condition name: `send_sync`
    --> vendor/wgpu-0.20.1/src/lib.rs:5472:19
     |
5472 |         #[cfg(not(send_sync))]
     |                   ^^^^^^^^^
     |
     = help: consider using a Cargo feature instead
     = help: or consider adding in `Cargo.toml` the `check-cfg` lint config for the lint:
              [lints.rust]
              unexpected_cfgs = { level = "warn", check-cfg = ['cfg(send_sync)'] }
     = help: or consider adding `println!("cargo::rustc-check-cfg=cfg(send_sync)");` to the top of the `build.rs`
     = note: see <https://doc.rust-lang.org/nightly/rustc/check-cfg/cargo-specifics.html> for more information about checking conditional configuration

warning: unexpected `cfg` condition name: `send_sync`
    --> vendor/wgpu-0.20.1/src/lib.rs:5479:15
     |
5479 |         #[cfg(send_sync)]
     |               ^^^^^^^^^
     |
     = help: consider using a Cargo feature instead
     = help: or consider adding in `Cargo.toml` the `check-cfg` lint config for the lint:
              [lints.rust]
              unexpected_cfgs = { level = "warn", check-cfg = ['cfg(send_sync)'] }
     = help: or consider adding `println!("cargo::rustc-check-cfg=cfg(send_sync)");` to the top of the `build.rs`
     = note: see <https://doc.rust-lang.org/nightly/rustc/check-cfg/cargo-specifics.html> for more information about checking conditional configuration

warning: unexpected `cfg` condition name: `send_sync`
    --> vendor/wgpu-0.20.1/src/lib.rs:5483:19
     |
5483 |         #[cfg(not(send_sync))]
     |                   ^^^^^^^^^
     |
     = help: consider using a Cargo feature instead
     = help: or consider adding in `Cargo.toml` the `check-cfg` lint config for the lint:
              [lints.rust]
              unexpected_cfgs = { level = "warn", check-cfg = ['cfg(send_sync)'] }
     = help: or consider adding `println!("cargo::rustc-check-cfg=cfg(send_sync)");` to the top of the `build.rs`
     = note: see <https://doc.rust-lang.org/nightly/rustc/check-cfg/cargo-specifics.html> for more information about checking conditional configuration

warning: unexpected `cfg` condition name: `send_sync`
    --> vendor/wgpu-0.20.1/src/lib.rs:5494:15
     |
5494 |         #[cfg(send_sync)]
     |               ^^^^^^^^^
     |
     = help: consider using a Cargo feature instead
     = help: or consider adding in `Cargo.toml` the `check-cfg` lint config for the lint:
              [lints.rust]
              unexpected_cfgs = { level = "warn", check-cfg = ['cfg(send_sync)'] }
     = help: or consider adding `println!("cargo::rustc-check-cfg=cfg(send_sync)");` to the top of the `build.rs`
     = note: see <https://doc.rust-lang.org/nightly/rustc/check-cfg/cargo-specifics.html> for more information about checking conditional configuration

warning: unexpected `cfg` condition name: `send_sync`
    --> vendor/wgpu-0.20.1/src/lib.rs:5498:19
     |
5498 |         #[cfg(not(send_sync))]
     |                   ^^^^^^^^^
     |
     = help: consider using a Cargo feature instead
     = help: or consider adding in `Cargo.toml` the `check-cfg` lint config for the lint:
              [lints.rust]
              unexpected_cfgs = { level = "warn", check-cfg = ['cfg(send_sync)'] }
     = help: or consider adding `println!("cargo::rustc-check-cfg=cfg(send_sync)");` to the top of the `build.rs`
     = note: see <https://doc.rust-lang.org/nightly/rustc/check-cfg/cargo-specifics.html> for more information about checking conditional configuration

warning: unexpected `cfg` condition name: `webgpu`
 --> vendor/wgpu-0.20.1/src/backend/mod.rs:1:7
  |
1 | #[cfg(webgpu)]
  |       ^^^^^^ help: found config with similar value: `feature = "webgpu"`
  |
  = help: consider using a Cargo feature instead
  = help: or consider adding in `Cargo.toml` the `check-cfg` lint config for the lint:
           [lints.rust]
           unexpected_cfgs = { level = "warn", check-cfg = ['cfg(webgpu)'] }
  = help: or consider adding `println!("cargo::rustc-check-cfg=cfg(webgpu)");` to the top of the `build.rs`
  = note: see <https://doc.rust-lang.org/nightly/rustc/check-cfg/cargo-specifics.html> for more information about checking conditional configuration

warning: unexpected `cfg` condition name: `webgpu`
 --> vendor/wgpu-0.20.1/src/backend/mod.rs:3:7
  |
3 | #[cfg(webgpu)]
  |       ^^^^^^ help: found config with similar value: `feature = "webgpu"`
  |
  = help: consider using a Cargo feature instead
  = help: or consider adding in `Cargo.toml` the `check-cfg` lint config for the lint:
           [lints.rust]
           unexpected_cfgs = { level = "warn", check-cfg = ['cfg(webgpu)'] }
  = help: or consider adding `println!("cargo::rustc-check-cfg=cfg(webgpu)");` to the top of the `build.rs`
  = note: see <https://doc.rust-lang.org/nightly/rustc/check-cfg/cargo-specifics.html> for more information about checking conditional configuration

warning: unexpected `cfg` condition name: `wgpu_core`
 --> vendor/wgpu-0.20.1/src/backend/mod.rs:6:7
  |
6 | #[cfg(wgpu_core)]
  |       ^^^^^^^^^
  |
  = help: consider using a Cargo feature instead
  = help: or consider adding in `Cargo.toml` the `check-cfg` lint config for the lint:
           [lints.rust]
           unexpected_cfgs = { level = "warn", check-cfg = ['cfg(wgpu_core)'] }
  = help: or consider adding `println!("cargo::rustc-check-cfg=cfg(wgpu_core)");` to the top of the `build.rs`
  = note: see <https://doc.rust-lang.org/nightly/rustc/check-cfg/cargo-specifics.html> for more information about checking conditional configuration

warning: unexpected `cfg` condition name: `wgpu_core`
 --> vendor/wgpu-0.20.1/src/backend/mod.rs:9:7
  |
9 | #[cfg(wgpu_core)]
  |       ^^^^^^^^^
  |
  = help: consider using a Cargo feature instead
  = help: or consider adding in `Cargo.toml` the `check-cfg` lint config for the lint:
           [lints.rust]
           unexpected_cfgs = { level = "warn", check-cfg = ['cfg(wgpu_core)'] }
  = help: or consider adding `println!("cargo::rustc-check-cfg=cfg(wgpu_core)");` to the top of the `build.rs`
  = note: see <https://doc.rust-lang.org/nightly/rustc/check-cfg/cargo-specifics.html> for more information about checking conditional configuration

warning: unexpected `cfg` condition name: `send_sync`
    --> vendor/wgpu-0.20.1/src/backend/wgpu_core.rs:3027:7
     |
3027 | #[cfg(send_sync)]
     |       ^^^^^^^^^
     |
     = help: consider using a Cargo feature instead
     = help: or consider adding in `Cargo.toml` the `check-cfg` lint config for the lint:
              [lints.rust]
              unexpected_cfgs = { level = "warn", check-cfg = ['cfg(send_sync)'] }
     = help: or consider adding `println!("cargo::rustc-check-cfg=cfg(send_sync)");` to the top of the `build.rs`
     = note: see <https://doc.rust-lang.org/nightly/rustc/check-cfg/cargo-specifics.html> for more information about checking conditional configuration

warning: unexpected `cfg` condition name: `send_sync`
    --> vendor/wgpu-0.20.1/src/backend/wgpu_core.rs:3029:7
     |
3029 | #[cfg(send_sync)]
     |       ^^^^^^^^^
     |
     = help: consider using a Cargo feature instead
     = help: or consider adding in `Cargo.toml` the `check-cfg` lint config for the lint:
              [lints.rust]
              unexpected_cfgs = { level = "warn", check-cfg = ['cfg(send_sync)'] }
     = help: or consider adding `println!("cargo::rustc-check-cfg=cfg(send_sync)");` to the top of the `build.rs`
     = note: see <https://doc.rust-lang.org/nightly/rustc/check-cfg/cargo-specifics.html> for more information about checking conditional configuration

warning: unexpected `cfg` condition name: `native`
    --> vendor/wgpu-0.20.1/src/backend/wgpu_core.rs:1406:24
     |
1406 |     #[cfg_attr(not(any(native, Emscripten)), allow(unused))]
     |                        ^^^^^^
     |
     = help: consider using a Cargo feature instead
     = help: or consider adding in `Cargo.toml` the `check-cfg` lint config for the lint:
              [lints.rust]
              unexpected_cfgs = { level = "warn", check-cfg = ['cfg(native)'] }
     = help: or consider adding `println!("cargo::rustc-check-cfg=cfg(native)");` to the top of the `build.rs`
     = note: see <https://doc.rust-lang.org/nightly/rustc/check-cfg/cargo-specifics.html> for more information about checking conditional configuration

warning: unexpected `cfg` condition name: `Emscripten`
    --> vendor/wgpu-0.20.1/src/backend/wgpu_core.rs:1406:32
     |
1406 |     #[cfg_attr(not(any(native, Emscripten)), allow(unused))]
     |                                ^^^^^^^^^^
     |
     = help: consider using a Cargo feature instead
     = help: or consider adding in `Cargo.toml` the `check-cfg` lint config for the lint:
              [lints.rust]
              unexpected_cfgs = { level = "warn", check-cfg = ['cfg(Emscripten)'] }
     = help: or consider adding `println!("cargo::rustc-check-cfg=cfg(Emscripten)");` to the top of the `build.rs`
     = note: see <https://doc.rust-lang.org/nightly/rustc/check-cfg/cargo-specifics.html> for more information about checking conditional configuration

warning: unexpected `cfg` condition name: `webgpu`
    --> vendor/wgpu-0.20.1/src/backend/wgpu_core.rs:2226:15
     |
2226 |     #[cfg(any(webgpu, webgl))]
     |               ^^^^^^ help: found config with similar value: `feature = "webgpu"`
     |
     = help: consider using a Cargo feature instead
     = help: or consider adding in `Cargo.toml` the `check-cfg` lint config for the lint:
              [lints.rust]
              unexpected_cfgs = { level = "warn", check-cfg = ['cfg(webgpu)'] }
     = help: or consider adding `println!("cargo::rustc-check-cfg=cfg(webgpu)");` to the top of the `build.rs`
     = note: see <https://doc.rust-lang.org/nightly/rustc/check-cfg/cargo-specifics.html> for more information about checking conditional configuration

warning: unexpected `cfg` condition name: `webgl`
    --> vendor/wgpu-0.20.1/src/backend/wgpu_core.rs:2226:23
     |
2226 |     #[cfg(any(webgpu, webgl))]
     |                       ^^^^^ help: found config with similar value: `feature = "webgl"`
     |
     = help: consider using a Cargo feature instead
     = help: or consider adding in `Cargo.toml` the `check-cfg` lint config for the lint:
              [lints.rust]
              unexpected_cfgs = { level = "warn", check-cfg = ['cfg(webgl)'] }
     = help: or consider adding `println!("cargo::rustc-check-cfg=cfg(webgl)");` to the top of the `build.rs`
     = note: see <https://doc.rust-lang.org/nightly/rustc/check-cfg/cargo-specifics.html> for more information about checking conditional configuration

warning: unexpected `cfg` condition name: `metal`
   --> vendor/wgpu-0.20.1/src/backend/wgpu_core.rs:560:19
    |
560 |             #[cfg(metal)]
    |                   ^^^^^ help: found config with similar value: `feature = "metal"`
    |
    = help: consider using a Cargo feature instead
    = help: or consider adding in `Cargo.toml` the `check-cfg` lint config for the lint:
             [lints.rust]
             unexpected_cfgs = { level = "warn", check-cfg = ['cfg(metal)'] }
    = help: or consider adding `println!("cargo::rustc-check-cfg=cfg(metal)");` to the top of the `build.rs`
    = note: see <https://doc.rust-lang.org/nightly/rustc/check-cfg/cargo-specifics.html> for more information about checking conditional configuration

warning: unexpected `cfg` condition name: `dx12`
   --> vendor/wgpu-0.20.1/src/backend/wgpu_core.rs:565:19
    |
565 |             #[cfg(dx12)]
    |                   ^^^^ help: found config with similar value: `feature = "dx12"`
    |
    = help: consider using a Cargo feature instead
    = help: or consider adding in `Cargo.toml` the `check-cfg` lint config for the lint:
             [lints.rust]
             unexpected_cfgs = { level = "warn", check-cfg = ['cfg(dx12)'] }
    = help: or consider adding `println!("cargo::rustc-check-cfg=cfg(dx12)");` to the top of the `build.rs`
    = note: see <https://doc.rust-lang.org/nightly/rustc/check-cfg/cargo-specifics.html> for more information about checking conditional configuration

warning: unexpected `cfg` condition name: `dx12`
   --> vendor/wgpu-0.20.1/src/backend/wgpu_core.rs:570:19
    |
570 |             #[cfg(dx12)]
    |                   ^^^^ help: found config with similar value: `feature = "dx12"`
    |
    = help: consider using a Cargo feature instead
    = help: or consider adding in `Cargo.toml` the `check-cfg` lint config for the lint:
             [lints.rust]
             unexpected_cfgs = { level = "warn", check-cfg = ['cfg(dx12)'] }
    = help: or consider adding `println!("cargo::rustc-check-cfg=cfg(dx12)");` to the top of the `build.rs`
    = note: see <https://doc.rust-lang.org/nightly/rustc/check-cfg/cargo-specifics.html> for more information about checking conditional configuration

warning: unexpected `cfg` condition name: `dx12`
   --> vendor/wgpu-0.20.1/src/backend/wgpu_core.rs:576:19
    |
576 |             #[cfg(dx12)]
    |                   ^^^^ help: found config with similar value: `feature = "dx12"`
    |
    = help: consider using a Cargo feature instead
    = help: or consider adding in `Cargo.toml` the `check-cfg` lint config for the lint:
             [lints.rust]
             unexpected_cfgs = { level = "warn", check-cfg = ['cfg(dx12)'] }
    = help: or consider adding `println!("cargo::rustc-check-cfg=cfg(dx12)");` to the top of the `build.rs`
    = note: see <https://doc.rust-lang.org/nightly/rustc/check-cfg/cargo-specifics.html> for more information about checking conditional configuration

warning: unexpected `cfg` condition name: `native`
    --> vendor/wgpu-0.20.1/src/backend/wgpu_core.rs:1408:19
     |
1408 |         #[cfg(any(native, Emscripten))]
     |                   ^^^^^^
     |
     = help: consider using a Cargo feature instead
     = help: or consider adding in `Cargo.toml` the `check-cfg` lint config for the lint:
              [lints.rust]
              unexpected_cfgs = { level = "warn", check-cfg = ['cfg(native)'] }
     = help: or consider adding `println!("cargo::rustc-check-cfg=cfg(native)");` to the top of the `build.rs`
     = note: see <https://doc.rust-lang.org/nightly/rustc/check-cfg/cargo-specifics.html> for more information about checking conditional configuration

warning: unexpected `cfg` condition name: `Emscripten`
    --> vendor/wgpu-0.20.1/src/backend/wgpu_core.rs:1408:27
     |
1408 |         #[cfg(any(native, Emscripten))]
     |                           ^^^^^^^^^^
     |
     = help: consider using a Cargo feature instead
     = help: or consider adding in `Cargo.toml` the `check-cfg` lint config for the lint:
              [lints.rust]
              unexpected_cfgs = { level = "warn", check-cfg = ['cfg(Emscripten)'] }
     = help: or consider adding `println!("cargo::rustc-check-cfg=cfg(Emscripten)");` to the top of the `build.rs`
     = note: see <https://doc.rust-lang.org/nightly/rustc/check-cfg/cargo-specifics.html> for more information about checking conditional configuration

warning: unexpected `cfg` condition name: `send_sync`
    --> vendor/wgpu-0.20.1/src/context.rs:1061:7
     |
1061 | #[cfg(send_sync)]
     |       ^^^^^^^^^
     |
     = help: consider using a Cargo feature instead
     = help: or consider adding in `Cargo.toml` the `check-cfg` lint config for the lint:
              [lints.rust]
              unexpected_cfgs = { level = "warn", check-cfg = ['cfg(send_sync)'] }
     = help: or consider adding `println!("cargo::rustc-check-cfg=cfg(send_sync)");` to the top of the `build.rs`
     = note: see <https://doc.rust-lang.org/nightly/rustc/check-cfg/cargo-specifics.html> for more information about checking conditional configuration

warning: unexpected `cfg` condition name: `send_sync`
    --> vendor/wgpu-0.20.1/src/context.rs:1102:7
     |
1102 | #[cfg(send_sync)]
     |       ^^^^^^^^^
     |
     = help: consider using a Cargo feature instead
     = help: or consider adding in `Cargo.toml` the `check-cfg` lint config for the lint:
              [lints.rust]
              unexpected_cfgs = { level = "warn", check-cfg = ['cfg(send_sync)'] }
     = help: or consider adding `println!("cargo::rustc-check-cfg=cfg(send_sync)");` to the top of the `build.rs`
     = note: see <https://doc.rust-lang.org/nightly/rustc/check-cfg/cargo-specifics.html> for more information about checking conditional configuration

warning: unexpected `cfg` condition name: `send_sync`
    --> vendor/wgpu-0.20.1/src/context.rs:1104:11
     |
1104 | #[cfg(not(send_sync))]
     |           ^^^^^^^^^
     |
     = help: consider using a Cargo feature instead
     = help: or consider adding in `Cargo.toml` the `check-cfg` lint config for the lint:
              [lints.rust]
              unexpected_cfgs = { level = "warn", check-cfg = ['cfg(send_sync)'] }
     = help: or consider adding `println!("cargo::rustc-check-cfg=cfg(send_sync)");` to the top of the `build.rs`
     = note: see <https://doc.rust-lang.org/nightly/rustc/check-cfg/cargo-specifics.html> for more information about checking conditional configuration

warning: unexpected `cfg` condition name: `send_sync`
    --> vendor/wgpu-0.20.1/src/context.rs:1107:7
     |
1107 | #[cfg(send_sync)]
     |       ^^^^^^^^^
     |
     = help: consider using a Cargo feature instead
     = help: or consider adding in `Cargo.toml` the `check-cfg` lint config for the lint:
              [lints.rust]
              unexpected_cfgs = { level = "warn", check-cfg = ['cfg(send_sync)'] }
     = help: or consider adding `println!("cargo::rustc-check-cfg=cfg(send_sync)");` to the top of the `build.rs`
     = note: see <https://doc.rust-lang.org/nightly/rustc/check-cfg/cargo-specifics.html> for more information about checking conditional configuration

warning: unexpected `cfg` condition name: `send_sync`
    --> vendor/wgpu-0.20.1/src/context.rs:1110:11
     |
1110 | #[cfg(not(send_sync))]
     |           ^^^^^^^^^
     |
     = help: consider using a Cargo feature instead
     = help: or consider adding in `Cargo.toml` the `check-cfg` lint config for the lint:
              [lints.rust]
              unexpected_cfgs = { level = "warn", check-cfg = ['cfg(send_sync)'] }
     = help: or consider adding `println!("cargo::rustc-check-cfg=cfg(send_sync)");` to the top of the `build.rs`
     = note: see <https://doc.rust-lang.org/nightly/rustc/check-cfg/cargo-specifics.html> for more information about checking conditional configuration

warning: unexpected `cfg` condition name: `send_sync`
    --> vendor/wgpu-0.20.1/src/context.rs:1114:7
     |
1114 | #[cfg(send_sync)]
     |       ^^^^^^^^^
     |
     = help: consider using a Cargo feature instead
     = help: or consider adding in `Cargo.toml` the `check-cfg` lint config for the lint:
              [lints.rust]
              unexpected_cfgs = { level = "warn", check-cfg = ['cfg(send_sync)'] }
     = help: or consider adding `println!("cargo::rustc-check-cfg=cfg(send_sync)");` to the top of the `build.rs`
     = note: see <https://doc.rust-lang.org/nightly/rustc/check-cfg/cargo-specifics.html> for more information about checking conditional configuration

warning: unexpected `cfg` condition name: `send_sync`
    --> vendor/wgpu-0.20.1/src/context.rs:1117:11
     |
1117 | #[cfg(not(send_sync))]
     |           ^^^^^^^^^
     |
     = help: consider using a Cargo feature instead
     = help: or consider adding in `Cargo.toml` the `check-cfg` lint config for the lint:
              [lints.rust]
              unexpected_cfgs = { level = "warn", check-cfg = ['cfg(send_sync)'] }
     = help: or consider adding `println!("cargo::rustc-check-cfg=cfg(send_sync)");` to the top of the `build.rs`
     = note: see <https://doc.rust-lang.org/nightly/rustc/check-cfg/cargo-specifics.html> for more information about checking conditional configuration

warning: unexpected `cfg` condition name: `send_sync`
    --> vendor/wgpu-0.20.1/src/context.rs:1121:7
     |
1121 | #[cfg(send_sync)]
     |       ^^^^^^^^^
     |
     = help: consider using a Cargo feature instead
     = help: or consider adding in `Cargo.toml` the `check-cfg` lint config for the lint:
              [lints.rust]
              unexpected_cfgs = { level = "warn", check-cfg = ['cfg(send_sync)'] }
     = help: or consider adding `println!("cargo::rustc-check-cfg=cfg(send_sync)");` to the top of the `build.rs`
     = note: see <https://doc.rust-lang.org/nightly/rustc/check-cfg/cargo-specifics.html> for more information about checking conditional configuration

warning: unexpected `cfg` condition name: `send_sync`
    --> vendor/wgpu-0.20.1/src/context.rs:1123:11
     |
1123 | #[cfg(not(send_sync))]
     |           ^^^^^^^^^
     |
     = help: consider using a Cargo feature instead
     = help: or consider adding in `Cargo.toml` the `check-cfg` lint config for the lint:
              [lints.rust]
              unexpected_cfgs = { level = "warn", check-cfg = ['cfg(send_sync)'] }
     = help: or consider adding `println!("cargo::rustc-check-cfg=cfg(send_sync)");` to the top of the `build.rs`
     = note: see <https://doc.rust-lang.org/nightly/rustc/check-cfg/cargo-specifics.html> for more information about checking conditional configuration

warning: unexpected `cfg` condition name: `send_sync`
    --> vendor/wgpu-0.20.1/src/context.rs:1126:7
     |
1126 | #[cfg(send_sync)]
     |       ^^^^^^^^^
     |
     = help: consider using a Cargo feature instead
     = help: or consider adding in `Cargo.toml` the `check-cfg` lint config for the lint:
              [lints.rust]
              unexpected_cfgs = { level = "warn", check-cfg = ['cfg(send_sync)'] }
     = help: or consider adding `println!("cargo::rustc-check-cfg=cfg(send_sync)");` to the top of the `build.rs`
     = note: see <https://doc.rust-lang.org/nightly/rustc/check-cfg/cargo-specifics.html> for more information about checking conditional configuration

warning: unexpected `cfg` condition name: `send_sync`
    --> vendor/wgpu-0.20.1/src/context.rs:1128:11
     |
1128 | #[cfg(not(send_sync))]
     |           ^^^^^^^^^
     |
     = help: consider using a Cargo feature instead
     = help: or consider adding in `Cargo.toml` the `check-cfg` lint config for the lint:
              [lints.rust]
              unexpected_cfgs = { level = "warn", check-cfg = ['cfg(send_sync)'] }
     = help: or consider adding `println!("cargo::rustc-check-cfg=cfg(send_sync)");` to the top of the `build.rs`
     = note: see <https://doc.rust-lang.org/nightly/rustc/check-cfg/cargo-specifics.html> for more information about checking conditional configuration

warning: unexpected `cfg` condition name: `send_sync`
    --> vendor/wgpu-0.20.1/src/context.rs:1130:7
     |
1130 | #[cfg(send_sync)]
     |       ^^^^^^^^^
     |
     = help: consider using a Cargo feature instead
     = help: or consider adding in `Cargo.toml` the `check-cfg` lint config for the lint:
              [lints.rust]
              unexpected_cfgs = { level = "warn", check-cfg = ['cfg(send_sync)'] }
     = help: or consider adding `println!("cargo::rustc-check-cfg=cfg(send_sync)");` to the top of the `build.rs`
     = note: see <https://doc.rust-lang.org/nightly/rustc/check-cfg/cargo-specifics.html> for more information about checking conditional configuration

warning: unexpected `cfg` condition name: `send_sync`
    --> vendor/wgpu-0.20.1/src/context.rs:1132:11
     |
1132 | #[cfg(not(send_sync))]
     |           ^^^^^^^^^
     |
     = help: consider using a Cargo feature instead
     = help: or consider adding in `Cargo.toml` the `check-cfg` lint config for the lint:
              [lints.rust]
              unexpected_cfgs = { level = "warn", check-cfg = ['cfg(send_sync)'] }
     = help: or consider adding `println!("cargo::rustc-check-cfg=cfg(send_sync)");` to the top of the `build.rs`
     = note: see <https://doc.rust-lang.org/nightly/rustc/check-cfg/cargo-specifics.html> for more information about checking conditional configuration

warning: unexpected `cfg` condition name: `webgl`
   --> vendor/wgpu-0.20.1/src/context.rs:579:15
    |
579 |     #[cfg(any(webgl, webgpu))]
    |               ^^^^^ help: found config with similar value: `feature = "webgl"`
    |
    = help: consider using a Cargo feature instead
    = help: or consider adding in `Cargo.toml` the `check-cfg` lint config for the lint:
             [lints.rust]
             unexpected_cfgs = { level = "warn", check-cfg = ['cfg(webgl)'] }
    = help: or consider adding `println!("cargo::rustc-check-cfg=cfg(webgl)");` to the top of the `build.rs`
    = note: see <https://doc.rust-lang.org/nightly/rustc/check-cfg/cargo-specifics.html> for more information about checking conditional configuration

warning: unexpected `cfg` condition name: `webgpu`
   --> vendor/wgpu-0.20.1/src/context.rs:579:22
    |
579 |     #[cfg(any(webgl, webgpu))]
    |                      ^^^^^^ help: found config with similar value: `feature = "webgpu"`
    |
    = help: consider using a Cargo feature instead
    = help: or consider adding in `Cargo.toml` the `check-cfg` lint config for the lint:
             [lints.rust]
             unexpected_cfgs = { level = "warn", check-cfg = ['cfg(webgpu)'] }
    = help: or consider adding `println!("cargo::rustc-check-cfg=cfg(webgpu)");` to the top of the `build.rs`
    = note: see <https://doc.rust-lang.org/nightly/rustc/check-cfg/cargo-specifics.html> for more information about checking conditional configuration

warning: unexpected `cfg` condition name: `webgpu`
    --> vendor/wgpu-0.20.1/src/context.rs:1561:15
     |
1561 |     #[cfg(any(webgpu, webgl))]
     |               ^^^^^^ help: found config with similar value: `feature = "webgpu"`
     |
     = help: consider using a Cargo feature instead
     = help: or consider adding in `Cargo.toml` the `check-cfg` lint config for the lint:
              [lints.rust]
              unexpected_cfgs = { level = "warn", check-cfg = ['cfg(webgpu)'] }
     = help: or consider adding `println!("cargo::rustc-check-cfg=cfg(webgpu)");` to the top of the `build.rs`
     = note: see <https://doc.rust-lang.org/nightly/rustc/check-cfg/cargo-specifics.html> for more information about checking conditional configuration

warning: unexpected `cfg` condition name: `webgl`
    --> vendor/wgpu-0.20.1/src/context.rs:1561:23
     |
1561 |     #[cfg(any(webgpu, webgl))]
     |                       ^^^^^ help: found config with similar value: `feature = "webgl"`
     |
     = help: consider using a Cargo feature instead
     = help: or consider adding in `Cargo.toml` the `check-cfg` lint config for the lint:
              [lints.rust]
              unexpected_cfgs = { level = "warn", check-cfg = ['cfg(webgl)'] }
     = help: or consider adding `println!("cargo::rustc-check-cfg=cfg(webgl)");` to the top of the `build.rs`
     = note: see <https://doc.rust-lang.org/nightly/rustc/check-cfg/cargo-specifics.html> for more information about checking conditional configuration

warning: unexpected `cfg` condition name: `webgpu`
    --> vendor/wgpu-0.20.1/src/context.rs:2998:15
     |
2998 |     #[cfg(any(webgpu, webgl))]
     |               ^^^^^^ help: found config with similar value: `feature = "webgpu"`
     |
     = help: consider using a Cargo feature instead
     = help: or consider adding in `Cargo.toml` the `check-cfg` lint config for the lint:
              [lints.rust]
              unexpected_cfgs = { level = "warn", check-cfg = ['cfg(webgpu)'] }
     = help: or consider adding `println!("cargo::rustc-check-cfg=cfg(webgpu)");` to the top of the `build.rs`
     = note: see <https://doc.rust-lang.org/nightly/rustc/check-cfg/cargo-specifics.html> for more information about checking conditional configuration

warning: unexpected `cfg` condition name: `webgl`
    --> vendor/wgpu-0.20.1/src/context.rs:2998:23
     |
2998 |     #[cfg(any(webgpu, webgl))]
     |                       ^^^^^ help: found config with similar value: `feature = "webgl"`
     |
     = help: consider using a Cargo feature instead
     = help: or consider adding in `Cargo.toml` the `check-cfg` lint config for the lint:
              [lints.rust]
              unexpected_cfgs = { level = "warn", check-cfg = ['cfg(webgl)'] }
     = help: or consider adding `println!("cargo::rustc-check-cfg=cfg(webgl)");` to the top of the `build.rs`
     = note: see <https://doc.rust-lang.org/nightly/rustc/check-cfg/cargo-specifics.html> for more information about checking conditional configuration

warning: unexpected `cfg` condition name: `wgpu_core`
 --> vendor/wgpu-0.20.1/src/util/init.rs:5:7
  |
5 | #[cfg(wgpu_core)]
  |       ^^^^^^^^^
  |
  = help: consider using a Cargo feature instead
  = help: or consider adding in `Cargo.toml` the `check-cfg` lint config for the lint:
           [lints.rust]
           unexpected_cfgs = { level = "warn", check-cfg = ['cfg(wgpu_core)'] }
  = help: or consider adding `println!("cargo::rustc-check-cfg=cfg(wgpu_core)");` to the top of the `build.rs`
  = note: see <https://doc.rust-lang.org/nightly/rustc/check-cfg/cargo-specifics.html> for more information about checking conditional configuration

warning: unexpected `cfg` condition name: `wgpu_core`
 --> vendor/wgpu-0.20.1/src/util/init.rs:9:11
  |
9 | #[cfg(not(wgpu_core))]
  |           ^^^^^^^^^
  |
  = help: consider using a Cargo feature instead
  = help: or consider adding in `Cargo.toml` the `check-cfg` lint config for the lint:
           [lints.rust]
           unexpected_cfgs = { level = "warn", check-cfg = ['cfg(wgpu_core)'] }
  = help: or consider adding `println!("cargo::rustc-check-cfg=cfg(wgpu_core)");` to the top of the `build.rs`
  = note: see <https://doc.rust-lang.org/nightly/rustc/check-cfg/cargo-specifics.html> for more information about checking conditional configuration

warning: unexpected `cfg` condition name: `native`
  --> vendor/wgpu-0.20.1/src/util/init.rs:41:7
   |
41 | #[cfg(native)]
   |       ^^^^^^
   |
   = help: consider using a Cargo feature instead
   = help: or consider adding in `Cargo.toml` the `check-cfg` lint config for the lint:
            [lints.rust]
            unexpected_cfgs = { level = "warn", check-cfg = ['cfg(native)'] }
   = help: or consider adding `println!("cargo::rustc-check-cfg=cfg(native)");` to the top of the `build.rs`
   = note: see <https://doc.rust-lang.org/nightly/rustc/check-cfg/cargo-specifics.html> for more information about checking conditional configuration

warning: unexpected `cfg` condition name: `native`
  --> vendor/wgpu-0.20.1/src/util/init.rs:73:11
   |
73 | #[cfg(not(native))]
   |           ^^^^^^
   |
   = help: consider using a Cargo feature instead
   = help: or consider adding in `Cargo.toml` the `check-cfg` lint config for the lint:
            [lints.rust]
            unexpected_cfgs = { level = "warn", check-cfg = ['cfg(native)'] }
   = help: or consider adding `println!("cargo::rustc-check-cfg=cfg(native)");` to the top of the `build.rs`
   = note: see <https://doc.rust-lang.org/nightly/rustc/check-cfg/cargo-specifics.html> for more information about checking conditional configuration

warning: unexpected `cfg` condition name: `webgpu`
   --> vendor/wgpu-0.20.1/src/lib.rs:626:15
    |
626 |     #[cfg(any(webgpu, webgl))]
    |               ^^^^^^ help: found config with similar value: `feature = "webgpu"`
    |
    = help: consider using a Cargo feature instead
    = help: or consider adding in `Cargo.toml` the `check-cfg` lint config for the lint:
             [lints.rust]
             unexpected_cfgs = { level = "warn", check-cfg = ['cfg(webgpu)'] }
    = help: or consider adding `println!("cargo::rustc-check-cfg=cfg(webgpu)");` to the top of the `build.rs`
    = note: see <https://doc.rust-lang.org/nightly/rustc/check-cfg/cargo-specifics.html> for more information about checking conditional configuration

warning: unexpected `cfg` condition name: `webgl`
   --> vendor/wgpu-0.20.1/src/lib.rs:626:23
    |
626 |     #[cfg(any(webgpu, webgl))]
    |                       ^^^^^ help: found config with similar value: `feature = "webgl"`
    |
    = help: consider using a Cargo feature instead
    = help: or consider adding in `Cargo.toml` the `check-cfg` lint config for the lint:
             [lints.rust]
             unexpected_cfgs = { level = "warn", check-cfg = ['cfg(webgl)'] }
    = help: or consider adding `println!("cargo::rustc-check-cfg=cfg(webgl)");` to the top of the `build.rs`
    = note: see <https://doc.rust-lang.org/nightly/rustc/check-cfg/cargo-specifics.html> for more information about checking conditional configuration

warning: unexpected `cfg` condition name: `webgpu`
   --> vendor/wgpu-0.20.1/src/lib.rs:638:15
    |
638 |     #[cfg(any(webgpu, webgl))]
    |               ^^^^^^ help: found config with similar value: `feature = "webgpu"`
    |
    = help: consider using a Cargo feature instead
    = help: or consider adding in `Cargo.toml` the `check-cfg` lint config for the lint:
             [lints.rust]
             unexpected_cfgs = { level = "warn", check-cfg = ['cfg(webgpu)'] }
    = help: or consider adding `println!("cargo::rustc-check-cfg=cfg(webgpu)");` to the top of the `build.rs`
    = note: see <https://doc.rust-lang.org/nightly/rustc/check-cfg/cargo-specifics.html> for more information about checking conditional configuration

warning: unexpected `cfg` condition name: `webgl`
   --> vendor/wgpu-0.20.1/src/lib.rs:638:23
    |
638 |     #[cfg(any(webgpu, webgl))]
    |                       ^^^^^ help: found config with similar value: `feature = "webgl"`
    |
    = help: consider using a Cargo feature instead
    = help: or consider adding in `Cargo.toml` the `check-cfg` lint config for the lint:
             [lints.rust]
             unexpected_cfgs = { level = "warn", check-cfg = ['cfg(webgl)'] }
    = help: or consider adding `println!("cargo::rustc-check-cfg=cfg(webgl)");` to the top of the `build.rs`
    = note: see <https://doc.rust-lang.org/nightly/rustc/check-cfg/cargo-specifics.html> for more information about checking conditional configuration

warning: unexpected `cfg` condition name: `metal`
   --> vendor/wgpu-0.20.1/src/lib.rs:683:11
    |
683 |     #[cfg(metal)]
    |           ^^^^^ help: found config with similar value: `feature = "metal"`
    |
    = help: consider using a Cargo feature instead
    = help: or consider adding in `Cargo.toml` the `check-cfg` lint config for the lint:
             [lints.rust]
             unexpected_cfgs = { level = "warn", check-cfg = ['cfg(metal)'] }
    = help: or consider adding `println!("cargo::rustc-check-cfg=cfg(metal)");` to the top of the `build.rs`
    = note: see <https://doc.rust-lang.org/nightly/rustc/check-cfg/cargo-specifics.html> for more information about checking conditional configuration

warning: unexpected `cfg` condition name: `dx12`
   --> vendor/wgpu-0.20.1/src/lib.rs:691:11
    |
691 |     #[cfg(dx12)]
    |           ^^^^ help: found config with similar value: `feature = "dx12"`
    |
    = help: consider using a Cargo feature instead
    = help: or consider adding in `Cargo.toml` the `check-cfg` lint config for the lint:
             [lints.rust]
             unexpected_cfgs = { level = "warn", check-cfg = ['cfg(dx12)'] }
    = help: or consider adding `println!("cargo::rustc-check-cfg=cfg(dx12)");` to the top of the `build.rs`
    = note: see <https://doc.rust-lang.org/nightly/rustc/check-cfg/cargo-specifics.html> for more information about checking conditional configuration

warning: unexpected `cfg` condition name: `dx12`
   --> vendor/wgpu-0.20.1/src/lib.rs:699:11
    |
699 |     #[cfg(dx12)]
    |           ^^^^ help: found config with similar value: `feature = "dx12"`
    |
    = help: consider using a Cargo feature instead
    = help: or consider adding in `Cargo.toml` the `check-cfg` lint config for the lint:
             [lints.rust]
             unexpected_cfgs = { level = "warn", check-cfg = ['cfg(dx12)'] }
    = help: or consider adding `println!("cargo::rustc-check-cfg=cfg(dx12)");` to the top of the `build.rs`
    = note: see <https://doc.rust-lang.org/nightly/rustc/check-cfg/cargo-specifics.html> for more information about checking conditional configuration

warning: unexpected `cfg` condition name: `dx12`
   --> vendor/wgpu-0.20.1/src/lib.rs:707:11
    |
707 |     #[cfg(dx12)]
    |           ^^^^ help: found config with similar value: `feature = "dx12"`
    |
    = help: consider using a Cargo feature instead
    = help: or consider adding in `Cargo.toml` the `check-cfg` lint config for the lint:
             [lints.rust]
             unexpected_cfgs = { level = "warn", check-cfg = ['cfg(dx12)'] }
    = help: or consider adding `println!("cargo::rustc-check-cfg=cfg(dx12)");` to the top of the `build.rs`
    = note: see <https://doc.rust-lang.org/nightly/rustc/check-cfg/cargo-specifics.html> for more information about checking conditional configuration

warning: unexpected `cfg` condition name: `wgpu_core`
    --> vendor/wgpu-0.20.1/src/lib.rs:2047:11
     |
2047 |     #[cfg(wgpu_core)]
     |           ^^^^^^^^^
     |
     = help: consider using a Cargo feature instead
     = help: or consider adding in `Cargo.toml` the `check-cfg` lint config for the lint:
              [lints.rust]
              unexpected_cfgs = { level = "warn", check-cfg = ['cfg(wgpu_core)'] }
     = help: or consider adding `println!("cargo::rustc-check-cfg=cfg(wgpu_core)");` to the top of the `build.rs`
     = note: see <https://doc.rust-lang.org/nightly/rustc/check-cfg/cargo-specifics.html> for more information about checking conditional configuration

warning: unexpected `cfg` condition name: `wgpu_core`
    --> vendor/wgpu-0.20.1/src/lib.rs:2066:11
     |
2066 |     #[cfg(wgpu_core)]
     |           ^^^^^^^^^
     |
     = help: consider using a Cargo feature instead
     = help: or consider adding in `Cargo.toml` the `check-cfg` lint config for the lint:
              [lints.rust]
              unexpected_cfgs = { level = "warn", check-cfg = ['cfg(wgpu_core)'] }
     = help: or consider adding `println!("cargo::rustc-check-cfg=cfg(wgpu_core)");` to the top of the `build.rs`
     = note: see <https://doc.rust-lang.org/nightly/rustc/check-cfg/cargo-specifics.html> for more information about checking conditional configuration

warning: unexpected `cfg` condition name: `wgpu_core`
    --> vendor/wgpu-0.20.1/src/lib.rs:2084:11
     |
2084 |     #[cfg(wgpu_core)]
     |           ^^^^^^^^^
     |
     = help: consider using a Cargo feature instead
     = help: or consider adding in `Cargo.toml` the `check-cfg` lint config for the lint:
              [lints.rust]
              unexpected_cfgs = { level = "warn", check-cfg = ['cfg(wgpu_core)'] }
     = help: or consider adding `println!("cargo::rustc-check-cfg=cfg(wgpu_core)");` to the top of the `build.rs`
     = note: see <https://doc.rust-lang.org/nightly/rustc/check-cfg/cargo-specifics.html> for more information about checking conditional configuration

warning: unexpected `cfg` condition name: `wgpu_core`
    --> vendor/wgpu-0.20.1/src/lib.rs:2101:11
     |
2101 |     #[cfg(wgpu_core)]
     |           ^^^^^^^^^
     |
     = help: consider using a Cargo feature instead
     = help: or consider adding in `Cargo.toml` the `check-cfg` lint config for the lint:
              [lints.rust]
              unexpected_cfgs = { level = "warn", check-cfg = ['cfg(wgpu_core)'] }
     = help: or consider adding `println!("cargo::rustc-check-cfg=cfg(wgpu_core)");` to the top of the `build.rs`
     = note: see <https://doc.rust-lang.org/nightly/rustc/check-cfg/cargo-specifics.html> for more information about checking conditional configuration

warning: unexpected `cfg` condition name: `wgpu_core`
    --> vendor/wgpu-0.20.1/src/lib.rs:2143:11
     |
2143 |     #[cfg(wgpu_core)]
     |           ^^^^^^^^^
     |
     = help: consider using a Cargo feature instead
     = help: or consider adding in `Cargo.toml` the `check-cfg` lint config for the lint:
              [lints.rust]
              unexpected_cfgs = { level = "warn", check-cfg = ['cfg(wgpu_core)'] }
     = help: or consider adding `println!("cargo::rustc-check-cfg=cfg(wgpu_core)");` to the top of the `build.rs`
     = note: see <https://doc.rust-lang.org/nightly/rustc/check-cfg/cargo-specifics.html> for more information about checking conditional configuration

warning: unexpected `cfg` condition name: `wgpu_core`
    --> vendor/wgpu-0.20.1/src/lib.rs:2287:11
     |
2287 |     #[cfg(wgpu_core)]
     |           ^^^^^^^^^
     |
     = help: consider using a Cargo feature instead
     = help: or consider adding in `Cargo.toml` the `check-cfg` lint config for the lint:
              [lints.rust]
              unexpected_cfgs = { level = "warn", check-cfg = ['cfg(wgpu_core)'] }
     = help: or consider adding `println!("cargo::rustc-check-cfg=cfg(wgpu_core)");` to the top of the `build.rs`
     = note: see <https://doc.rust-lang.org/nightly/rustc/check-cfg/cargo-specifics.html> for more information about checking conditional configuration

warning: unexpected `cfg` condition name: `native`
    --> vendor/wgpu-0.20.1/src/lib.rs:1946:17
     |
1946 |         if cfg!(native) {
     |                 ^^^^^^
     |
     = help: consider using a Cargo feature instead
     = help: or consider adding in `Cargo.toml` the `check-cfg` lint config for the lint:
              [lints.rust]
              unexpected_cfgs = { level = "warn", check-cfg = ['cfg(native)'] }
     = help: or consider adding `println!("cargo::rustc-check-cfg=cfg(native)");` to the top of the `build.rs`
     = note: see <https://doc.rust-lang.org/nightly/rustc/check-cfg/cargo-specifics.html> for more information about checking conditional configuration

warning: unexpected `cfg` condition name: `metal`
    --> vendor/wgpu-0.20.1/src/lib.rs:1947:21
     |
1947 |             if cfg!(metal) {
     |                     ^^^^^ help: found config with similar value: `feature = "metal"`
     |
     = help: consider using a Cargo feature instead
     = help: or consider adding in `Cargo.toml` the `check-cfg` lint config for the lint:
              [lints.rust]
              unexpected_cfgs = { level = "warn", check-cfg = ['cfg(metal)'] }
     = help: or consider adding `println!("cargo::rustc-check-cfg=cfg(metal)");` to the top of the `build.rs`
     = note: see <https://doc.rust-lang.org/nightly/rustc/check-cfg/cargo-specifics.html> for more information about checking conditional configuration

warning: unexpected `cfg` condition name: `dx12`
    --> vendor/wgpu-0.20.1/src/lib.rs:1950:21
     |
1950 |             if cfg!(dx12) {
     |                     ^^^^ help: found config with similar value: `feature = "dx12"`
     |
     = help: consider using a Cargo feature instead
     = help: or consider adding in `Cargo.toml` the `check-cfg` lint config for the lint:
              [lints.rust]
              unexpected_cfgs = { level = "warn", check-cfg = ['cfg(dx12)'] }
     = help: or consider adding `println!("cargo::rustc-check-cfg=cfg(dx12)");` to the top of the `build.rs`
     = note: see <https://doc.rust-lang.org/nightly/rustc/check-cfg/cargo-specifics.html> for more information about checking conditional configuration

warning: unexpected `cfg` condition name: `webgpu`
    --> vendor/wgpu-0.20.1/src/lib.rs:1972:21
     |
1972 |             if cfg!(webgpu) {
     |                     ^^^^^^ help: found config with similar value: `feature = "webgpu"`
     |
     = help: consider using a Cargo feature instead
     = help: or consider adding in `Cargo.toml` the `check-cfg` lint config for the lint:
              [lints.rust]
              unexpected_cfgs = { level = "warn", check-cfg = ['cfg(webgpu)'] }
     = help: or consider adding `println!("cargo::rustc-check-cfg=cfg(webgpu)");` to the top of the `build.rs`
     = note: see <https://doc.rust-lang.org/nightly/rustc/check-cfg/cargo-specifics.html> for more information about checking conditional configuration

warning: unexpected `cfg` condition name: `webgl`
    --> vendor/wgpu-0.20.1/src/lib.rs:1975:21
     |
1975 |             if cfg!(webgl) {
     |                     ^^^^^ help: found config with similar value: `feature = "webgl"`
     |
     = help: consider using a Cargo feature instead
     = help: or consider adding in `Cargo.toml` the `check-cfg` lint config for the lint:
              [lints.rust]
              unexpected_cfgs = { level = "warn", check-cfg = ['cfg(webgl)'] }
     = help: or consider adding `println!("cargo::rustc-check-cfg=cfg(webgl)");` to the top of the `build.rs`
     = note: see <https://doc.rust-lang.org/nightly/rustc/check-cfg/cargo-specifics.html> for more information about checking conditional configuration

warning: unexpected `cfg` condition name: `webgpu`
    --> vendor/wgpu-0.20.1/src/lib.rs:2012:15
     |
2012 |         #[cfg(webgpu)]
     |               ^^^^^^ help: found config with similar value: `feature = "webgpu"`
     |
     = help: consider using a Cargo feature instead
     = help: or consider adding in `Cargo.toml` the `check-cfg` lint config for the lint:
              [lints.rust]
              unexpected_cfgs = { level = "warn", check-cfg = ['cfg(webgpu)'] }
     = help: or consider adding `println!("cargo::rustc-check-cfg=cfg(webgpu)");` to the top of the `build.rs`
     = note: see <https://doc.rust-lang.org/nightly/rustc/check-cfg/cargo-specifics.html> for more information about checking conditional configuration

warning: unexpected `cfg` condition name: `wgpu_core`
    --> vendor/wgpu-0.20.1/src/lib.rs:2026:15
     |
2026 |         #[cfg(wgpu_core)]
     |               ^^^^^^^^^
     |
     = help: consider using a Cargo feature instead
     = help: or consider adding in `Cargo.toml` the `check-cfg` lint config for the lint:
              [lints.rust]
              unexpected_cfgs = { level = "warn", check-cfg = ['cfg(wgpu_core)'] }
     = help: or consider adding `println!("cargo::rustc-check-cfg=cfg(wgpu_core)");` to the top of the `build.rs`
     = note: see <https://doc.rust-lang.org/nightly/rustc/check-cfg/cargo-specifics.html> for more information about checking conditional configuration

warning: unexpected `cfg` condition name: `webgpu`
    --> vendor/wgpu-0.20.1/src/lib.rs:2193:23
     |
2193 |             #[cfg(any(webgpu, webgl))]
     |                       ^^^^^^ help: found config with similar value: `feature = "webgpu"`
     |
     = help: consider using a Cargo feature instead
     = help: or consider adding in `Cargo.toml` the `check-cfg` lint config for the lint:
              [lints.rust]
              unexpected_cfgs = { level = "warn", check-cfg = ['cfg(webgpu)'] }
     = help: or consider adding `println!("cargo::rustc-check-cfg=cfg(webgpu)");` to the top of the `build.rs`
     = note: see <https://doc.rust-lang.org/nightly/rustc/check-cfg/cargo-specifics.html> for more information about checking conditional configuration

warning: unexpected `cfg` condition name: `webgl`
    --> vendor/wgpu-0.20.1/src/lib.rs:2193:31
     |
2193 |             #[cfg(any(webgpu, webgl))]
     |                               ^^^^^ help: found config with similar value: `feature = "webgl"`
     |
     = help: consider using a Cargo feature instead
     = help: or consider adding in `Cargo.toml` the `check-cfg` lint config for the lint:
              [lints.rust]
              unexpected_cfgs = { level = "warn", check-cfg = ['cfg(webgl)'] }
     = help: or consider adding `println!("cargo::rustc-check-cfg=cfg(webgl)");` to the top of the `build.rs`
     = note: see <https://doc.rust-lang.org/nightly/rustc/check-cfg/cargo-specifics.html> for more information about checking conditional configuration

warning: unexpected `cfg` condition name: `webgpu`
    --> vendor/wgpu-0.20.1/src/lib.rs:2212:23
     |
2212 |             #[cfg(any(webgpu, webgl))]
     |                       ^^^^^^ help: found config with similar value: `feature = "webgpu"`
     |
     = help: consider using a Cargo feature instead
     = help: or consider adding in `Cargo.toml` the `check-cfg` lint config for the lint:
              [lints.rust]
              unexpected_cfgs = { level = "warn", check-cfg = ['cfg(webgpu)'] }
     = help: or consider adding `println!("cargo::rustc-check-cfg=cfg(webgpu)");` to the top of the `build.rs`
     = note: see <https://doc.rust-lang.org/nightly/rustc/check-cfg/cargo-specifics.html> for more information about checking conditional configuration

warning: unexpected `cfg` condition name: `webgl`
    --> vendor/wgpu-0.20.1/src/lib.rs:2212:31
     |
2212 |             #[cfg(any(webgpu, webgl))]
     |                               ^^^^^ help: found config with similar value: `feature = "webgl"`
     |
     = help: consider using a Cargo feature instead
     = help: or consider adding in `Cargo.toml` the `check-cfg` lint config for the lint:
              [lints.rust]
              unexpected_cfgs = { level = "warn", check-cfg = ['cfg(webgl)'] }
     = help: or consider adding `println!("cargo::rustc-check-cfg=cfg(webgl)");` to the top of the `build.rs`
     = note: see <https://doc.rust-lang.org/nightly/rustc/check-cfg/cargo-specifics.html> for more information about checking conditional configuration

warning: unexpected `cfg` condition name: `wgpu_core`
    --> vendor/wgpu-0.20.1/src/lib.rs:2357:11
     |
2357 |     #[cfg(wgpu_core)]
     |           ^^^^^^^^^
     |
     = help: consider using a Cargo feature instead
     = help: or consider adding in `Cargo.toml` the `check-cfg` lint config for the lint:
              [lints.rust]
              unexpected_cfgs = { level = "warn", check-cfg = ['cfg(wgpu_core)'] }
     = help: or consider adding `println!("cargo::rustc-check-cfg=cfg(wgpu_core)");` to the top of the `build.rs`
     = note: see <https://doc.rust-lang.org/nightly/rustc/check-cfg/cargo-specifics.html> for more information about checking conditional configuration

warning: unexpected `cfg` condition name: `wgpu_core`
    --> vendor/wgpu-0.20.1/src/lib.rs:2409:11
     |
2409 |     #[cfg(wgpu_core)]
     |           ^^^^^^^^^
     |
     = help: consider using a Cargo feature instead
     = help: or consider adding in `Cargo.toml` the `check-cfg` lint config for the lint:
              [lints.rust]
              unexpected_cfgs = { level = "warn", check-cfg = ['cfg(wgpu_core)'] }
     = help: or consider adding `println!("cargo::rustc-check-cfg=cfg(wgpu_core)");` to the top of the `build.rs`
     = note: see <https://doc.rust-lang.org/nightly/rustc/check-cfg/cargo-specifics.html> for more information about checking conditional configuration

warning: unexpected `cfg` condition name: `wgpu_core`
    --> vendor/wgpu-0.20.1/src/lib.rs:2766:11
     |
2766 |     #[cfg(wgpu_core)]
     |           ^^^^^^^^^
     |
     = help: consider using a Cargo feature instead
     = help: or consider adding in `Cargo.toml` the `check-cfg` lint config for the lint:
              [lints.rust]
              unexpected_cfgs = { level = "warn", check-cfg = ['cfg(wgpu_core)'] }
     = help: or consider adding `println!("cargo::rustc-check-cfg=cfg(wgpu_core)");` to the top of the `build.rs`
     = note: see <https://doc.rust-lang.org/nightly/rustc/check-cfg/cargo-specifics.html> for more information about checking conditional configuration

warning: unexpected `cfg` condition name: `wgpu_core`
    --> vendor/wgpu-0.20.1/src/lib.rs:2805:11
     |
2805 |     #[cfg(wgpu_core)]
     |           ^^^^^^^^^
     |
     = help: consider using a Cargo feature instead
     = help: or consider adding in `Cargo.toml` the `check-cfg` lint config for the lint:
              [lints.rust]
              unexpected_cfgs = { level = "warn", check-cfg = ['cfg(wgpu_core)'] }
     = help: or consider adding `println!("cargo::rustc-check-cfg=cfg(wgpu_core)");` to the top of the `build.rs`
     = note: see <https://doc.rust-lang.org/nightly/rustc/check-cfg/cargo-specifics.html> for more information about checking conditional configuration

warning: unexpected `cfg` condition name: `wgpu_core`
    --> vendor/wgpu-0.20.1/src/lib.rs:2911:11
     |
2911 |     #[cfg(wgpu_core)]
     |           ^^^^^^^^^
     |
     = help: consider using a Cargo feature instead
     = help: or consider adding in `Cargo.toml` the `check-cfg` lint config for the lint:
              [lints.rust]
              unexpected_cfgs = { level = "warn", check-cfg = ['cfg(wgpu_core)'] }
     = help: or consider adding `println!("cargo::rustc-check-cfg=cfg(wgpu_core)");` to the top of the `build.rs`
     = note: see <https://doc.rust-lang.org/nightly/rustc/check-cfg/cargo-specifics.html> for more information about checking conditional configuration

warning: unexpected `cfg` condition name: `wgpu_core`
    --> vendor/wgpu-0.20.1/src/lib.rs:2990:19
     |
2990 |             #[cfg(wgpu_core)]
     |                   ^^^^^^^^^
     |
     = help: consider using a Cargo feature instead
     = help: or consider adding in `Cargo.toml` the `check-cfg` lint config for the lint:
              [lints.rust]
              unexpected_cfgs = { level = "warn", check-cfg = ['cfg(wgpu_core)'] }
     = help: or consider adding `println!("cargo::rustc-check-cfg=cfg(wgpu_core)");` to the top of the `build.rs`
     = note: see <https://doc.rust-lang.org/nightly/rustc/check-cfg/cargo-specifics.html> for more information about checking conditional configuration

warning: unexpected `cfg` condition name: `webgpu`
    --> vendor/wgpu-0.20.1/src/lib.rs:2992:19
     |
2992 |             #[cfg(webgpu)]
     |                   ^^^^^^ help: found config with similar value: `feature = "webgpu"`
     |
     = help: consider using a Cargo feature instead
     = help: or consider adding in `Cargo.toml` the `check-cfg` lint config for the lint:
              [lints.rust]
              unexpected_cfgs = { level = "warn", check-cfg = ['cfg(webgpu)'] }
     = help: or consider adding `println!("cargo::rustc-check-cfg=cfg(webgpu)");` to the top of the `build.rs`
     = note: see <https://doc.rust-lang.org/nightly/rustc/check-cfg/cargo-specifics.html> for more information about checking conditional configuration

warning: unexpected `cfg` condition name: `webgpu`
    --> vendor/wgpu-0.20.1/src/lib.rs:2997:27
     |
2997 |             #[cfg(not(any(webgpu, wgpu_core)))]
     |                           ^^^^^^ help: found config with similar value: `feature = "webgpu"`
     |
     = help: consider using a Cargo feature instead
     = help: or consider adding in `Cargo.toml` the `check-cfg` lint config for the lint:
              [lints.rust]
              unexpected_cfgs = { level = "warn", check-cfg = ['cfg(webgpu)'] }
     = help: or consider adding `println!("cargo::rustc-check-cfg=cfg(webgpu)");` to the top of the `build.rs`
     = note: see <https://doc.rust-lang.org/nightly/rustc/check-cfg/cargo-specifics.html> for more information about checking conditional configuration

warning: unexpected `cfg` condition name: `wgpu_core`
    --> vendor/wgpu-0.20.1/src/lib.rs:2997:35
     |
2997 |             #[cfg(not(any(webgpu, wgpu_core)))]
     |                                   ^^^^^^^^^
     |
     = help: consider using a Cargo feature instead
     = help: or consider adding in `Cargo.toml` the `check-cfg` lint config for the lint:
              [lints.rust]
              unexpected_cfgs = { level = "warn", check-cfg = ['cfg(wgpu_core)'] }
     = help: or consider adding `println!("cargo::rustc-check-cfg=cfg(wgpu_core)");` to the top of the `build.rs`
     = note: see <https://doc.rust-lang.org/nightly/rustc/check-cfg/cargo-specifics.html> for more information about checking conditional configuration

warning: unexpected `cfg` condition name: `wgpu_core`
    --> vendor/wgpu-0.20.1/src/lib.rs:3006:19
     |
3006 |             #[cfg(wgpu_core)]
     |                   ^^^^^^^^^
     |
     = help: consider using a Cargo feature instead
     = help: or consider adding in `Cargo.toml` the `check-cfg` lint config for the lint:
              [lints.rust]
              unexpected_cfgs = { level = "warn", check-cfg = ['cfg(wgpu_core)'] }
     = help: or consider adding `println!("cargo::rustc-check-cfg=cfg(wgpu_core)");` to the top of the `build.rs`
     = note: see <https://doc.rust-lang.org/nightly/rustc/check-cfg/cargo-specifics.html> for more information about checking conditional configuration

warning: unexpected `cfg` condition name: `webgpu`
    --> vendor/wgpu-0.20.1/src/lib.rs:3008:19
     |
3008 |             #[cfg(webgpu)]
     |                   ^^^^^^ help: found config with similar value: `feature = "webgpu"`
     |
     = help: consider using a Cargo feature instead
     = help: or consider adding in `Cargo.toml` the `check-cfg` lint config for the lint:
              [lints.rust]
              unexpected_cfgs = { level = "warn", check-cfg = ['cfg(webgpu)'] }
     = help: or consider adding `println!("cargo::rustc-check-cfg=cfg(webgpu)");` to the top of the `build.rs`
     = note: see <https://doc.rust-lang.org/nightly/rustc/check-cfg/cargo-specifics.html> for more information about checking conditional configuration

warning: unexpected `cfg` condition name: `webgpu`
    --> vendor/wgpu-0.20.1/src/lib.rs:3010:27
     |
3010 |             #[cfg(not(any(webgpu, wgpu_core)))]
     |                           ^^^^^^ help: found config with similar value: `feature = "webgpu"`
     |
     = help: consider using a Cargo feature instead
     = help: or consider adding in `Cargo.toml` the `check-cfg` lint config for the lint:
              [lints.rust]
              unexpected_cfgs = { level = "warn", check-cfg = ['cfg(webgpu)'] }
     = help: or consider adding `println!("cargo::rustc-check-cfg=cfg(webgpu)");` to the top of the `build.rs`
     = note: see <https://doc.rust-lang.org/nightly/rustc/check-cfg/cargo-specifics.html> for more information about checking conditional configuration

warning: unexpected `cfg` condition name: `wgpu_core`
    --> vendor/wgpu-0.20.1/src/lib.rs:3010:35
     |
3010 |             #[cfg(not(any(webgpu, wgpu_core)))]
     |                                   ^^^^^^^^^
     |
     = help: consider using a Cargo feature instead
     = help: or consider adding in `Cargo.toml` the `check-cfg` lint config for the lint:
              [lints.rust]
              unexpected_cfgs = { level = "warn", check-cfg = ['cfg(wgpu_core)'] }
     = help: or consider adding `println!("cargo::rustc-check-cfg=cfg(wgpu_core)");` to the top of the `build.rs`
     = note: see <https://doc.rust-lang.org/nightly/rustc/check-cfg/cargo-specifics.html> for more information about checking conditional configuration

warning: unexpected `cfg` condition name: `wgpu_core`
    --> vendor/wgpu-0.20.1/src/lib.rs:3050:19
     |
3050 |             #[cfg(wgpu_core)]
     |                   ^^^^^^^^^
     |
     = help: consider using a Cargo feature instead
     = help: or consider adding in `Cargo.toml` the `check-cfg` lint config for the lint:
              [lints.rust]
              unexpected_cfgs = { level = "warn", check-cfg = ['cfg(wgpu_core)'] }
     = help: or consider adding `println!("cargo::rustc-check-cfg=cfg(wgpu_core)");` to the top of the `build.rs`
     = note: see <https://doc.rust-lang.org/nightly/rustc/check-cfg/cargo-specifics.html> for more information about checking conditional configuration

warning: unexpected `cfg` condition name: `wgpu_core`
    --> vendor/wgpu-0.20.1/src/lib.rs:3061:19
     |
3061 |             #[cfg(wgpu_core)]
     |                   ^^^^^^^^^
     |
     = help: consider using a Cargo feature instead
     = help: or consider adding in `Cargo.toml` the `check-cfg` lint config for the lint:
              [lints.rust]
              unexpected_cfgs = { level = "warn", check-cfg = ['cfg(wgpu_core)'] }
     = help: or consider adding `println!("cargo::rustc-check-cfg=cfg(wgpu_core)");` to the top of the `build.rs`
     = note: see <https://doc.rust-lang.org/nightly/rustc/check-cfg/cargo-specifics.html> for more information about checking conditional configuration

warning: unexpected `cfg` condition name: `webgpu`
    --> vendor/wgpu-0.20.1/src/lib.rs:3333:11
     |
3333 |     #[cfg(webgpu)]
     |           ^^^^^^ help: found config with similar value: `feature = "webgpu"`
     |
     = help: consider using a Cargo feature instead
     = help: or consider adding in `Cargo.toml` the `check-cfg` lint config for the lint:
              [lints.rust]
              unexpected_cfgs = { level = "warn", check-cfg = ['cfg(webgpu)'] }
     = help: or consider adding `println!("cargo::rustc-check-cfg=cfg(webgpu)");` to the top of the `build.rs`
     = note: see <https://doc.rust-lang.org/nightly/rustc/check-cfg/cargo-specifics.html> for more information about checking conditional configuration

warning: unexpected `cfg` condition name: `wgpu_core`
    --> vendor/wgpu-0.20.1/src/lib.rs:3379:11
     |
3379 |     #[cfg(wgpu_core)]
     |           ^^^^^^^^^
     |
     = help: consider using a Cargo feature instead
     = help: or consider adding in `Cargo.toml` the `check-cfg` lint config for the lint:
              [lints.rust]
              unexpected_cfgs = { level = "warn", check-cfg = ['cfg(wgpu_core)'] }
     = help: or consider adding `println!("cargo::rustc-check-cfg=cfg(wgpu_core)");` to the top of the `build.rs`
     = note: see <https://doc.rust-lang.org/nightly/rustc/check-cfg/cargo-specifics.html> for more information about checking conditional configuration

warning: unexpected `cfg` condition name: `wgpu_core`
    --> vendor/wgpu-0.20.1/src/lib.rs:3744:11
     |
3744 |     #[cfg(wgpu_core)]
     |           ^^^^^^^^^
     |
     = help: consider using a Cargo feature instead
     = help: or consider adding in `Cargo.toml` the `check-cfg` lint config for the lint:
              [lints.rust]
              unexpected_cfgs = { level = "warn", check-cfg = ['cfg(wgpu_core)'] }
     = help: or consider adding `println!("cargo::rustc-check-cfg=cfg(wgpu_core)");` to the top of the `build.rs`
     = note: see <https://doc.rust-lang.org/nightly/rustc/check-cfg/cargo-specifics.html> for more information about checking conditional configuration

warning: unexpected `cfg` condition name: `webgpu`
    --> vendor/wgpu-0.20.1/src/lib.rs:4949:15
     |
4949 |     #[cfg(any(webgpu, webgl))]
     |               ^^^^^^ help: found config with similar value: `feature = "webgpu"`
     |
     = help: consider using a Cargo feature instead
     = help: or consider adding in `Cargo.toml` the `check-cfg` lint config for the lint:
              [lints.rust]
              unexpected_cfgs = { level = "warn", check-cfg = ['cfg(webgpu)'] }
     = help: or consider adding `println!("cargo::rustc-check-cfg=cfg(webgpu)");` to the top of the `build.rs`
     = note: see <https://doc.rust-lang.org/nightly/rustc/check-cfg/cargo-specifics.html> for more information about checking conditional configuration

warning: unexpected `cfg` condition name: `webgl`
    --> vendor/wgpu-0.20.1/src/lib.rs:4949:23
     |
4949 |     #[cfg(any(webgpu, webgl))]
     |                       ^^^^^ help: found config with similar value: `feature = "webgl"`
     |
     = help: consider using a Cargo feature instead
     = help: or consider adding in `Cargo.toml` the `check-cfg` lint config for the lint:
              [lints.rust]
              unexpected_cfgs = { level = "warn", check-cfg = ['cfg(webgl)'] }
     = help: or consider adding `println!("cargo::rustc-check-cfg=cfg(webgl)");` to the top of the `build.rs`
     = note: see <https://doc.rust-lang.org/nightly/rustc/check-cfg/cargo-specifics.html> for more information about checking conditional configuration

warning: unexpected `cfg` condition name: `wgpu_core`
    --> vendor/wgpu-0.20.1/src/lib.rs:5175:11
     |
5175 |     #[cfg(wgpu_core)]
     |           ^^^^^^^^^
     |
     = help: consider using a Cargo feature instead
     = help: or consider adding in `Cargo.toml` the `check-cfg` lint config for the lint:
              [lints.rust]
              unexpected_cfgs = { level = "warn", check-cfg = ['cfg(wgpu_core)'] }
     = help: or consider adding `println!("cargo::rustc-check-cfg=cfg(wgpu_core)");` to the top of the `build.rs`
     = note: see <https://doc.rust-lang.org/nightly/rustc/check-cfg/cargo-specifics.html> for more information about checking conditional configuration

warning: unexpected `cfg` condition name: `wgpu_core`
    --> vendor/wgpu-0.20.1/src/lib.rs:5326:11
     |
5326 |     #[cfg(wgpu_core)]
     |           ^^^^^^^^^
     |
     = help: consider using a Cargo feature instead
     = help: or consider adding in `Cargo.toml` the `check-cfg` lint config for the lint:
              [lints.rust]
              unexpected_cfgs = { level = "warn", check-cfg = ['cfg(wgpu_core)'] }
     = help: or consider adding `println!("cargo::rustc-check-cfg=cfg(wgpu_core)");` to the top of the `build.rs`
     = note: see <https://doc.rust-lang.org/nightly/rustc/check-cfg/cargo-specifics.html> for more information about checking conditional configuration

warning: unexpected `cfg` condition name: `webgpu`
    --> vendor/wgpu-0.20.1/src/lib.rs:5385:11
     |
5385 |     #[cfg(webgpu)]
     |           ^^^^^^ help: found config with similar value: `feature = "webgpu"`
     |
     = help: consider using a Cargo feature instead
     = help: or consider adding in `Cargo.toml` the `check-cfg` lint config for the lint:
              [lints.rust]
              unexpected_cfgs = { level = "warn", check-cfg = ['cfg(webgpu)'] }
     = help: or consider adding `println!("cargo::rustc-check-cfg=cfg(webgpu)");` to the top of the `build.rs`
     = note: see <https://doc.rust-lang.org/nightly/rustc/check-cfg/cargo-specifics.html> for more information about checking conditional configuration

warning: field `0` is never read
   --> vendor/wgpu-0.20.1/src/lib.rs:189:28
    |
189 | pub struct SubmissionIndex(ObjectId, Arc<crate::Data>);
    |            --------------- ^^^^^^^^
    |            |
    |            field in this struct
    |
    = note: `SubmissionIndex` has derived impls for the traits `Clone` and `Debug`, but these are intentionally ignored during dead code analysis
    = note: `#[warn(dead_code)]` (part of `#[warn(unused)]`) on by default
help: consider changing the field to be of unit type to suppress this warning while preserving the field numbering, or remove the field
    |
189 - pub struct SubmissionIndex(ObjectId, Arc<crate::Data>);
189 + pub struct SubmissionIndex((), Arc<crate::Data>);
    |

warning: methods `device_downlevel_properties`, `device_mark_lost`, `render_bundle_encoder_multi_draw_indirect`, `render_bundle_encoder_multi_draw_indexed_indirect`, `render_bundle_encoder_multi_draw_indirect_count`, and `render_bundle_encoder_multi_draw_indexed_indirect_count` are never used
   --> vendor/wgpu-0.20.1/src/context.rs:186:8
    |
 33 | pub trait Context: Debug + WasmNotSendSync + Sized {
    |           ------- methods in this trait
...
186 |     fn device_downlevel_properties(
    |        ^^^^^^^^^^^^^^^^^^^^^^^^^^^
...
280 |     fn device_mark_lost(
    |        ^^^^^^^^^^^^^^^^
...
764 |     fn render_bundle_encoder_multi_draw_indirect(
    |        ^^^^^^^^^^^^^^^^^^^^^^^^^^^^^^^^^^^^^^^^^
...
773 |     fn render_bundle_encoder_multi_draw_indexed_indirect(
    |        ^^^^^^^^^^^^^^^^^^^^^^^^^^^^^^^^^^^^^^^^^^^^^^^^^
...
783 |     fn render_bundle_encoder_multi_draw_indirect_count(
    |        ^^^^^^^^^^^^^^^^^^^^^^^^^^^^^^^^^^^^^^^^^^^^^^^
...
796 |     fn render_bundle_encoder_multi_draw_indexed_indirect_count(
    |        ^^^^^^^^^^^^^^^^^^^^^^^^^^^^^^^^^^^^^^^^^^^^^^^^^^^^^^^

warning: methods `device_downlevel_properties`, `device_mark_lost`, `render_bundle_encoder_multi_draw_indirect`, `render_bundle_encoder_multi_draw_indexed_indirect`, `render_bundle_encoder_multi_draw_indirect_count`, and `render_bundle_encoder_multi_draw_indexed_indirect_count` are never used
    --> vendor/wgpu-0.20.1/src/context.rs:1214:8
     |
1136 | pub(crate) trait DynContext: Debug + WasmNotSendSync {
     |                  ---------- methods in this trait
...
1214 |     fn device_downlevel_properties(
     |        ^^^^^^^^^^^^^^^^^^^^^^^^^^^
...
1308 |     fn device_mark_lost(&self, device: &ObjectId, device_data: &crate::Data, message: &str);
     |        ^^^^^^^^^^^^^^^^
...
1738 |     fn render_bundle_encoder_multi_draw_indirect(
     |        ^^^^^^^^^^^^^^^^^^^^^^^^^^^^^^^^^^^^^^^^^
...
1747 |     fn render_bundle_encoder_multi_draw_indexed_indirect(
     |        ^^^^^^^^^^^^^^^^^^^^^^^^^^^^^^^^^^^^^^^^^^^^^^^^^
...
1757 |     fn render_bundle_encoder_multi_draw_indirect_count(
     |        ^^^^^^^^^^^^^^^^^^^^^^^^^^^^^^^^^^^^^^^^^^^^^^^
...
1770 |     fn render_bundle_encoder_multi_draw_indexed_indirect_count(
     |        ^^^^^^^^^^^^^^^^^^^^^^^^^^^^^^^^^^^^^^^^^^^^^^^^^^^^^^^

warning: field `0` is never read
  --> vendor/wgpu-0.20.1/src/util/mod.rs:86:5
   |
85 | pub struct DownloadBuffer(
   |            -------------- field in this struct
86 |     Arc<super::Buffer>,
   |     ^^^^^^^^^^^^^^^^^^
   |
help: consider changing the field to be of unit type to suppress this warning while preserving the field numbering, or remove the field
   |
86 -     Arc<super::Buffer>,
86 +     (),
   |

warning: `wgpu` (lib) generated 161 warnings
   Compiling st-backend-wgpu v0.1.0 (/Users/ryospiralarchitect/🌀SpiralReality🌀/_wt/spiraltorch-resident-graph-forward-v1/crates/st-backend-wgpu)
    Finished `release` profile [optimized] target(s) in 7.93s
warning: the following packages contain code that will be rejected by a future version of Rust: block v0.1.6
note: to see what the problems were, use the option `--future-incompat-report`, or run `cargo report future-incompatibilities --id 1`
     Running unittests src/lib.rs (/Users/ryospiralarchitect/🌀SpiralReality🌀/_wt/spiraltorch-spiralk-golden-blackcat-contract-v1/target/release/deps/st_backend_wgpu-269039a696f58871)

running 160 tests
test attention::tests::params_layout_is_32_bytes ... ok
test attention::tests::rejects_multiple_query_tiles ... ok
test attention::tests::rejects_unsupported_dtype ... ok
test catalog::tests::catalog_contains_core_wgpu_families ... ok
test catalog::tests::catalog_entry_points_exist_in_owned_wgsl ... ok
test catalog::tests::descriptor_matches_shader_basename ... ok
test catalog::tests::rank_report_matches_runtime_selector_without_frontend_heuristics ... ok
test catalog::tests::rank_report_selects_exact_two_command_bottomk_geometry ... ok
test catalog::tests::rank_report_selects_tournament_midk ... ok
test catalog::tests::softmax_report_sets_hardmax_mask_flags ... ok
test compaction::tests::runtime_matches_shared_reference_when_enabled ... ok
test compaction::tests::tile_counts_reduce_to_exact_rows ... ok
test gelu_back::tests::fused_uniform_size ... ok
test gelu_back::tests::geometry_autotune_clamps_to_tiny_limits ... ok
test gelu_back::tests::geometry_autotune_prefers_wide_tiles_when_supported ... ok
test gelu_back::tests::geometry_defaults_match_overrides ... ok
test gelu_back::tests::reduce_uniform_size ... ok
test gelu_back::tests::tiles_and_dispatch_match_reference ... ok
test midk_bottomk::tests::element_counts_match_expected_values ... ok
test midk_bottomk::tests::explicitly_requested_runtime_does_not_skip_missing_device - should panic ... ok
test midk_bottomk::tests::geometry_validation_accepts_valid_stride ... ok
test midk_bottomk::tests::geometry_validation_flags_small_stride ... ok
test midk_bottomk::tests::multi_tile_compaction_preserves_row_stride_when_runtime_enabled ... ok
test midk_bottomk::tests::portable_scan_matches_stable_compaction_across_tile_and_block_edges ... ok
test midk_bottomk::tests::row_prefix_dispatches_once_per_row_while_tile_stages_cover_every_tile ... ok
test midk_bottomk::tests::tiles_for_cols_handles_zero ... ok
test midk_bottomk::tests::tiles_for_cols_rounds_up ... ok
test rankk_exact_2ce::resident::profiling_tests::default_runtime_rejects_profiling_without_mutating_output ... ok
test rankk_exact_2ce::resident::profiling_tests::failed_profile_validation_cannot_publish_output_or_invalidate_later_dispatch ... ok
test rankk_exact_2ce::resident::profiling_tests::failed_submitted_profile_chunk_cannot_leave_output_published ... ok
test rankk_exact_2ce::resident::profiling_tests::internal_profile_scope_contention_preserves_state ... ok
test rankk_exact_2ce::resident::profiling_tests::maximum_ordinary_repetitions_reuse_scratch_in_one_pass ... ok
test rankk_exact_2ce::resident::profiling_tests::maximum_profile_query_budget_is_executable ... ok
test rankk_exact_2ce::resident::profiling_tests::private_profile_devices_retire_after_workspace_and_pending_reads ... ok
test rankk_exact_2ce::resident::profiling_tests::private_profile_scopes_cannot_capture_ordinary_workspace_errors ... ok
test rankk_exact_2ce::resident::profiling_tests::profile_output_is_published_only_by_the_latest_successful_read ... ok
test rankk_exact_2ce::resident::profiling_tests::shared_timestamp_device_cannot_open_rank_profiling_scopes ... ok
test rankk_exact_2ce::resident::profiling_tests::timestamp_profiles_own_storage_and_survive_workspace_reuse_and_drop ... ok
test rankk_exact_2ce::resident::tests::combined_readback_preserves_float_bits_and_signed_indices ... ok
test rankk_exact_2ce::resident::tests::finite_prefix_counts_preserve_full_ranks_after_reupload_when_enabled ... ok
test rankk_exact_2ce::resident::tests::fragmented_midk_seek_matches_total_order_when_enabled ... ok
test rankk_exact_2ce::resident::tests::matmul_chain_is_owned_and_transactional_when_enabled ... ok
test rankk_exact_2ce::resident::tests::matmul_copy_rejects_different_device_handles_when_enabled ... ok
test rankk_exact_2ce::resident::tests::matmul_input_copy_is_owned_and_validation_is_transactional_when_enabled ... ok
test rankk_exact_2ce::resident::tests::midk_merge_destinations_and_padding_remain_disjoint_when_enabled ... ok
test rankk_exact_2ce::resident::tests::parallel_midk_rank_bounds_preserve_total_order_when_enabled ... ok
test rankk_exact_2ce::resident::tests::parallel_prefix_order_padding_and_reuploads_match_reference_when_enabled ... ok
test rankk_exact_2ce::resident::tests::resident_rank_lifecycle_matches_reference_when_enabled ... ok
test rankk_exact_2ce::resident::tests::snapshot_copy_stages_match_output_when_enabled ... ok
test rankk_exact_2ce::tests::exact_rank_2ce_runtime_matches_cpu_reference_when_enabled ... ok
test rankk_exact_2ce::tests::exact_rank_2ce_wgsl_parses_and_validates ... ok
test rankk_exact_2ce::tests::local_and_storage_sort_boundaries_match_reference_when_enabled ... ok
test rankk_exact_2ce::tests::merge_grid_matches_bounded_midk_selection ... ok
test rankk_exact_2ce::tests::pair_lane_mapping_covers_each_bitonic_endpoint_once ... ok
test rankk_exact_2ce::tests::plan_checks_local_sort_storage_before_pipeline_creation ... ok
test rankk_exact_2ce::tests::plan_preserves_requested_tile_and_derives_exact_geometry ... ok
test rankk_exact_2ce::tests::plan_rejects_semantically_invalid_requests ... ok
test rankk_exact_2ce::tests::reduction_lane_boundaries_match_reference_when_enabled ... ok
test rankk_exact_2ce::tests::rust_merge_mode_drives_pipeline_and_grid_at_each_boundary ... ok
test render::temporal::tests::rejects_mismatched_buffers ... ok
test render::temporal::tests::rejects_overflowing_harmonic_shape_without_saturation ... ok
test render::temporal::tests::renders_decay_and_harmonics ... ok
test resident_dense::tests::checked_shader_validates_for_existing_kernel_options ... ok
test resident_dense::tests::snapshot_decode_checks_all_stages_and_cardinality ... ok
test resident_graph::direct::tests::another_thread_retaining_a_version_prevents_its_reuse ... ok
test resident_graph::direct::tests::fixed_input_reuses_outputs_and_bindings_but_rejects_stale_binding_keys ... ok
test resident_graph::direct::tests::held_versions_beyond_budget_allocate_separately_and_later_recycle ... ok
test resident_graph::direct::tests::outputs_at_the_byte_budget_are_not_retained_on_the_real_device ... ok
test resident_graph::direct::tests::recurrent_outputs_recycle_with_pending_snapshots_but_never_observed_views ... ok
test resident_graph::direct::tests::recycled_flags_reset_while_old_snapshots_and_consumers_keep_their_error ... ok
test resident_graph::direct::tests::retention_caps_count_and_actual_output_bytes_without_overflow ... ok
test resident_graph::direct::tests::terminal_capture_keeps_masked_errors_and_legacy_graph_state ... ok
test resident_graph::direct::tests::terminal_snapshots_match_all_dense_modes_and_preserve_versions ... ok
test resident_graph::direct_io_tests::boundaries_and_views_match_explicit_execution_for_every_dense_variant ... ok
test resident_graph::direct_io_tests::direct_and_explicit_transitions_preserve_input_counters_and_owning_outputs ... ok
test resident_graph::direct_io_tests::guards_survive_masking_reuse_and_packed_invalid_input ... ok
test resident_graph::direct_io_tests::rejected_direct_calls_preserve_previous_state ... ok
test resident_graph::guard_tests::indexed_pointwise_guard_keeps_other_words_and_inherits_empty_input_failures ... ok
test resident_graph::guard_tests::shared_guard_preserves_every_stage_and_queued_snapshot_across_reuse ... ok
test resident_graph::guard_tests::terminal_guard_observes_late_workgroups_and_survives_queued_valid_forwards ... ok
test resident_graph::tests::readback_checks_all_stages_and_upstream_guard ... ok
test resident_matmul::tests::output_tile_and_invocation_geometry_agree ... ok
test resident_matmul::tests::resident_browser_long_k_frozen_cells_match_reference_when_enabled ... ok
test resident_matmul::tests::resident_compensation_recovers_small_terms_when_enabled ... ok
test resident_matmul::tests::resident_device_reuse_snapshots_and_chaining ... ok
test resident_matmul::tests::resident_tiles_match_f64_reference_when_enabled ... ok
test resident_matmul::tests::rounded_add_bits_matches_f32_when_enabled ... ok
test resident_matmul::tests::shape_checks_shader_addressing_and_device_limits ... ok
test resident_matmul::tests::shared_shader_variants_validate ... ok
test resident_matmul::tests::tile_checks_are_structural_and_device_specific ... ok
test resident_tensor::capture::tests::capture_retention_accounts_for_all_values_padding_and_shared_guard ... ok
test resident_tensor::capture::tests::packed_capture_shader_validates ... ok
test resident_tensor::capture::tests::packed_captures_own_values_and_whole_guards_on_real_gpu ... ok
test resident_tensor::capture::tests::whole_output_ownership_includes_views_weak_owners_and_the_shared_guard ... ok
test resident_tensor::classification::tests::reductions_smoothed_ignore_views_and_small_tails_stay_resident ... ok
test resident_tensor::classification::tests::shader_parses_and_validates_without_a_runtime ... ok
test resident_tensor::classification::tests::wide_normalized_losses_tiny_smoothing_and_whole_loss_guards ... ok
test resident_tensor::loss::tests::mean_mse_reuses_training_kernels_for_views_empty_and_many_partials ... ok
test resident_tensor::loss::tests::whole_loss_guards_retain_failures_without_poisoning_later_results ... ok
test resident_tensor::pointwise::inputs::bindings_validate_context_and_replacements_before_mutation_on_real_gpu ... ok
test resident_tensor::pointwise::tests::generated_fusion_validates_at_program_bounds ... ok
test resident_tensor::pointwise::vjp::tests::vjp_and_unbroadcast_shaders_validate ... ok
test resident_tensor::tests::resident_views_broadcasts_chains_and_failures_on_real_gpu ... ok
test resident_tensor::tests::shader_and_portable_addressing_are_checked ... ok
test resident_tensor::tests::tensor_snapshots_preserve_versions_and_guards_on_real_gpu ... ok
test resident_training::graph::autograd::cotangent::tests::pointwise_cotangent_host_errors_do_not_invalidate_current_tape ... ok
test resident_training::graph::autograd::cotangent::tests::pointwise_cotangent_masked_failures_guard_all_outputs_and_recover ... ok
test resident_training::graph::autograd::cotangent::tests::pointwise_cotangent_matches_materialized_and_analytic_vjps_with_strides ... ok
test resident_training::graph::autograd::cotangent::tests::pointwise_cotangent_rejected_update_preserves_parameters_and_momentum ... ok
test resident_training::graph::autograd::learner::accumulator::tests::microbatch_guards_survive_zero_weights_overflow_cancellation_and_recover ... ok
test resident_training::graph::autograd::learner::accumulator::tests::microbatches_reuse_storage_and_enforce_parameter_not_input_identity ... ok
test resident_training::graph::autograd::learner::clipping::tests::global_clip_gpu_accumulator_guard_is_not_sanitized_and_recovers ... ok
test resident_training::graph::autograd::learner::clipping::tests::global_clip_gpu_weighted_sum_is_global_after_mixed_parameter_policy ... ok
test resident_training::graph::autograd::learner::clipping::tests::global_clip_gpu_wide_norm_tiny_scale_policy_and_disabled_path ... ok
test resident_training::graph::autograd::learner::momentum::tests::momentum_gpu_does_not_validate_an_unused_plain_sgd_candidate ... ok
test resident_training::graph::autograd::learner::momentum::tests::momentum_gpu_fused_clipping_preserves_wide_factors_and_enable_order ... ok
test resident_training::graph::autograd::learner::momentum::tests::momentum_gpu_rejected_or_zero_rate_transaction_preserves_all_history ... ok
test resident_training::graph::autograd::learner::momentum::tests::momentum_gpu_shared_ema_switching_reset_and_owning_snapshots ... ok
test resident_training::graph::autograd::outputs::tests::direct_vjp_busy_versions_spill_and_zero_retention_never_reuses ... ok
test resident_training::graph::autograd::outputs::tests::direct_vjp_reuses_owning_destinations_not_terminal_scratch ... ok
test resident_training::graph::autograd::prediction::tests::owning_predictions_bypass_terminal_scratch_and_preserve_the_vjp_tape ... ok
test resident_training::graph::autograd::prediction::tests::prediction_guards_survive_masking_and_recycled_versions_recover ... ok
test resident_training::graph::autograd::prediction::tests::prediction_retention_is_bounded_and_input_aliases_do_not_recycle ... ok
test resident_training::graph::autograd::prediction::tests::prediction_views_pin_versions_and_pending_reads_survive_reuse ... ok
test resident_training::graph::profile::tests::only_checked_acceptance_or_rollback_unblocks_a_profile ... ok
test resident_training::graph::profile::tests::report_preserves_integer_ticks_zero_intervals_and_real_pass_groups ... ok
test resident_training::graph::tests::forward_pass_batching_preserves_browser_and_unmeasured_backends ... ok
test resident_training::graph::tests::graph_parameter_shader_validates ... ok
test resident_training::readback::tests::step_decode_requires_the_global_decision_and_all_finite_flags ... ok
test resident_training::stage_tests::forward_specializations_are_reused_without_changing_mixed_activation_semantics ... ok
test resident_training::stage_tests::transposed_vjps_cover_rectangular_tiles_and_partial_edges_when_enabled ... ok
test resident_training::tests::element_grids_cover_more_than_one_dispatch_row ... ok
test resident_training::tests::only_measured_metal_coalesces_training_dispatches ... ok
test resident_training::tests::static_training_attributes_preserve_the_public_dynamic_contract ... ok
test resident_training::tests::training_shaders_validate_for_every_matrix_policy ... ok
test runtime::tests::adapter_search_filters_features_before_accepting_a_preference ... ok
test runtime::tests::checked_byte_len_preserves_exact_sizes ... ok
test runtime::tests::checked_byte_len_rejects_unaddressable_storage ... ok
test runtime::tests::default_runtime_reuses_one_context_when_enabled ... ok
test runtime::tests::host_poll_backoff_keeps_fast_path_and_deadline ... ok
test runtime::tests::readback_pool_cancels_maps_and_keeps_one_idle_buffer_when_enabled ... ok
test runtime::timestamps::tests::interleaved_timestamp_scopes_are_rejected_before_touching_the_device ... ok
test runtime::timestamps::tests::malformed_timestamps_fail_without_wall_clock_fallback ... ok
test runtime::timestamps::tests::query_budget_is_checked_before_allocation ... ok
test runtime::timestamps::tests::timestamp_validation_failure_is_not_a_successful_zero_measurement ... ok
test runtime::timestamps::tests::timestamp_validation_rejects_every_error_class_and_drains_all_scopes ... ok
test runtime::timestamps::tests::timestamps_preserve_integer_deltas_and_zero_quantized_intervals ... ok
test softmax::tests::dispatch_matches_rows ... ok
test softmax::tests::params_layout_is_32_bytes ... ok
test transform::tests::color_jitter_gpu_matches_cpu_for_more_than_eight_channels_when_enabled ... ok
test transform::tests::empty_sequence_still_validates_input_contract ... ok
test transform::tests::image_geometry_reports_overflow_instead_of_panicking ... ok
test util::tests::apply_overrides_errors_when_constant_missing ... ok
test util::tests::apply_overrides_replaces_matching_constants ... ok
test util::tests::cache_reuses_source_without_retouching_disk ... ok
test util::tests::clear_prevents_inflight_source_from_repopulating_cache ... ok
test util::tests::prefetch_warms_cache_for_multiple_files ... ok
test util::tests::source_cache_recovers_after_poison ... ok
test util::tests::source_loader_panic_does_not_poison_cache ... ok
test util::tests::source_loader_runs_outside_cache_lock ... ok

test result: ok. 160 passed; 0 failed; 0 ignored; 0 measured; 0 filtered out; finished in 3.98s

     Running tests/wgsl_syntax.rs (/Users/ryospiralarchitect/🌀SpiralReality🌀/_wt/spiraltorch-spiralk-golden-blackcat-contract-v1/target/release/deps/wgsl_syntax-85891b56b004f3c8)

running 1 test
test all_backend_shaders_parse ... ok

test result: ok. 1 passed; 0 failed; 0 ignored; 0 measured; 0 filtered out; finished in 0.00s

   Doc-tests st_backend_wgpu

running 0 tests

test result: ok. 0 passed; 0 failed; 0 ignored; 0 measured; 0 filtered out; finished in 0.00s

