{
  "parameters": {
    "gnn_graph::layer1::weight": {
      "rows": 6,
      "cols": 3,
      "data": [
        0.009827891,
        0.019518001,
        0.029561993,
        0.03587925,
        0.04473318,
        0.05394852,
        0.055023663,
        0.06276742,
        0.07087239,
        0.06792939,
        0.07460252,
        0.081636444,
        0.07647473,
        0.08223364,
        0.08835454,
        0.08222535,
        0.08723543,
        0.09261136
      ]
    },
    "gnn_graph::layer0::weight": {
      "rows": 3,
      "cols": 6,
      "data": [
        0.008829889,
        0.017685356,
        0.026503637,
        0.035295323,
        0.044114295,
        0.052930225,
        0.04186631,
        0.047845688,
        0.053832337,
        0.05983443,
        0.06581753,
        0.07179906,
        0.054486282,
        0.05873065,
        0.062964775,
        0.06718181,
        0.071393035,
        0.07559917
      ]
    },
    "gnn_graph::layer0::bias": {
      "rows": 1,
      "cols": 6,
      "data": [
        0.00017290529,
        0.000349723,
        0.0005886169,
        0.0008255071,
        0.000974561,
        0.0010815532
      ]
    },
    "gnn_graph::layer1::bias": {
      "rows": 1,
      "cols": 3,
      "data": [
        0.0005087057,
        -0.031123575,
        -0.008142622
      ]
    }
  }
}