{
  "parameters": {
    "l1::weight": {
      "rows": 2,
      "cols": 8,
      "data": [
        0.009834084,
        0.019667948,
        0.029501757,
        0.039335486,
        0.049169112,
        0.059002604,
        0.068835944,
        0.0786691,
        0.0801453,
        0.0890703,
        0.09799518,
        0.10691993,
        0.11584458,
        0.124769054,
        0.13369338,
        0.14261754
      ]
    },
    "l2::bias": {
      "rows": 1,
      "cols": 1,
      "data": [
        0.00348284
      ]
    },
    "l1::bias": {
      "rows": 1,
      "cols": 8,
      "data": [
        0.000038801678,
        0.00007737151,
        0.000115925126,
        0.00015445454,
        0.00019295172,
        0.0002314088,
        0.00026981783,
        0.00030817112
      ]
    },
    "l2::weight": {
      "rows": 8,
      "cols": 1,
      "data": [
        0.010219962,
        0.020264091,
        0.030295953,
        0.040309522,
        0.050298803,
        0.06025789,
        0.07018094,
        0.08006223
      ]
    }
  }
}