2026-09-12T10:47:43.7631311Z Current runner version: '2.337.0'
2026-09-12T10:47:43.7668192Z ##[group]Runner Image Provisioner
2026-09-12T10:47:43.7669376Z Hosted Compute Agent
2026-09-12T10:47:43.7670486Z Version: 20260828.587
2026-09-12T10:47:43.7671472Z Commit: abac92662cab4cc7352de4f9f9d2e2419aad9c29
2026-09-12T10:47:43.7672679Z Build Date: 2026-08-28T16:44:25Z
2026-09-12T10:47:43.7673735Z Worker ID: {7b622916-f816-46c8-9197-3ba909870c7b}
2026-09-12T10:47:43.7674821Z Azure Region: eastus2
2026-09-12T10:47:43.7675900Z ##[endgroup]
2026-09-12T10:47:43.7678349Z ##[group]Operating System
2026-09-12T10:47:43.7679527Z Ubuntu
2026-09-12T10:47:43.7680337Z 24.04.5
2026-09-12T10:47:43.7681194Z LTS
2026-09-12T10:47:43.7682050Z ##[endgroup]
2026-09-12T10:47:43.7682888Z ##[group]Runner Image
2026-09-12T10:47:43.7683985Z Image: ubuntu-24.04
2026-09-12T10:47:43.7684858Z Version: 20260907.300.1
2026-09-12T10:47:43.7687204Z Included Software: https://github.com/actions/runner-images/blob/ubuntu24/20260907.300/images/ubuntu/Ubuntu2404-Readme.md
2026-09-12T10:47:43.7689921Z Image Release: https://github.com/actions/runner-images/releases/tag/ubuntu24%2F20260907.300
2026-09-12T10:47:43.7691559Z ##[endgroup]
2026-09-12T10:47:43.7697013Z ##[group]GITHUB_TOKEN Permissions
2026-09-12T10:47:43.7700355Z Actions: write
2026-09-12T10:47:43.7701417Z ArtifactMetadata: write
2026-09-12T10:47:43.7702422Z Attestations: write
2026-09-12T10:47:43.7703385Z Checks: write
2026-09-12T10:47:43.7704247Z CodeQuality: write
2026-09-12T10:47:43.7705161Z Contents: write
2026-09-12T10:47:43.7706118Z CopilotRequests: write
2026-09-12T10:47:43.7707281Z Deployments: write
2026-09-12T10:47:43.7708300Z Discussions: write
2026-09-12T10:47:43.7709138Z Drives: write
2026-09-12T10:47:43.7709966Z Issues: write
2026-09-12T10:47:43.7710939Z Metadata: read
2026-09-12T10:47:43.7711931Z Models: read
2026-09-12T10:47:43.7712769Z Packages: write
2026-09-12T10:47:43.7713611Z Pages: write
2026-09-12T10:47:43.7714480Z PullRequests: write
2026-09-12T10:47:43.7715651Z RepositoryProjects: write
2026-09-12T10:47:43.7716585Z SecurityEvents: write
2026-09-12T10:47:43.7717859Z Statuses: write
2026-09-12T10:47:43.7718747Z VulnerabilityAlerts: read
2026-09-12T10:47:43.7719812Z ##[endgroup]
2026-09-12T10:47:43.7722962Z Secret source: Actions
2026-09-12T10:47:43.7724716Z Cache mode: write
2026-09-12T10:47:43.7725872Z Prepare workflow directory
2026-09-12T10:47:43.8193411Z Prepare all required actions
2026-09-12T10:47:43.8263143Z Getting action download info
2026-09-12T10:47:43.9945524Z Download action repository 'actions/checkout@v5' (SHA:fbc6f3992d24b796d5a048ff273f7fcc4a7b6c09)
2026-09-12T10:47:44.0985485Z Download action repository 'actions/setup-python@v6' (SHA:ece7cb06caefa5fff74198d8649806c4678c61a1)
2026-09-12T10:47:44.1833925Z Download action repository 'dtolnay/rust-toolchain@stable' (SHA:6bed0761d98439e5a578e2877258200ad565ba87)
2026-09-12T10:47:44.2770338Z Download action repository 'Swatinem/rust-cache@v2' (SHA:6323deb102c322ba6fcbdcafc7e3dddab59af2b6)
2026-09-12T10:47:44.6257107Z Complete job name: python docs smoke (README + hello_session)
2026-09-12T10:47:44.7116213Z ##[group]Run actions/checkout@v5
2026-09-12T10:47:44.7117240Z with:
2026-09-12T10:47:44.7117716Z   repository: RyoSpiralArchitect/SpiralTorch
2026-09-12T10:47:44.7121785Z   token: ***
2026-09-12T10:47:44.7122210Z   ssh-strict: true
2026-09-12T10:47:44.7122651Z   ssh-user: git
2026-09-12T10:47:44.7123090Z   persist-credentials: true
2026-09-12T10:47:44.7123565Z   clean: true
2026-09-12T10:47:44.7124009Z   sparse-checkout-cone-mode: true
2026-09-12T10:47:44.7124526Z   fetch-depth: 1
2026-09-12T10:47:44.7124947Z   fetch-tags: false
2026-09-12T10:47:44.7125382Z   show-progress: true
2026-09-12T10:47:44.7125815Z   lfs: false
2026-09-12T10:47:44.7126227Z   submodules: false
2026-09-12T10:47:44.7126669Z   set-safe-directory: true
2026-09-12T10:47:44.7127580Z   allow-unsafe-pr-checkout: false
2026-09-12T10:47:44.7128372Z ##[endgroup]
2026-09-12T10:47:44.8189891Z Syncing repository: RyoSpiralArchitect/SpiralTorch
2026-09-12T10:47:44.8192568Z ##[group]Getting Git version info
2026-09-12T10:47:44.8194269Z Working directory is '/home/runner/work/SpiralTorch/SpiralTorch'
2026-09-12T10:47:44.8195969Z [command]/usr/bin/git version
2026-09-12T10:47:44.8217964Z git version 2.55.0
2026-09-12T10:47:44.8246012Z ##[endgroup]
2026-09-12T10:47:44.8252410Z Temporarily overriding HOME='/home/runner/work/_temp/111d3b05-e161-4196-9930-20648fc78445' before making global git config changes
2026-09-12T10:47:44.8254721Z Adding repository directory to the temporary git global config as a safe directory
2026-09-12T10:47:44.8261098Z [command]/usr/bin/git config --global --add safe.directory /home/runner/work/SpiralTorch/SpiralTorch
2026-09-12T10:47:44.8309363Z Deleting the contents of '/home/runner/work/SpiralTorch/SpiralTorch'
2026-09-12T10:47:44.8313712Z ##[group]Initializing the repository
2026-09-12T10:47:44.8321900Z [command]/usr/bin/git init /home/runner/work/SpiralTorch/SpiralTorch
2026-09-12T10:47:44.8402725Z hint: Using 'master' as the name for the initial branch. This default branch name
2026-09-12T10:47:44.8407151Z hint: will change to "main" in Git 3.0. To configure the initial branch name
2026-09-12T10:47:44.8408639Z hint: to use in all of your new repositories, which will suppress this warning,
2026-09-12T10:47:44.8409792Z hint: call:
2026-09-12T10:47:44.8410403Z hint:
2026-09-12T10:47:44.8411178Z hint: 	git config --global init.defaultBranch <name>
2026-09-12T10:47:44.8412135Z hint:
2026-09-12T10:47:44.8413025Z hint: Names commonly chosen instead of 'master' are 'main', 'trunk' and
2026-09-12T10:47:44.8414506Z hint: 'development'. The just-created branch can be renamed via this command:
2026-09-12T10:47:44.8415692Z hint:
2026-09-12T10:47:44.8416320Z hint: 	git branch -m <name>
2026-09-12T10:47:44.8417206Z hint:
2026-09-12T10:47:44.8418197Z hint: Disable this message with "git config set advice.defaultBranchName false"
2026-09-12T10:47:44.8419954Z Initialized empty Git repository in /home/runner/work/SpiralTorch/SpiralTorch/.git/
2026-09-12T10:47:44.8422781Z [command]/usr/bin/git remote add origin https://github.com/RyoSpiralArchitect/SpiralTorch
2026-09-12T10:47:44.8460831Z ##[endgroup]
2026-09-12T10:47:44.8462047Z ##[group]Disabling automatic garbage collection
2026-09-12T10:47:44.8466520Z [command]/usr/bin/git config --local gc.auto 0
2026-09-12T10:47:44.8502019Z ##[endgroup]
2026-09-12T10:47:44.8503506Z ##[group]Setting up auth
2026-09-12T10:47:44.8510024Z [command]/usr/bin/git config --local --name-only --get-regexp core\.sshCommand
2026-09-12T10:47:44.8555450Z [command]/usr/bin/git submodule foreach --recursive sh -c "git config --local --name-only --get-regexp 'core\.sshCommand' && git config --local --unset-all 'core.sshCommand' || :"
2026-09-12T10:47:44.8928417Z [command]/usr/bin/git config --local --name-only --get-regexp http\.https\:\/\/github\.com\/\.extraheader
2026-09-12T10:47:44.8966469Z [command]/usr/bin/git submodule foreach --recursive sh -c "git config --local --name-only --get-regexp 'http\.https\:\/\/github\.com\/\.extraheader' && git config --local --unset-all 'http.https://github.com/.extraheader' || :"
2026-09-12T10:47:44.9240581Z [command]/usr/bin/git config --local --name-only --get-regexp ^includeIf\.gitdir:
2026-09-12T10:47:44.9279216Z [command]/usr/bin/git submodule foreach --recursive git config --local --show-origin --name-only --get-regexp remote.origin.url
2026-09-12T10:47:44.9520211Z [command]/usr/bin/git config --local http.https://github.com/.extraheader AUTHORIZATION: basic ***
2026-09-12T10:47:44.9561548Z ##[endgroup]
2026-09-12T10:47:44.9562467Z ##[group]Fetching the repository
2026-09-12T10:47:44.9570995Z [command]/usr/bin/git -c protocol.version=2 fetch --no-tags --prune --no-recurse-submodules --depth=1 origin +6a24596f5ee9565b50c84d111bec432aec9272d0:refs/remotes/pull/2101/merge
2026-09-12T10:47:49.3032561Z From https://github.com/RyoSpiralArchitect/SpiralTorch
2026-09-12T10:47:49.3033837Z  * [new ref]         6a24596f5ee9565b50c84d111bec432aec9272d0 -> pull/2101/merge
2026-09-12T10:47:49.3037784Z ##[endgroup]
2026-09-12T10:47:49.3039672Z ##[group]Determining the checkout info
2026-09-12T10:47:49.3040991Z ##[endgroup]
2026-09-12T10:47:49.3046086Z [command]/usr/bin/git sparse-checkout disable
2026-09-12T10:47:49.3096892Z [command]/usr/bin/git config --local --unset-all extensions.worktreeConfig
2026-09-12T10:47:49.3155999Z ##[group]Checking out the ref
2026-09-12T10:47:49.3159654Z [command]/usr/bin/git checkout --progress --force refs/remotes/pull/2101/merge
2026-09-12T10:47:49.7892156Z Note: switching to 'refs/remotes/pull/2101/merge'.
2026-09-12T10:47:49.7893061Z 
2026-09-12T10:47:49.7893639Z You are in 'detached HEAD' state. You can look around, make experimental
2026-09-12T10:47:49.7894991Z changes and commit them, and you can discard any commits you make in this
2026-09-12T10:47:49.7896302Z state without impacting any branches by switching back to a branch.
2026-09-12T10:47:49.7897359Z 
2026-09-12T10:47:49.7897902Z If you want to create a new branch to retain commits you create, you may
2026-09-12T10:47:49.7899163Z do so (now or later) by using -c with the switch command. Example:
2026-09-12T10:47:49.7899932Z 
2026-09-12T10:47:49.7900280Z   git switch -c <new-branch-name>
2026-09-12T10:47:49.7900828Z 
2026-09-12T10:47:49.7901195Z Or undo this operation with:
2026-09-12T10:47:49.7901706Z 
2026-09-12T10:47:49.7902007Z   git switch -
2026-09-12T10:47:49.7902433Z 
2026-09-12T10:47:49.7903081Z Turn off this advice by setting config variable advice.detachedHead to false
2026-09-12T10:47:49.7904098Z 
2026-09-12T10:47:49.7905225Z HEAD is now at 6a24596 Merge 8d2bd26ad292961acb7deb25d4276cadbe2c3d9c into 4cf624d533265f93c1ff5a337712bd3748f4f8e7
2026-09-12T10:47:49.7939779Z ##[endgroup]
2026-09-12T10:47:49.7986167Z [command]/usr/bin/git log -1 --format=%H
2026-09-12T10:47:49.8014757Z 6a24596f5ee9565b50c84d111bec432aec9272d0
2026-09-12T10:47:49.8456272Z ##[group]Run actions/setup-python@v6
2026-09-12T10:47:49.8457611Z with:
2026-09-12T10:47:49.8458410Z   python-version: 3.12
2026-09-12T10:47:49.8459352Z   check-latest: false
2026-09-12T10:47:49.8468991Z   token: ***
2026-09-12T10:47:49.8469859Z   update-environment: true
2026-09-12T10:47:49.8470872Z   allow-prereleases: false
2026-09-12T10:47:49.8471893Z   freethreaded: false
2026-09-12T10:47:49.8472799Z ##[endgroup]
2026-09-12T10:47:49.9771460Z ##[group]Installed versions
2026-09-12T10:47:49.9857555Z Successfully set up CPython (3.12.14)
2026-09-12T10:47:49.9860089Z ##[endgroup]
2026-09-12T10:47:50.0430669Z ##[group]Run dtolnay/rust-toolchain@stable
2026-09-12T10:47:50.0431858Z with:
2026-09-12T10:47:50.0432657Z   toolchain: stable
2026-09-12T10:47:50.0433522Z env:
2026-09-12T10:47:50.0434527Z   pythonLocation: /opt/hostedtoolcache/Python/3.12.14/x64
2026-09-12T10:47:50.0436167Z   PKG_CONFIG_PATH: /opt/hostedtoolcache/Python/3.12.14/x64/lib/pkgconfig
2026-09-12T10:47:50.0438229Z   Python_ROOT_DIR: /opt/hostedtoolcache/Python/3.12.14/x64
2026-09-12T10:47:50.0439730Z   Python2_ROOT_DIR: /opt/hostedtoolcache/Python/3.12.14/x64
2026-09-12T10:47:50.0441234Z   Python3_ROOT_DIR: /opt/hostedtoolcache/Python/3.12.14/x64
2026-09-12T10:47:50.0442782Z   LD_LIBRARY_PATH: /opt/hostedtoolcache/Python/3.12.14/x64/lib
2026-09-12T10:47:50.0444076Z ##[endgroup]
2026-09-12T10:47:50.0530036Z ##[start-action display=Parse toolchain version;id=__dtolnay_rust-toolchain.parse]
2026-09-12T10:47:50.0608126Z ##[group]Run if [[ -z $toolchain ]]; then
2026-09-12T10:47:50.0609422Z [36;1mif [[ -z $toolchain ]]; then[0m
2026-09-12T10:47:50.0611288Z [36;1m  # GitHub does not enforce `required: true` inputs itself. https://github.com/actions/runner/issues/1070[0m
2026-09-12T10:47:50.0613276Z [36;1m  echo "'toolchain' is a required input" >&2[0m
2026-09-12T10:47:50.0614470Z [36;1m  exit 1[0m
2026-09-12T10:47:50.0615715Z [36;1melif [[ $toolchain =~ ^stable' '[0-9]+' '(year|month|week|day)s?' 'ago$ ]]; then[0m
2026-09-12T10:47:50.0617368Z [36;1m  if [[ Linux == macOS ]]; then[0m
2026-09-12T10:47:50.0619248Z [36;1m    echo "toolchain=1.$((($(date -v-$(sed 's/stable \([0-9]*\) \(.\).*/\1\2/' <<< $toolchain) +%s)/60/60/24-16569)/7/6))" >> $GITHUB_OUTPUT[0m
2026-09-12T10:47:50.0621342Z [36;1m  else[0m
2026-09-12T10:47:50.0622816Z [36;1m    echo "toolchain=1.$((($(date --date "${toolchain#stable }" +%s)/60/60/24-16569)/7/6))" >> $GITHUB_OUTPUT[0m
2026-09-12T10:47:50.0624515Z [36;1m  fi[0m
2026-09-12T10:47:50.0625632Z [36;1melif [[ $toolchain =~ ^stable' 'minus' '[0-9]+' 'releases?$ ]]; then[0m
2026-09-12T10:47:50.0627687Z [36;1m  echo "toolchain=1.$((($(date +%s)/60/60/24-16569)/7/6-${toolchain//[^0-9]/}))" >> $GITHUB_OUTPUT[0m
2026-09-12T10:47:50.0629387Z [36;1melif [[ $toolchain =~ ^1\.[0-9]+$ ]]; then[0m
2026-09-12T10:47:50.0631296Z [36;1m  echo "toolchain=1.$((i=${toolchain#1.}, c=($(date +%s)/60/60/24-16569)/7/6, i+9*i*(10*i<=c)+90*i*(100*i<=c)))" >> $GITHUB_OUTPUT[0m
2026-09-12T10:47:50.0633144Z [36;1melse[0m
2026-09-12T10:47:50.0634089Z [36;1m  echo "toolchain=$toolchain" >> $GITHUB_OUTPUT[0m
2026-09-12T10:47:50.0635231Z [36;1mfi[0m
2026-09-12T10:47:50.0690451Z shell: /usr/bin/bash --noprofile --norc -e -o pipefail {0}
2026-09-12T10:47:50.0691773Z env:
2026-09-12T10:47:50.0692756Z   pythonLocation: /opt/hostedtoolcache/Python/3.12.14/x64
2026-09-12T10:47:50.0694338Z   PKG_CONFIG_PATH: /opt/hostedtoolcache/Python/3.12.14/x64/lib/pkgconfig
2026-09-12T10:47:50.0695923Z   Python_ROOT_DIR: /opt/hostedtoolcache/Python/3.12.14/x64
2026-09-12T10:47:50.0697570Z   Python2_ROOT_DIR: /opt/hostedtoolcache/Python/3.12.14/x64
2026-09-12T10:47:50.0699006Z   Python3_ROOT_DIR: /opt/hostedtoolcache/Python/3.12.14/x64
2026-09-12T10:47:50.0700462Z   LD_LIBRARY_PATH: /opt/hostedtoolcache/Python/3.12.14/x64/lib
2026-09-12T10:47:50.0701709Z   toolchain: stable
2026-09-12T10:47:50.0702527Z ##[endgroup]
2026-09-12T10:47:50.0841704Z ##[end-action id=__dtolnay_rust-toolchain.parse;outcome=success;conclusion=success;duration_ms=30]
2026-09-12T10:47:50.0852933Z ##[start-action display=Construct rustup command line;id=__dtolnay_rust-toolchain.flags]
2026-09-12T10:47:50.0927956Z ##[group]Run echo "targets=$(for t in ${targets//,/ }; do echo -n ' --target' $t; done)" >> $GITHUB_OUTPUT
2026-09-12T10:47:50.0930354Z [36;1mecho "targets=$(for t in ${targets//,/ }; do echo -n ' --target' $t; done)" >> $GITHUB_OUTPUT[0m
2026-09-12T10:47:50.0932768Z [36;1mecho "components=$(for c in ${components//,/ }; do echo -n ' --component' $c; done)" >> $GITHUB_OUTPUT[0m
2026-09-12T10:47:50.0934924Z [36;1mecho "downgrade=" >> $GITHUB_OUTPUT[0m
2026-09-12T10:47:50.0975759Z shell: /usr/bin/bash --noprofile --norc -e -o pipefail {0}
2026-09-12T10:47:50.0977224Z env:
2026-09-12T10:47:50.0978323Z   pythonLocation: /opt/hostedtoolcache/Python/3.12.14/x64
2026-09-12T10:47:50.0980023Z   PKG_CONFIG_PATH: /opt/hostedtoolcache/Python/3.12.14/x64/lib/pkgconfig
2026-09-12T10:47:50.0981728Z   Python_ROOT_DIR: /opt/hostedtoolcache/Python/3.12.14/x64
2026-09-12T10:47:50.0983290Z   Python2_ROOT_DIR: /opt/hostedtoolcache/Python/3.12.14/x64
2026-09-12T10:47:50.0984843Z   Python3_ROOT_DIR: /opt/hostedtoolcache/Python/3.12.14/x64
2026-09-12T10:47:50.0986421Z   LD_LIBRARY_PATH: /opt/hostedtoolcache/Python/3.12.14/x64/lib
2026-09-12T10:47:50.0988036Z   targets: 
2026-09-12T10:47:50.0988935Z   components: 
2026-09-12T10:47:50.0989822Z ##[endgroup]
2026-09-12T10:47:50.1088710Z ##[end-action id=__dtolnay_rust-toolchain.flags;outcome=success;conclusion=success;duration_ms=23]
2026-09-12T10:47:50.1094786Z ##[start-action display=Set $CARGO_HOME;id=__dtolnay_rust-toolchain.__run]
2026-09-12T10:47:50.1138156Z ##[group]Run echo CARGO_HOME=${CARGO_HOME:-"$HOME/.cargo"} >> $GITHUB_ENV
2026-09-12T10:47:50.1139807Z [36;1mecho CARGO_HOME=${CARGO_HOME:-"$HOME/.cargo"} >> $GITHUB_ENV[0m
2026-09-12T10:47:50.1179288Z shell: /usr/bin/bash --noprofile --norc -e -o pipefail {0}
2026-09-12T10:47:50.1180506Z env:
2026-09-12T10:47:50.1181595Z   pythonLocation: /opt/hostedtoolcache/Python/3.12.14/x64
2026-09-12T10:47:50.1183117Z   PKG_CONFIG_PATH: /opt/hostedtoolcache/Python/3.12.14/x64/lib/pkgconfig
2026-09-12T10:47:50.1184664Z   Python_ROOT_DIR: /opt/hostedtoolcache/Python/3.12.14/x64
2026-09-12T10:47:50.1186236Z   Python2_ROOT_DIR: /opt/hostedtoolcache/Python/3.12.14/x64
2026-09-12T10:47:50.1187955Z   Python3_ROOT_DIR: /opt/hostedtoolcache/Python/3.12.14/x64
2026-09-12T10:47:50.1189372Z   LD_LIBRARY_PATH: /opt/hostedtoolcache/Python/3.12.14/x64/lib
2026-09-12T10:47:50.1190589Z ##[endgroup]
2026-09-12T10:47:50.1276112Z ##[end-action id=__dtolnay_rust-toolchain.__run;outcome=success;conclusion=success;duration_ms=17]
2026-09-12T10:47:50.1282620Z ##[start-action display=Install rustup if needed;id=__dtolnay_rust-toolchain.__run_2]
2026-09-12T10:47:50.1333712Z ##[group]Run if ! command -v rustup &>/dev/null; then
2026-09-12T10:47:50.1334975Z [36;1mif ! command -v rustup &>/dev/null; then[0m
2026-09-12T10:47:50.1337658Z [36;1m  curl --proto '=https' --tlsv1.2 --retry 10 --retry-connrefused --location --silent --show-error --fail https://sh.rustup.rs | sh -s -- --default-toolchain none -y[0m
2026-09-12T10:47:50.1340158Z [36;1m  echo "$CARGO_HOME/bin" >> $GITHUB_PATH[0m
2026-09-12T10:47:50.1341242Z [36;1mfi[0m
2026-09-12T10:47:50.1379729Z shell: /usr/bin/bash --noprofile --norc -e -o pipefail {0}
2026-09-12T10:47:50.1380939Z env:
2026-09-12T10:47:50.1381872Z   pythonLocation: /opt/hostedtoolcache/Python/3.12.14/x64
2026-09-12T10:47:50.1383389Z   PKG_CONFIG_PATH: /opt/hostedtoolcache/Python/3.12.14/x64/lib/pkgconfig
2026-09-12T10:47:50.1384930Z   Python_ROOT_DIR: /opt/hostedtoolcache/Python/3.12.14/x64
2026-09-12T10:47:50.1386312Z   Python2_ROOT_DIR: /opt/hostedtoolcache/Python/3.12.14/x64
2026-09-12T10:47:50.1387990Z   Python3_ROOT_DIR: /opt/hostedtoolcache/Python/3.12.14/x64
2026-09-12T10:47:50.1389423Z   LD_LIBRARY_PATH: /opt/hostedtoolcache/Python/3.12.14/x64/lib
2026-09-12T10:47:50.1390673Z   CARGO_HOME: /home/runner/.cargo
2026-09-12T10:47:50.1391631Z ##[endgroup]
2026-09-12T10:47:50.1476142Z ##[end-action id=__dtolnay_rust-toolchain.__run_2;outcome=success;conclusion=success;duration_ms=19]
2026-09-12T10:47:50.1483087Z ##[start-action display=Install rustup if needed on windows;id=__dtolnay_rust-toolchain.__run_3]
2026-09-12T10:47:50.1496632Z ##[end-action id=__dtolnay_rust-toolchain.__run_3;outcome=skipped;conclusion=skipped;duration_ms=0]
2026-09-12T10:47:50.1512404Z ##[start-action display=rustup toolchain install stable;id=__dtolnay_rust-toolchain.__run_4]
2026-09-12T10:47:50.1555510Z ##[group]Run rustup toolchain install stable --profile minimal --no-self-update
2026-09-12T10:47:50.1557688Z [36;1mrustup toolchain install stable --profile minimal --no-self-update[0m
2026-09-12T10:47:50.1597036Z shell: /usr/bin/bash --noprofile --norc -e -o pipefail {0}
2026-09-12T10:47:50.1598289Z env:
2026-09-12T10:47:50.1599247Z   pythonLocation: /opt/hostedtoolcache/Python/3.12.14/x64
2026-09-12T10:47:50.1600757Z   PKG_CONFIG_PATH: /opt/hostedtoolcache/Python/3.12.14/x64/lib/pkgconfig
2026-09-12T10:47:50.1602294Z   Python_ROOT_DIR: /opt/hostedtoolcache/Python/3.12.14/x64
2026-09-12T10:47:50.1603677Z   Python2_ROOT_DIR: /opt/hostedtoolcache/Python/3.12.14/x64
2026-09-12T10:47:50.1605074Z   Python3_ROOT_DIR: /opt/hostedtoolcache/Python/3.12.14/x64
2026-09-12T10:47:50.1606525Z   LD_LIBRARY_PATH: /opt/hostedtoolcache/Python/3.12.14/x64/lib
2026-09-12T10:47:50.1607911Z   CARGO_HOME: /home/runner/.cargo
2026-09-12T10:47:50.1608896Z   RUSTUP_PERMIT_COPY_RENAME: 1
2026-09-12T10:47:50.1609816Z ##[endgroup]
2026-09-12T10:47:50.2943695Z info: syncing channel updates for stable-x86_64-unknown-linux-gnu
2026-09-12T10:47:50.4761322Z 
2026-09-12T10:47:50.4851276Z   stable-x86_64-unknown-linux-gnu unchanged - rustc 1.98.1 (48a229cea 2026-09-01)
2026-09-12T10:47:50.4851802Z 
2026-09-12T10:47:50.4880878Z ##[end-action id=__dtolnay_rust-toolchain.__run_4;outcome=success;conclusion=success;duration_ms=336]
2026-09-12T10:47:50.4885871Z ##[start-action display=rustup default stable;id=__dtolnay_rust-toolchain.__run_5]
2026-09-12T10:47:50.4910687Z ##[group]Run rustup default stable
2026-09-12T10:47:50.4911062Z [36;1mrustup default stable[0m
2026-09-12T10:47:50.4951901Z shell: /usr/bin/bash --noprofile --norc -e -o pipefail {0}
2026-09-12T10:47:50.4952490Z env:
2026-09-12T10:47:50.4952817Z   pythonLocation: /opt/hostedtoolcache/Python/3.12.14/x64
2026-09-12T10:47:50.4953330Z   PKG_CONFIG_PATH: /opt/hostedtoolcache/Python/3.12.14/x64/lib/pkgconfig
2026-09-12T10:47:50.4953818Z   Python_ROOT_DIR: /opt/hostedtoolcache/Python/3.12.14/x64
2026-09-12T10:47:50.4954252Z   Python2_ROOT_DIR: /opt/hostedtoolcache/Python/3.12.14/x64
2026-09-12T10:47:50.4954713Z   Python3_ROOT_DIR: /opt/hostedtoolcache/Python/3.12.14/x64
2026-09-12T10:47:50.4955187Z   LD_LIBRARY_PATH: /opt/hostedtoolcache/Python/3.12.14/x64/lib
2026-09-12T10:47:50.4955617Z   CARGO_HOME: /home/runner/.cargo
2026-09-12T10:47:50.4955921Z ##[endgroup]
2026-09-12T10:47:50.5068822Z info: using existing install for stable-x86_64-unknown-linux-gnu
2026-09-12T10:47:50.5076504Z info: default toolchain set to stable-x86_64-unknown-linux-gnu
2026-09-12T10:47:50.5077231Z 
2026-09-12T10:47:50.5160962Z   stable-x86_64-unknown-linux-gnu unchanged - rustc 1.98.1 (48a229cea 2026-09-01)
2026-09-12T10:47:50.5161583Z 
2026-09-12T10:47:50.5162556Z info: note that the toolchain 'stable-x86_64-unknown-linux-gnu' is currently in use (overridden by '/home/runner/work/SpiralTorch/SpiralTorch/rust-toolchain.toml')
2026-09-12T10:47:50.5178876Z ##[end-action id=__dtolnay_rust-toolchain.__run_5;outcome=success;conclusion=success;duration_ms=29]
2026-09-12T10:47:50.5181567Z ##[start-action display=Create cachekey;id=__dtolnay_rust-toolchain.rustc-version]
2026-09-12T10:47:50.5206216Z ##[group]Run DATE=$(rustc +stable --version --verbose | sed -ne 's/^commit-date: \(20[0-9][0-9]\)-\([01][0-9]\)-\([0-3][0-9]\)$/\1\2\3/p')
2026-09-12T10:47:50.5207454Z [36;1mDATE=$(rustc +stable --version --verbose | sed -ne 's/^commit-date: \(20[0-9][0-9]\)-\([01][0-9]\)-\([0-3][0-9]\)$/\1\2\3/p')[0m
2026-09-12T10:47:50.5208236Z [36;1mHASH=$(rustc +stable --version --verbose | sed -ne 's/^commit-hash: //p')[0m
2026-09-12T10:47:50.5208830Z [36;1mecho "cachekey=$(echo $DATE$HASH | head -c12)" >> $GITHUB_OUTPUT[0m
2026-09-12T10:47:50.5249062Z shell: /usr/bin/bash --noprofile --norc -e -o pipefail {0}
2026-09-12T10:47:50.5249529Z env:
2026-09-12T10:47:50.5249879Z   pythonLocation: /opt/hostedtoolcache/Python/3.12.14/x64
2026-09-12T10:47:50.5250395Z   PKG_CONFIG_PATH: /opt/hostedtoolcache/Python/3.12.14/x64/lib/pkgconfig
2026-09-12T10:47:50.5250891Z   Python_ROOT_DIR: /opt/hostedtoolcache/Python/3.12.14/x64
2026-09-12T10:47:50.5251574Z   Python2_ROOT_DIR: /opt/hostedtoolcache/Python/3.12.14/x64
2026-09-12T10:47:50.5252048Z   Python3_ROOT_DIR: /opt/hostedtoolcache/Python/3.12.14/x64
2026-09-12T10:47:50.5252531Z   LD_LIBRARY_PATH: /opt/hostedtoolcache/Python/3.12.14/x64/lib
2026-09-12T10:47:50.5252951Z   CARGO_HOME: /home/runner/.cargo
2026-09-12T10:47:50.5253268Z ##[endgroup]
2026-09-12T10:47:50.5632217Z ##[end-action id=__dtolnay_rust-toolchain.rustc-version;outcome=success;conclusion=success;duration_ms=44]
2026-09-12T10:47:50.5635238Z ##[start-action display=Disable incremental compilation;id=__dtolnay_rust-toolchain.__run_6]
2026-09-12T10:47:50.5659738Z ##[group]Run if [ -z "${CARGO_INCREMENTAL+set}" ]; then
2026-09-12T10:47:50.5660223Z [36;1mif [ -z "${CARGO_INCREMENTAL+set}" ]; then[0m
2026-09-12T10:47:50.5660620Z [36;1m  echo CARGO_INCREMENTAL=0 >> $GITHUB_ENV[0m
2026-09-12T10:47:50.5660972Z [36;1mfi[0m
2026-09-12T10:47:50.5699083Z shell: /usr/bin/bash --noprofile --norc -e -o pipefail {0}
2026-09-12T10:47:50.5699496Z env:
2026-09-12T10:47:50.5699859Z   pythonLocation: /opt/hostedtoolcache/Python/3.12.14/x64
2026-09-12T10:47:50.5700369Z   PKG_CONFIG_PATH: /opt/hostedtoolcache/Python/3.12.14/x64/lib/pkgconfig
2026-09-12T10:47:50.5700888Z   Python_ROOT_DIR: /opt/hostedtoolcache/Python/3.12.14/x64
2026-09-12T10:47:50.5701344Z   Python2_ROOT_DIR: /opt/hostedtoolcache/Python/3.12.14/x64
2026-09-12T10:47:50.5701790Z   Python3_ROOT_DIR: /opt/hostedtoolcache/Python/3.12.14/x64
2026-09-12T10:47:50.5702239Z   LD_LIBRARY_PATH: /opt/hostedtoolcache/Python/3.12.14/x64/lib
2026-09-12T10:47:50.5702640Z   CARGO_HOME: /home/runner/.cargo
2026-09-12T10:47:50.5702947Z ##[endgroup]
2026-09-12T10:47:50.5771766Z ##[end-action id=__dtolnay_rust-toolchain.__run_6;outcome=success;conclusion=success;duration_ms=13]
2026-09-12T10:47:50.5774299Z ##[start-action display=Enable colors in Cargo output;id=__dtolnay_rust-toolchain.__run_7]
2026-09-12T10:47:50.5796450Z ##[group]Run if [ -z "${CARGO_TERM_COLOR+set}" ]; then
2026-09-12T10:47:50.5797184Z [36;1mif [ -z "${CARGO_TERM_COLOR+set}" ]; then[0m
2026-09-12T10:47:50.5797583Z [36;1m  echo CARGO_TERM_COLOR=always >> $GITHUB_ENV[0m
2026-09-12T10:47:50.5797934Z [36;1mfi[0m
2026-09-12T10:47:50.5836118Z shell: /usr/bin/bash --noprofile --norc -e -o pipefail {0}
2026-09-12T10:47:50.5836529Z env:
2026-09-12T10:47:50.5837087Z   pythonLocation: /opt/hostedtoolcache/Python/3.12.14/x64
2026-09-12T10:47:50.5837618Z   PKG_CONFIG_PATH: /opt/hostedtoolcache/Python/3.12.14/x64/lib/pkgconfig
2026-09-12T10:47:50.5838120Z   Python_ROOT_DIR: /opt/hostedtoolcache/Python/3.12.14/x64
2026-09-12T10:47:50.5838582Z   Python2_ROOT_DIR: /opt/hostedtoolcache/Python/3.12.14/x64
2026-09-12T10:47:50.5839047Z   Python3_ROOT_DIR: /opt/hostedtoolcache/Python/3.12.14/x64
2026-09-12T10:47:50.5839503Z   LD_LIBRARY_PATH: /opt/hostedtoolcache/Python/3.12.14/x64/lib
2026-09-12T10:47:50.5839912Z   CARGO_HOME: /home/runner/.cargo
2026-09-12T10:47:50.5840349Z   CARGO_INCREMENTAL: 0
2026-09-12T10:47:50.5840753Z ##[endgroup]
2026-09-12T10:47:50.5929757Z ##[end-action id=__dtolnay_rust-toolchain.__run_7;outcome=success;conclusion=success;duration_ms=15]
2026-09-12T10:47:50.5932180Z ##[start-action display=Enable Cargo sparse registry;id=__dtolnay_rust-toolchain.__run_8]
2026-09-12T10:47:50.5956623Z ##[group]Run # implemented in 1.66, stabilized in 1.68, made default in 1.70
2026-09-12T10:47:50.5957547Z [36;1m# implemented in 1.66, stabilized in 1.68, made default in 1.70[0m
2026-09-12T10:47:50.5958377Z [36;1mif [ -z "${CARGO_REGISTRIES_CRATES_IO_PROTOCOL+set}" -o -f "/home/runner/work/_temp"/.implicit_cargo_registries_crates_io_protocol ]; then[0m
2026-09-12T10:47:50.5959238Z [36;1m  if rustc +stable --version --verbose | grep -q '^release: 1\.6[89]\.'; then[0m
2026-09-12T10:47:50.5959918Z [36;1m    touch "/home/runner/work/_temp"/.implicit_cargo_registries_crates_io_protocol || true[0m
2026-09-12T10:47:50.5960546Z [36;1m    echo CARGO_REGISTRIES_CRATES_IO_PROTOCOL=sparse >> $GITHUB_ENV[0m
2026-09-12T10:47:50.5961294Z [36;1m  elif rustc +stable --version --verbose | grep -q '^release: 1\.6[67]\.'; then[0m
2026-09-12T10:47:50.5961939Z [36;1m    touch "/home/runner/work/_temp"/.implicit_cargo_registries_crates_io_protocol || true[0m
2026-09-12T10:47:50.5962528Z [36;1m    echo CARGO_REGISTRIES_CRATES_IO_PROTOCOL=git >> $GITHUB_ENV[0m
2026-09-12T10:47:50.5962952Z [36;1m  fi[0m
2026-09-12T10:47:50.5963207Z [36;1mfi[0m
2026-09-12T10:47:50.6001526Z shell: /usr/bin/bash --noprofile --norc -e -o pipefail {0}
2026-09-12T10:47:50.6001935Z env:
2026-09-12T10:47:50.6002285Z   pythonLocation: /opt/hostedtoolcache/Python/3.12.14/x64
2026-09-12T10:47:50.6002792Z   PKG_CONFIG_PATH: /opt/hostedtoolcache/Python/3.12.14/x64/lib/pkgconfig
2026-09-12T10:47:50.6003299Z   Python_ROOT_DIR: /opt/hostedtoolcache/Python/3.12.14/x64
2026-09-12T10:47:50.6003750Z   Python2_ROOT_DIR: /opt/hostedtoolcache/Python/3.12.14/x64
2026-09-12T10:47:50.6004216Z   Python3_ROOT_DIR: /opt/hostedtoolcache/Python/3.12.14/x64
2026-09-12T10:47:50.6004672Z   LD_LIBRARY_PATH: /opt/hostedtoolcache/Python/3.12.14/x64/lib
2026-09-12T10:47:50.6005076Z   CARGO_HOME: /home/runner/.cargo
2026-09-12T10:47:50.6005395Z   CARGO_INCREMENTAL: 0
2026-09-12T10:47:50.6005684Z   CARGO_TERM_COLOR: always
2026-09-12T10:47:50.6005971Z ##[endgroup]
2026-09-12T10:47:50.6347342Z ##[end-action id=__dtolnay_rust-toolchain.__run_8;outcome=success;conclusion=success;duration_ms=41]
2026-09-12T10:47:50.6350380Z ##[start-action display=Work around spurious network errors in curl 8.0;id=__dtolnay_rust-toolchain.__run_9]
2026-09-12T10:47:50.6375400Z ##[group]Run # https://rust-lang.zulipchat.com/#narrow/stream/246057-t-cargo/topic/timeout.20investigation
2026-09-12T10:47:50.6376429Z [36;1m# https://rust-lang.zulipchat.com/#narrow/stream/246057-t-cargo/topic/timeout.20investigation[0m
2026-09-12T10:47:50.6377489Z [36;1mif rustc +stable --version --verbose | grep -q '^release: 1\.7[01]\.'; then[0m
2026-09-12T10:47:50.6378010Z [36;1m  echo CARGO_HTTP_MULTIPLEXING=false >> $GITHUB_ENV[0m
2026-09-12T10:47:50.6378398Z [36;1mfi[0m
2026-09-12T10:47:50.6417873Z shell: /usr/bin/bash --noprofile --norc -e -o pipefail {0}
2026-09-12T10:47:50.6418280Z env:
2026-09-12T10:47:50.6418614Z   pythonLocation: /opt/hostedtoolcache/Python/3.12.14/x64
2026-09-12T10:47:50.6419104Z   PKG_CONFIG_PATH: /opt/hostedtoolcache/Python/3.12.14/x64/lib/pkgconfig
2026-09-12T10:47:50.6419598Z   Python_ROOT_DIR: /opt/hostedtoolcache/Python/3.12.14/x64
2026-09-12T10:47:50.6420028Z   Python2_ROOT_DIR: /opt/hostedtoolcache/Python/3.12.14/x64
2026-09-12T10:47:50.6420466Z   Python3_ROOT_DIR: /opt/hostedtoolcache/Python/3.12.14/x64
2026-09-12T10:47:50.6420902Z   LD_LIBRARY_PATH: /opt/hostedtoolcache/Python/3.12.14/x64/lib
2026-09-12T10:47:50.6421317Z   CARGO_HOME: /home/runner/.cargo
2026-09-12T10:47:50.6421631Z   CARGO_INCREMENTAL: 0
2026-09-12T10:47:50.6421907Z   CARGO_TERM_COLOR: always
2026-09-12T10:47:50.6422194Z ##[endgroup]
2026-09-12T10:47:50.6626182Z ##[end-action id=__dtolnay_rust-toolchain.__run_9;outcome=success;conclusion=success;duration_ms=27]
2026-09-12T10:47:50.6630508Z ##[start-action display=rustc +stable --version --verbose;id=__dtolnay_rust-toolchain.__run_10]
2026-09-12T10:47:50.6653963Z ##[group]Run rustc +stable --version --verbose
2026-09-12T10:47:50.6654385Z [36;1mrustc +stable --version --verbose[0m
2026-09-12T10:47:50.6693856Z shell: /usr/bin/bash --noprofile --norc -e -o pipefail {0}
2026-09-12T10:47:50.6694275Z env:
2026-09-12T10:47:50.6694607Z   pythonLocation: /opt/hostedtoolcache/Python/3.12.14/x64
2026-09-12T10:47:50.6695104Z   PKG_CONFIG_PATH: /opt/hostedtoolcache/Python/3.12.14/x64/lib/pkgconfig
2026-09-12T10:47:50.6695600Z   Python_ROOT_DIR: /opt/hostedtoolcache/Python/3.12.14/x64
2026-09-12T10:47:50.6696060Z   Python2_ROOT_DIR: /opt/hostedtoolcache/Python/3.12.14/x64
2026-09-12T10:47:50.6696504Z   Python3_ROOT_DIR: /opt/hostedtoolcache/Python/3.12.14/x64
2026-09-12T10:47:50.6697141Z   LD_LIBRARY_PATH: /opt/hostedtoolcache/Python/3.12.14/x64/lib
2026-09-12T10:47:50.6697551Z   CARGO_HOME: /home/runner/.cargo
2026-09-12T10:47:50.6698056Z   CARGO_INCREMENTAL: 0
2026-09-12T10:47:50.6698351Z   CARGO_TERM_COLOR: always
2026-09-12T10:47:50.6698636Z ##[endgroup]
2026-09-12T10:47:50.6879879Z rustc 1.98.1 (48a229cea 2026-09-01)
2026-09-12T10:47:50.6880457Z binary: rustc
2026-09-12T10:47:50.6880847Z commit-hash: 48a229ceaefd4985c50990b14116b6d856af0985
2026-09-12T10:47:50.6881249Z commit-date: 2026-09-01
2026-09-12T10:47:50.6881550Z host: x86_64-unknown-linux-gnu
2026-09-12T10:47:50.6881856Z release: 1.98.1
2026-09-12T10:47:50.6883449Z LLVM version: 22.1.8
2026-09-12T10:47:50.6902096Z ##[end-action id=__dtolnay_rust-toolchain.__run_10;outcome=success;conclusion=success;duration_ms=27]
2026-09-12T10:47:50.7013217Z ##[group]Run Swatinem/rust-cache@v2
2026-09-12T10:47:50.7013565Z with:
2026-09-12T10:47:50.7013819Z   prefix-key: v0-rust
2026-09-12T10:47:50.7014101Z   add-job-id-key: true
2026-09-12T10:47:50.7014400Z   add-rust-environment-hash-key: true
2026-09-12T10:47:50.7014729Z   cache-targets: true
2026-09-12T10:47:50.7015001Z   cache-all-crates: false
2026-09-12T10:47:50.7015313Z   cache-workspace-crates: false
2026-09-12T10:47:50.7015633Z   save-if: true
2026-09-12T10:47:50.7015910Z   cache-provider: github
2026-09-12T10:47:50.7016198Z   cache-bin: true
2026-09-12T10:47:50.7016460Z   lookup-only: false
2026-09-12T10:47:50.7016963Z   cmd-format: {0}
2026-09-12T10:47:50.7017216Z env:
2026-09-12T10:47:50.7017534Z   pythonLocation: /opt/hostedtoolcache/Python/3.12.14/x64
2026-09-12T10:47:50.7018035Z   PKG_CONFIG_PATH: /opt/hostedtoolcache/Python/3.12.14/x64/lib/pkgconfig
2026-09-12T10:47:50.7018527Z   Python_ROOT_DIR: /opt/hostedtoolcache/Python/3.12.14/x64
2026-09-12T10:47:50.7019205Z   Python2_ROOT_DIR: /opt/hostedtoolcache/Python/3.12.14/x64
2026-09-12T10:47:50.7019650Z   Python3_ROOT_DIR: /opt/hostedtoolcache/Python/3.12.14/x64
2026-09-12T10:47:50.7020092Z   LD_LIBRARY_PATH: /opt/hostedtoolcache/Python/3.12.14/x64/lib
2026-09-12T10:47:50.7020484Z   CARGO_HOME: /home/runner/.cargo
2026-09-12T10:47:50.7020791Z   CARGO_INCREMENTAL: 0
2026-09-12T10:47:50.7021070Z   CARGO_TERM_COLOR: always
2026-09-12T10:47:50.7021348Z ##[endgroup]
2026-09-12T10:47:51.2816097Z ##[group]Cache Configuration
2026-09-12T10:47:51.2817039Z Cache Provider:
2026-09-12T10:47:51.2817451Z     github
2026-09-12T10:47:51.2817817Z Workspaces:
2026-09-12T10:47:51.2818289Z     /home/runner/work/SpiralTorch/SpiralTorch
2026-09-12T10:47:51.2818846Z Cache Paths:
2026-09-12T10:47:51.2819283Z     /home/runner/.cargo/bin
2026-09-12T10:47:51.2819759Z     /home/runner/.cargo/.crates.toml
2026-09-12T10:47:51.2820286Z     /home/runner/.cargo/.crates2.json
2026-09-12T10:47:51.2820812Z     /home/runner/.cargo/registry
2026-09-12T10:47:51.2821392Z     /home/runner/.cargo/git
2026-09-12T10:47:51.2821935Z     /home/runner/work/SpiralTorch/SpiralTorch/target
2026-09-12T10:47:51.2822508Z Restore Key:
2026-09-12T10:47:51.2822986Z     v0-rust-python-docs-smoke-Linux-x64-6ff13d87
2026-09-12T10:47:51.2823550Z Cache Key:
2026-09-12T10:47:51.2824067Z     v0-rust-python-docs-smoke-Linux-x64-6ff13d87-63e1e2c6
2026-09-12T10:47:51.2824662Z .. Prefix:
2026-09-12T10:47:51.2825087Z   - v0-rust-python-docs-smoke-Linux-x64
2026-09-12T10:47:51.2825631Z .. Environment considered:
2026-09-12T10:47:51.2826083Z   - Rust Versions:
2026-09-12T10:47:51.2826885Z     - 1.98.1 x86_64-unknown-linux-gnu 48a229ceaefd4985c50990b14116b6d856af0985
2026-09-12T10:47:51.2827585Z   - CARGO_HOME
2026-09-12T10:47:51.2827989Z   - CARGO_INCREMENTAL
2026-09-12T10:47:51.2828430Z   - CARGO_TERM_COLOR
2026-09-12T10:47:51.2828853Z .. Lockfiles considered:
2026-09-12T10:47:51.2829551Z   - /home/runner/work/SpiralTorch/SpiralTorch/bindings/cobol_bridge/Cargo.toml
2026-09-12T10:47:51.2830592Z   - /home/runner/work/SpiralTorch/SpiralTorch/bindings/spiraltorch-sys/Cargo.toml
2026-09-12T10:47:51.2831534Z   - /home/runner/work/SpiralTorch/SpiralTorch/bindings/st-py/Cargo.toml
2026-09-12T10:47:51.2832410Z   - /home/runner/work/SpiralTorch/SpiralTorch/bindings/st-wasm/Cargo.toml
2026-09-12T10:47:51.2833192Z   - /home/runner/work/SpiralTorch/SpiralTorch/Cargo.lock
2026-09-12T10:47:51.2834082Z   - /home/runner/work/SpiralTorch/SpiralTorch/crates/julia-ffi-poc/Cargo.toml
2026-09-12T10:47:51.2835012Z   - /home/runner/work/SpiralTorch/SpiralTorch/crates/spiral-config/Cargo.toml
2026-09-12T10:47:51.2835792Z   - /home/runner/work/SpiralTorch/SpiralTorch/crates/spiral-hpo/Cargo.toml
2026-09-12T10:47:51.2836363Z   - /home/runner/work/SpiralTorch/SpiralTorch/crates/spiral-opt/Cargo.toml
2026-09-12T10:47:51.2837461Z   - /home/runner/work/SpiralTorch/SpiralTorch/crates/spiral-safety/Cargo.toml
2026-09-12T10:47:51.2838202Z   - /home/runner/work/SpiralTorch/SpiralTorch/crates/spiral-selfsup/Cargo.toml
2026-09-12T10:47:51.2839552Z   - /home/runner/work/SpiralTorch/SpiralTorch/crates/st-amg/Cargo.toml
2026-09-12T10:47:51.2840528Z   - /home/runner/work/SpiralTorch/SpiralTorch/crates/st-backend-hip/Cargo.toml
2026-09-12T10:47:51.2841378Z   - /home/runner/work/SpiralTorch/SpiralTorch/crates/st-backend-wgpu/Cargo.toml
2026-09-12T10:47:51.2841975Z   - /home/runner/work/SpiralTorch/SpiralTorch/crates/st-bench/Cargo.toml
2026-09-12T10:47:51.2842545Z   - /home/runner/work/SpiralTorch/SpiralTorch/crates/st-core/Cargo.toml
2026-09-12T10:47:51.2843142Z   - /home/runner/work/SpiralTorch/SpiralTorch/crates/st-frac/Cargo.toml
2026-09-12T10:47:51.2843777Z   - /home/runner/work/SpiralTorch/SpiralTorch/crates/st-kdsl/Cargo.toml
2026-09-12T10:47:51.2844357Z   - /home/runner/work/SpiralTorch/SpiralTorch/crates/st-kernel-contracts/Cargo.toml
2026-09-12T10:47:51.2844943Z   - /home/runner/work/SpiralTorch/SpiralTorch/crates/st-kv/Cargo.toml
2026-09-12T10:47:51.2845628Z   - /home/runner/work/SpiralTorch/SpiralTorch/crates/st-logic/Cargo.toml
2026-09-12T10:47:51.2846475Z   - /home/runner/work/SpiralTorch/SpiralTorch/crates/st-metrics/Cargo.toml
2026-09-12T10:47:51.2847305Z   - /home/runner/work/SpiralTorch/SpiralTorch/crates/st-nn/Cargo.toml
2026-09-12T10:47:51.2847929Z   - /home/runner/work/SpiralTorch/SpiralTorch/crates/st-qr-studio/Cargo.toml
2026-09-12T10:47:51.2848580Z   - /home/runner/work/SpiralTorch/SpiralTorch/crates/st-rec/Cargo.toml
2026-09-12T10:47:51.2849120Z   - /home/runner/work/SpiralTorch/SpiralTorch/crates/st-refract/Cargo.toml
2026-09-12T10:47:51.2849684Z   - /home/runner/work/SpiralTorch/SpiralTorch/crates/st-robotics/Cargo.toml
2026-09-12T10:47:51.2850249Z   - /home/runner/work/SpiralTorch/SpiralTorch/crates/st-softlogic/Cargo.toml
2026-09-12T10:47:51.2850799Z   - /home/runner/work/SpiralTorch/SpiralTorch/crates/st-spiral-rl/Cargo.toml
2026-09-12T10:47:51.2851351Z   - /home/runner/work/SpiralTorch/SpiralTorch/crates/st-sync/Cargo.toml
2026-09-12T10:47:51.2852058Z   - /home/runner/work/SpiralTorch/SpiralTorch/crates/st-tensor/Cargo.toml
2026-09-12T10:47:51.2852637Z   - /home/runner/work/SpiralTorch/SpiralTorch/crates/st-text/Cargo.toml
2026-09-12T10:47:51.2853172Z   - /home/runner/work/SpiralTorch/SpiralTorch/crates/st-vision/Cargo.toml
2026-09-12T10:47:51.2853704Z   - /home/runner/work/SpiralTorch/SpiralTorch/crates/st-zeta/Cargo.toml
2026-09-12T10:47:51.2854213Z   - /home/runner/work/SpiralTorch/SpiralTorch/rust-toolchain.toml
2026-09-12T10:47:51.2854768Z   - /home/runner/work/SpiralTorch/SpiralTorch/tools/visualize-z-volume/Cargo.toml
2026-09-12T10:47:51.2855337Z   - /home/runner/work/SpiralTorch/SpiralTorch/tools/xai-cli/Cargo.toml
2026-09-12T10:47:51.2856068Z ##[endgroup]
2026-09-12T10:47:51.2856231Z 
2026-09-12T10:47:51.2856360Z ... Restoring cache ...
2026-09-12T10:47:51.3481635Z Cache hit for restore-key: v0-rust-python-docs-smoke-Linux-x64-6ff13d87-a7c8558f
2026-09-12T10:47:52.3980909Z Received 260046848 of 691134393 (37.6%), 247.8 MBs/sec
2026-09-12T10:47:53.3989882Z Received 532676608 of 691134393 (77.1%), 253.7 MBs/sec
2026-09-12T10:47:54.0320558Z Received 691134393 of 691134393 (100.0%), 250.5 MBs/sec
2026-09-12T10:47:54.0321447Z Cache Size: ~659 MB (691134393 B)
2026-09-12T10:47:54.0379478Z [command]/usr/bin/tar -xf /home/runner/work/_temp/1a9ce554-3777-4a1b-976a-ee43dfb7cf57/cache.tzst -P -C /home/runner/work/SpiralTorch/SpiralTorch --use-compress-program unzstd
2026-09-12T10:47:57.8194883Z Cache restored successfully
2026-09-12T10:47:57.8517058Z Restored from cache key "v0-rust-python-docs-smoke-Linux-x64-6ff13d87-a7c8558f" full match: false.
2026-09-12T10:47:57.8801469Z ##[group]Run python -m pip install -U pip wheel maturin
2026-09-12T10:47:57.8801967Z [36;1mpython -m pip install -U pip wheel maturin[0m
2026-09-12T10:47:57.8802480Z [36;1mmaturin build --release --locked -m bindings/st-py/Cargo.toml --features "logic,kdsl"[0m
2026-09-12T10:47:57.8856030Z shell: /usr/bin/bash -e {0}
2026-09-12T10:47:57.8856426Z env:
2026-09-12T10:47:57.8857062Z   pythonLocation: /opt/hostedtoolcache/Python/3.12.14/x64
2026-09-12T10:47:57.8857777Z   PKG_CONFIG_PATH: /opt/hostedtoolcache/Python/3.12.14/x64/lib/pkgconfig
2026-09-12T10:47:57.8858484Z   Python_ROOT_DIR: /opt/hostedtoolcache/Python/3.12.14/x64
2026-09-12T10:47:57.8859126Z   Python2_ROOT_DIR: /opt/hostedtoolcache/Python/3.12.14/x64
2026-09-12T10:47:57.8859769Z   Python3_ROOT_DIR: /opt/hostedtoolcache/Python/3.12.14/x64
2026-09-12T10:47:57.8860431Z   LD_LIBRARY_PATH: /opt/hostedtoolcache/Python/3.12.14/x64/lib
2026-09-12T10:47:57.8860996Z   CARGO_HOME: /home/runner/.cargo
2026-09-12T10:47:57.8861474Z   CARGO_INCREMENTAL: 0
2026-09-12T10:47:57.8861841Z   CARGO_TERM_COLOR: always
2026-09-12T10:47:57.8862215Z   CACHE_ON_FAILURE: false
2026-09-12T10:47:57.8862600Z ##[endgroup]
2026-09-12T10:47:59.6539874Z Requirement already satisfied: pip in /opt/hostedtoolcache/Python/3.12.14/x64/lib/python3.12/site-packages (26.2.1)
2026-09-12T10:47:59.7766569Z Collecting wheel
2026-09-12T10:47:59.8347234Z   Downloading wheel-0.48.0-py3-none-any.whl.metadata (2.3 kB)
2026-09-12T10:47:59.9748445Z Collecting maturin
2026-09-12T10:47:59.9826051Z   Downloading maturin-1.15.0-py3-none-manylinux_2_12_x86_64.manylinux2010_x86_64.musllinux_1_1_x86_64.whl.metadata (17 kB)
2026-09-12T10:48:00.0053919Z Collecting packaging>=24.0 (from wheel)
2026-09-12T10:48:00.0127445Z   Downloading packaging-26.3-py3-none-any.whl.metadata (3.5 kB)
2026-09-12T10:48:00.0233645Z Downloading wheel-0.48.0-py3-none-any.whl (33 kB)
2026-09-12T10:48:00.0366043Z Downloading maturin-1.15.0-py3-none-manylinux_2_12_x86_64.manylinux2010_x86_64.musllinux_1_1_x86_64.whl (10.5 MB)
2026-09-12T10:48:00.1157500Z    ━━━━━━━━━━━━━━━━━━━━━━━━━━━━━━━━━━━━━━━━ 10.5/10.5 MB 155.6 MB/s  0:00:00
2026-09-12T10:48:00.1228428Z Downloading packaging-26.3-py3-none-any.whl (129 kB)
2026-09-12T10:48:00.1724878Z Installing collected packages: packaging, maturin, wheel
2026-09-12T10:48:00.4092655Z 
2026-09-12T10:48:00.4103226Z Successfully installed maturin-1.15.0 packaging-26.3 wheel-0.48.0
2026-09-12T10:48:00.5523071Z [1m[92m    Updating[0m crates.io index
2026-09-12T10:48:04.0652180Z 🍹 Building a mixed python/rust project
2026-09-12T10:48:04.3699427Z 🐍 Found CPython 3.12 at /opt/hostedtoolcache/Python/3.12.14/x64/bin/python3
2026-09-12T10:48:04.3700410Z 🔗 Found pyo3 bindings with abi3-py3.8 support
2026-09-12T10:48:05.4559463Z [1m[92m   Compiling[0m pulp v0.21.5
2026-09-12T10:48:05.4639602Z [1m[92m   Compiling[0m generic-array v0.14.9
2026-09-12T10:48:05.4640939Z [1m[92m   Compiling[0m wgpu v0.20.1 (/home/runner/work/SpiralTorch/SpiralTorch/vendor/wgpu-0.20.1)
2026-09-12T10:48:05.4707097Z [1m[92m   Compiling[0m st-kernel-contracts v0.1.0 (/home/runner/work/SpiralTorch/SpiralTorch/crates/st-kernel-contracts)
2026-09-12T10:48:06.0789216Z [1m[92m   Compiling[0m spindle v0.2.5 (/home/runner/work/SpiralTorch/SpiralTorch/vendor/spindle)
2026-09-12T10:48:06.3278666Z [1m[33mwarning[0m[1m: unexpected `cfg` condition name: `wgpu_core`[0m
2026-09-12T10:48:06.3307884Z   [1m[94m--> [0mvendor/wgpu-0.20.1/src/lib.rs:71:7
2026-09-12T10:48:06.3337765Z    [1m[94m|[0m
2026-09-12T10:48:06.3367920Z [1m[94m71[0m [1m[94m|[0m #[cfg(wgpu_core)]
2026-09-12T10:48:06.3397624Z    [1m[94m|[0m       [1m[33m^^^^^^^^^[0m
2026-09-12T10:48:06.3427741Z    [1m[94m|[0m
2026-09-12T10:48:06.3448042Z    [1m[94m= [0m[1mhelp[0m: expected names are: `docsrs`, `feature`, and `test` and 32 more
2026-09-12T10:48:06.3477977Z    [1m[94m= [0m[1mhelp[0m: consider using a Cargo feature instead
2026-09-12T10:48:06.3488750Z    [1m[94m= [0m[1mhelp[0m: or consider adding in `Cargo.toml` the `check-cfg` lint config for the lint:
2026-09-12T10:48:06.3507692Z             [lints.rust]
2026-09-12T10:48:06.3537824Z             unexpected_cfgs = { level = "warn", check-cfg = ['cfg(wgpu_core)'] }
2026-09-12T10:48:06.3548985Z    [1m[94m= [0m[1mhelp[0m: or consider adding `println!("cargo::rustc-check-cfg=cfg(wgpu_core)");` to the top of the `build.rs`
2026-09-12T10:48:06.3578445Z    [1m[94m= [0m[1mnote[0m: see <https://doc.rust-lang.org/nightly/rustc/check-cfg/cargo-specifics.html> for more information about checking conditional configuration
2026-09-12T10:48:06.3588027Z    [1m[94m= [0m[1mnote[0m: `#[warn(unexpected_cfgs)]` on by default
2026-09-12T10:48:06.3588647Z 
2026-09-12T10:48:06.3589561Z [1m[33mwarning[0m[1m: unexpected `cfg` condition name: `wgpu_core`[0m
2026-09-12T10:48:06.3590483Z   [1m[94m--> [0mvendor/wgpu-0.20.1/src/lib.rs:77:7
2026-09-12T10:48:06.3591129Z    [1m[94m|[0m
2026-09-12T10:48:06.3591682Z [1m[94m77[0m [1m[94m|[0m #[cfg(wgpu_core)]
2026-09-12T10:48:06.3592448Z    [1m[94m|[0m       [1m[33m^^^^^^^^^[0m
2026-09-12T10:48:06.3593152Z    [1m[94m|[0m
2026-09-12T10:48:06.3593798Z    [1m[94m= [0m[1mhelp[0m: consider using a Cargo feature instead
2026-09-12T10:48:06.3594902Z    [1m[94m= [0m[1mhelp[0m: or consider adding in `Cargo.toml` the `check-cfg` lint config for the lint:
2026-09-12T10:48:06.3595745Z             [lints.rust]
2026-09-12T10:48:06.3596365Z             unexpected_cfgs = { level = "warn", check-cfg = ['cfg(wgpu_core)'] }
2026-09-12T10:48:06.3598634Z    [1m[94m= [0m[1mhelp[0m: or consider adding `println!("cargo::rustc-check-cfg=cfg(wgpu_core)");` to the top of the `build.rs`
2026-09-12T10:48:06.3600695Z    [1m[94m= [0m[1mnote[0m: see <https://doc.rust-lang.org/nightly/rustc/check-cfg/cargo-specifics.html> for more information about checking conditional configuration
2026-09-12T10:48:06.3601863Z 
2026-09-12T10:48:06.3602352Z [1m[33mwarning[0m[1m: unexpected `cfg` condition name: `wgpu_core`[0m
2026-09-12T10:48:06.3603187Z   [1m[94m--> [0mvendor/wgpu-0.20.1/src/lib.rs:82:7
2026-09-12T10:48:06.3603812Z    [1m[94m|[0m
2026-09-12T10:48:06.3604399Z [1m[94m82[0m [1m[94m|[0m #[cfg(wgpu_core)]
2026-09-12T10:48:06.3605042Z    [1m[94m|[0m       [1m[33m^^^^^^^^^[0m
2026-09-12T10:48:06.3605721Z    [1m[94m|[0m
2026-09-12T10:48:06.3606373Z    [1m[94m= [0m[1mhelp[0m: consider using a Cargo feature instead
2026-09-12T10:48:06.3607989Z    [1m[94m= [0m[1mhelp[0m: or consider adding in `Cargo.toml` the `check-cfg` lint config for the lint:
2026-09-12T10:48:06.3608837Z             [lints.rust]
2026-09-12T10:48:06.3609437Z             unexpected_cfgs = { level = "warn", check-cfg = ['cfg(wgpu_core)'] }
2026-09-12T10:48:06.3610873Z    [1m[94m= [0m[1mhelp[0m: or consider adding `println!("cargo::rustc-check-cfg=cfg(wgpu_core)");` to the top of the `build.rs`
2026-09-12T10:48:06.3612772Z    [1m[94m= [0m[1mnote[0m: see <https://doc.rust-lang.org/nightly/rustc/check-cfg/cargo-specifics.html> for more information about checking conditional configuration
2026-09-12T10:48:06.3613831Z 
2026-09-12T10:48:06.3614286Z [1m[33mwarning[0m[1m: unexpected `cfg` condition name: `wgpu_core`[0m
2026-09-12T10:48:06.3615075Z   [1m[94m--> [0mvendor/wgpu-0.20.1/src/lib.rs:88:15
2026-09-12T10:48:06.3615617Z    [1m[94m|[0m
2026-09-12T10:48:06.3616164Z [1m[94m88[0m [1m[94m|[0m #[cfg(all(not(wgpu_core), naga))]
2026-09-12T10:48:06.3617072Z    [1m[94m|[0m               [1m[33m^^^^^^^^^[0m
2026-09-12T10:48:06.3617616Z    [1m[94m|[0m
2026-09-12T10:48:06.3618190Z    [1m[94m= [0m[1mhelp[0m: consider using a Cargo feature instead
2026-09-12T10:48:06.3619222Z    [1m[94m= [0m[1mhelp[0m: or consider adding in `Cargo.toml` the `check-cfg` lint config for the lint:
2026-09-12T10:48:06.3620010Z             [lints.rust]
2026-09-12T10:48:06.3620586Z             unexpected_cfgs = { level = "warn", check-cfg = ['cfg(wgpu_core)'] }
2026-09-12T10:48:06.3622298Z    [1m[94m= [0m[1mhelp[0m: or consider adding `println!("cargo::rustc-check-cfg=cfg(wgpu_core)");` to the top of the `build.rs`
2026-09-12T10:48:06.3624152Z    [1m[94m= [0m[1mnote[0m: see <https://doc.rust-lang.org/nightly/rustc/check-cfg/cargo-specifics.html> for more information about checking conditional configuration
2026-09-12T10:48:06.3625175Z 
2026-09-12T10:48:06.3625613Z [1m[33mwarning[0m[1m: unexpected `cfg` condition name: `naga`[0m
2026-09-12T10:48:06.3626372Z   [1m[94m--> [0mvendor/wgpu-0.20.1/src/lib.rs:88:27
2026-09-12T10:48:06.3627145Z    [1m[94m|[0m
2026-09-12T10:48:06.3627718Z [1m[94m88[0m [1m[94m|[0m #[cfg(all(not(wgpu_core), naga))]
2026-09-12T10:48:06.3629118Z    [1m[94m|[0m                           [1m[33m^^^^[0m [1m[33mhelp: found config with similar value: `feature = "naga"`[0m
2026-09-12T10:48:06.3629962Z    [1m[94m|[0m
2026-09-12T10:48:06.3630522Z    [1m[94m= [0m[1mhelp[0m: consider using a Cargo feature instead
2026-09-12T10:48:06.3631555Z    [1m[94m= [0m[1mhelp[0m: or consider adding in `Cargo.toml` the `check-cfg` lint config for the lint:
2026-09-12T10:48:06.3632332Z             [lints.rust]
2026-09-12T10:48:06.3632869Z             unexpected_cfgs = { level = "warn", check-cfg = ['cfg(naga)'] }
2026-09-12T10:48:06.3634289Z    [1m[94m= [0m[1mhelp[0m: or consider adding `println!("cargo::rustc-check-cfg=cfg(naga)");` to the top of the `build.rs`
2026-09-12T10:48:06.3636132Z    [1m[94m= [0m[1mnote[0m: see <https://doc.rust-lang.org/nightly/rustc/check-cfg/cargo-specifics.html> for more information about checking conditional configuration
2026-09-12T10:48:06.3668004Z 
2026-09-12T10:48:06.3668521Z [1m[33mwarning[0m[1m: unexpected `cfg` condition name: `webgl`[0m
2026-09-12T10:48:06.3669277Z   [1m[94m--> [0mvendor/wgpu-0.20.1/src/lib.rs:99:11
2026-09-12T10:48:06.3669797Z    [1m[94m|[0m
2026-09-12T10:48:06.3670264Z [1m[94m99[0m [1m[94m|[0m #[cfg(any(webgl, webgpu))]
2026-09-12T10:48:06.3671230Z    [1m[94m|[0m           [1m[33m^^^^^[0m [1m[33mhelp: found config with similar value: `feature = "webgl"`[0m
2026-09-12T10:48:06.3671970Z    [1m[94m|[0m
2026-09-12T10:48:06.3672489Z    [1m[94m= [0m[1mhelp[0m: consider using a Cargo feature instead
2026-09-12T10:48:06.3673444Z    [1m[94m= [0m[1mhelp[0m: or consider adding in `Cargo.toml` the `check-cfg` lint config for the lint:
2026-09-12T10:48:06.3674177Z             [lints.rust]
2026-09-12T10:48:06.3674715Z             unexpected_cfgs = { level = "warn", check-cfg = ['cfg(webgl)'] }
2026-09-12T10:48:06.3676126Z    [1m[94m= [0m[1mhelp[0m: or consider adding `println!("cargo::rustc-check-cfg=cfg(webgl)");` to the top of the `build.rs`
2026-09-12T10:48:06.3678036Z    [1m[94m= [0m[1mnote[0m: see <https://doc.rust-lang.org/nightly/rustc/check-cfg/cargo-specifics.html> for more information about checking conditional configuration
2026-09-12T10:48:06.3678990Z 
2026-09-12T10:48:06.3679372Z [1m[33mwarning[0m[1m: unexpected `cfg` condition name: `webgpu`[0m
2026-09-12T10:48:06.3680083Z   [1m[94m--> [0mvendor/wgpu-0.20.1/src/lib.rs:99:18
2026-09-12T10:48:06.3680609Z    [1m[94m|[0m
2026-09-12T10:48:06.3681075Z [1m[94m99[0m [1m[94m|[0m #[cfg(any(webgl, webgpu))]
2026-09-12T10:48:06.3681988Z    [1m[94m|[0m                  [1m[33m^^^^^^[0m [1m[33mhelp: found config with similar value: `feature = "webgpu"`[0m
2026-09-12T10:48:06.3682727Z    [1m[94m|[0m
2026-09-12T10:48:06.3683229Z    [1m[94m= [0m[1mhelp[0m: consider using a Cargo feature instead
2026-09-12T10:48:06.3684195Z    [1m[94m= [0m[1mhelp[0m: or consider adding in `Cargo.toml` the `check-cfg` lint config for the lint:
2026-09-12T10:48:06.3684901Z             [lints.rust]
2026-09-12T10:48:06.3685442Z             unexpected_cfgs = { level = "warn", check-cfg = ['cfg(webgpu)'] }
2026-09-12T10:48:06.3686662Z    [1m[94m= [0m[1mhelp[0m: or consider adding `println!("cargo::rustc-check-cfg=cfg(webgpu)");` to the top of the `build.rs`
2026-09-12T10:48:06.3688791Z    [1m[94m= [0m[1mnote[0m: see <https://doc.rust-lang.org/nightly/rustc/check-cfg/cargo-specifics.html> for more information about checking conditional configuration
2026-09-12T10:48:06.3689811Z 
2026-09-12T10:48:06.3690211Z [1m[33mwarning[0m[1m: unexpected `cfg` condition name: `webgpu`[0m
2026-09-12T10:48:06.3690958Z    [1m[94m--> [0mvendor/wgpu-0.20.1/src/lib.rs:104:11
2026-09-12T10:48:06.3691482Z     [1m[94m|[0m
2026-09-12T10:48:06.3691919Z [1m[94m104[0m [1m[94m|[0m #[cfg(any(webgpu, webgl))]
2026-09-12T10:48:06.3692746Z     [1m[94m|[0m           [1m[33m^^^^^^[0m [1m[33mhelp: found config with similar value: `feature = "webgpu"`[0m
2026-09-12T10:48:06.3693440Z     [1m[94m|[0m
2026-09-12T10:48:06.3693921Z     [1m[94m= [0m[1mhelp[0m: consider using a Cargo feature instead
2026-09-12T10:48:06.3694788Z     [1m[94m= [0m[1mhelp[0m: or consider adding in `Cargo.toml` the `check-cfg` lint config for the lint:
2026-09-12T10:48:06.3695456Z              [lints.rust]
2026-09-12T10:48:06.3695939Z              unexpected_cfgs = { level = "warn", check-cfg = ['cfg(webgpu)'] }
2026-09-12T10:48:06.3697250Z     [1m[94m= [0m[1mhelp[0m: or consider adding `println!("cargo::rustc-check-cfg=cfg(webgpu)");` to the top of the `build.rs`
2026-09-12T10:48:06.3698852Z     [1m[94m= [0m[1mnote[0m: see <https://doc.rust-lang.org/nightly/rustc/check-cfg/cargo-specifics.html> for more information about checking conditional configuration
2026-09-12T10:48:06.3699745Z 
2026-09-12T10:48:06.3700332Z [1m[33mwarning[0m[1m: unexpected `cfg` condition name: `webgl`[0m
2026-09-12T10:48:06.3701008Z    [1m[94m--> [0mvendor/wgpu-0.20.1/src/lib.rs:104:19
2026-09-12T10:48:06.3701491Z     [1m[94m|[0m
2026-09-12T10:48:06.3701937Z [1m[94m104[0m [1m[94m|[0m #[cfg(any(webgpu, webgl))]
2026-09-12T10:48:06.3702823Z     [1m[94m|[0m                   [1m[33m^^^^^[0m [1m[33mhelp: found config with similar value: `feature = "webgl"`[0m
2026-09-12T10:48:06.3703534Z     [1m[94m|[0m
2026-09-12T10:48:06.3704051Z     [1m[94m= [0m[1mhelp[0m: consider using a Cargo feature instead
2026-09-12T10:48:06.3704967Z     [1m[94m= [0m[1mhelp[0m: or consider adding in `Cargo.toml` the `check-cfg` lint config for the lint:
2026-09-12T10:48:06.3705696Z              [lints.rust]
2026-09-12T10:48:06.3706212Z              unexpected_cfgs = { level = "warn", check-cfg = ['cfg(webgl)'] }
2026-09-12T10:48:06.3707584Z     [1m[94m= [0m[1mhelp[0m: or consider adding `println!("cargo::rustc-check-cfg=cfg(webgl)");` to the top of the `build.rs`
2026-09-12T10:48:06.3709287Z     [1m[94m= [0m[1mnote[0m: see <https://doc.rust-lang.org/nightly/rustc/check-cfg/cargo-specifics.html> for more information about checking conditional configuration
2026-09-12T10:48:06.3710292Z 
2026-09-12T10:48:06.3710717Z [1m[33mwarning[0m[1m: unexpected `cfg` condition name: `send_sync`[0m
2026-09-12T10:48:06.3711453Z    [1m[94m--> [0mvendor/wgpu-0.20.1/src/lib.rs:120:7
2026-09-12T10:48:06.3711967Z     [1m[94m|[0m
2026-09-12T10:48:06.3712422Z [1m[94m120[0m [1m[94m|[0m #[cfg(send_sync)]
2026-09-12T10:48:06.3712976Z     [1m[94m|[0m       [1m[33m^^^^^^^^^[0m
2026-09-12T10:48:06.3713452Z     [1m[94m|[0m
2026-09-12T10:48:06.3713984Z     [1m[94m= [0m[1mhelp[0m: consider using a Cargo feature instead
2026-09-12T10:48:06.3714991Z     [1m[94m= [0m[1mhelp[0m: or consider adding in `Cargo.toml` the `check-cfg` lint config for the lint:
2026-09-12T10:48:06.3715735Z              [lints.rust]
2026-09-12T10:48:06.3716268Z              unexpected_cfgs = { level = "warn", check-cfg = ['cfg(send_sync)'] }
2026-09-12T10:48:06.3717669Z     [1m[94m= [0m[1mhelp[0m: or consider adding `println!("cargo::rustc-check-cfg=cfg(send_sync)");` to the top of the `build.rs`
2026-09-12T10:48:06.3719380Z     [1m[94m= [0m[1mnote[0m: see <https://doc.rust-lang.org/nightly/rustc/check-cfg/cargo-specifics.html> for more information about checking conditional configuration
2026-09-12T10:48:06.3720320Z 
2026-09-12T10:48:06.3720930Z [1m[33mwarning[0m[1m: unexpected `cfg` condition name: `send_sync`[0m
2026-09-12T10:48:06.3721646Z    [1m[94m--> [0mvendor/wgpu-0.20.1/src/lib.rs:122:11
2026-09-12T10:48:06.3722155Z     [1m[94m|[0m
2026-09-12T10:48:06.3722598Z [1m[94m122[0m [1m[94m|[0m #[cfg(not(send_sync))]
2026-09-12T10:48:06.3723153Z     [1m[94m|[0m           [1m[33m^^^^^^^^^[0m
2026-09-12T10:48:06.3723614Z     [1m[94m|[0m
2026-09-12T10:48:06.3724125Z     [1m[94m= [0m[1mhelp[0m: consider using a Cargo feature instead
2026-09-12T10:48:06.3725119Z     [1m[94m= [0m[1mhelp[0m: or consider adding in `Cargo.toml` the `check-cfg` lint config for the lint:
2026-09-12T10:48:06.3725838Z              [lints.rust]
2026-09-12T10:48:06.3726356Z              unexpected_cfgs = { level = "warn", check-cfg = ['cfg(send_sync)'] }
2026-09-12T10:48:06.3727851Z     [1m[94m= [0m[1mhelp[0m: or consider adding `println!("cargo::rustc-check-cfg=cfg(send_sync)");` to the top of the `build.rs`
2026-09-12T10:48:06.3729567Z     [1m[94m= [0m[1mnote[0m: see <https://doc.rust-lang.org/nightly/rustc/check-cfg/cargo-specifics.html> for more information about checking conditional configuration
2026-09-12T10:48:06.3730525Z 
2026-09-12T10:48:06.3730904Z [1m[33mwarning[0m[1m: unexpected `cfg` condition name: `send_sync`[0m
2026-09-12T10:48:06.3731773Z    [1m[94m--> [0mvendor/wgpu-0.20.1/src/lib.rs:137:7
2026-09-12T10:48:06.3732260Z     [1m[94m|[0m
2026-09-12T10:48:06.3732667Z [1m[94m137[0m [1m[94m|[0m #[cfg(send_sync)]
2026-09-12T10:48:06.3733519Z     [1m[94m|[0m       [1m[33m^^^^^^^^^[0m
2026-09-12T10:48:06.3734031Z     [1m[94m|[0m
2026-09-12T10:48:06.3734548Z     [1m[94m= [0m[1mhelp[0m: consider using a Cargo feature instead
2026-09-12T10:48:06.3735515Z     [1m[94m= [0m[1mhelp[0m: or consider adding in `Cargo.toml` the `check-cfg` lint config for the lint:
2026-09-12T10:48:06.3736251Z              [lints.rust]
2026-09-12T10:48:06.3736941Z              unexpected_cfgs = { level = "warn", check-cfg = ['cfg(send_sync)'] }
2026-09-12T10:48:06.3738256Z     [1m[94m= [0m[1mhelp[0m: or consider adding `println!("cargo::rustc-check-cfg=cfg(send_sync)");` to the top of the `build.rs`
2026-09-12T10:48:06.3739926Z     [1m[94m= [0m[1mnote[0m: see <https://doc.rust-lang.org/nightly/rustc/check-cfg/cargo-specifics.html> for more information about checking conditional configuration
2026-09-12T10:48:06.3740871Z 
2026-09-12T10:48:06.3741259Z [1m[33mwarning[0m[1m: unexpected `cfg` condition name: `send_sync`[0m
2026-09-12T10:48:06.3742023Z    [1m[94m--> [0mvendor/wgpu-0.20.1/src/lib.rs:154:7
2026-09-12T10:48:06.3742521Z     [1m[94m|[0m
2026-09-12T10:48:06.3742937Z [1m[94m154[0m [1m[94m|[0m #[cfg(send_sync)]
2026-09-12T10:48:06.3743476Z     [1m[94m|[0m       [1m[33m^^^^^^^^^[0m
2026-09-12T10:48:06.3743912Z     [1m[94m|[0m
2026-09-12T10:48:06.3744419Z     [1m[94m= [0m[1mhelp[0m: consider using a Cargo feature instead
2026-09-12T10:48:06.3745356Z     [1m[94m= [0m[1mhelp[0m: or consider adding in `Cargo.toml` the `check-cfg` lint config for the lint:
2026-09-12T10:48:06.3746066Z              [lints.rust]
2026-09-12T10:48:06.3746592Z              unexpected_cfgs = { level = "warn", check-cfg = ['cfg(send_sync)'] }
2026-09-12T10:48:06.3748118Z     [1m[94m= [0m[1mhelp[0m: or consider adding `println!("cargo::rustc-check-cfg=cfg(send_sync)");` to the top of the `build.rs`
2026-09-12T10:48:06.3749880Z     [1m[94m= [0m[1mnote[0m: see <https://doc.rust-lang.org/nightly/rustc/check-cfg/cargo-specifics.html> for more information about checking conditional configuration
2026-09-12T10:48:06.3750900Z 
2026-09-12T10:48:06.3751316Z [1m[33mwarning[0m[1m: unexpected `cfg` condition name: `send_sync`[0m
2026-09-12T10:48:06.3752062Z    [1m[94m--> [0mvendor/wgpu-0.20.1/src/lib.rs:179:7
2026-09-12T10:48:06.3752580Z     [1m[94m|[0m
2026-09-12T10:48:06.3753030Z [1m[94m179[0m [1m[94m|[0m #[cfg(send_sync)]
2026-09-12T10:48:06.3753587Z     [1m[94m|[0m       [1m[33m^^^^^^^^^[0m
2026-09-12T10:48:06.3754322Z     [1m[94m|[0m
2026-09-12T10:48:06.3754879Z     [1m[94m= [0m[1mhelp[0m: consider using a Cargo feature instead
2026-09-12T10:48:06.3755886Z     [1m[94m= [0m[1mhelp[0m: or consider adding in `Cargo.toml` the `check-cfg` lint config for the lint:
2026-09-12T10:48:06.3756642Z              [lints.rust]
2026-09-12T10:48:06.3757363Z              unexpected_cfgs = { level = "warn", check-cfg = ['cfg(send_sync)'] }
2026-09-12T10:48:06.3758651Z     [1m[94m= [0m[1mhelp[0m: or consider adding `println!("cargo::rustc-check-cfg=cfg(send_sync)");` to the top of the `build.rs`
2026-09-12T10:48:06.3760425Z     [1m[94m= [0m[1mnote[0m: see <https://doc.rust-lang.org/nightly/rustc/check-cfg/cargo-specifics.html> for more information about checking conditional configuration
2026-09-12T10:48:06.3761409Z 
2026-09-12T10:48:06.3761807Z [1m[33mwarning[0m[1m: unexpected `cfg` condition name: `send_sync`[0m
2026-09-12T10:48:06.3762558Z    [1m[94m--> [0mvendor/wgpu-0.20.1/src/lib.rs:190:7
2026-09-12T10:48:06.3763099Z     [1m[94m|[0m
2026-09-12T10:48:06.3763550Z [1m[94m190[0m [1m[94m|[0m #[cfg(send_sync)]
2026-09-12T10:48:06.3764113Z     [1m[94m|[0m       [1m[33m^^^^^^^^^[0m
2026-09-12T10:48:06.3764593Z     [1m[94m|[0m
2026-09-12T10:48:06.3765127Z     [1m[94m= [0m[1mhelp[0m: consider using a Cargo feature instead
2026-09-12T10:48:06.3766122Z     [1m[94m= [0m[1mhelp[0m: or consider adding in `Cargo.toml` the `check-cfg` lint config for the lint:
2026-09-12T10:48:06.3767263Z              [lints.rust]
2026-09-12T10:48:06.3767813Z              unexpected_cfgs = { level = "warn", check-cfg = ['cfg(send_sync)'] }
2026-09-12T10:48:06.3769152Z     [1m[94m= [0m[1mhelp[0m: or consider adding `println!("cargo::rustc-check-cfg=cfg(send_sync)");` to the top of the `build.rs`
2026-09-12T10:48:06.3770934Z     [1m[94m= [0m[1mnote[0m: see <https://doc.rust-lang.org/nightly/rustc/check-cfg/cargo-specifics.html> for more information about checking conditional configuration
2026-09-12T10:48:06.3771958Z 
2026-09-12T10:48:06.3772366Z [1m[33mwarning[0m[1m: unexpected `cfg` condition name: `send_sync`[0m
2026-09-12T10:48:06.3773125Z    [1m[94m--> [0mvendor/wgpu-0.20.1/src/lib.rs:411:7
2026-09-12T10:48:06.3773657Z     [1m[94m|[0m
2026-09-12T10:48:06.3774101Z [1m[94m411[0m [1m[94m|[0m #[cfg(send_sync)]
2026-09-12T10:48:06.3774665Z     [1m[94m|[0m       [1m[33m^^^^^^^^^[0m
2026-09-12T10:48:06.3775149Z     [1m[94m|[0m
2026-09-12T10:48:06.3775770Z     [1m[94m= [0m[1mhelp[0m: consider using a Cargo feature instead
2026-09-12T10:48:06.3776898Z     [1m[94m= [0m[1mhelp[0m: or consider adding in `Cargo.toml` the `check-cfg` lint config for the lint:
2026-09-12T10:48:06.3777655Z              [lints.rust]
2026-09-12T10:48:06.3778203Z              unexpected_cfgs = { level = "warn", check-cfg = ['cfg(send_sync)'] }
2026-09-12T10:48:06.3779425Z     [1m[94m= [0m[1mhelp[0m: or consider adding `println!("cargo::rustc-check-cfg=cfg(send_sync)");` to the top of the `build.rs`
2026-09-12T10:48:06.3781087Z     [1m[94m= [0m[1mnote[0m: see <https://doc.rust-lang.org/nightly/rustc/check-cfg/cargo-specifics.html> for more information about checking conditional configuration
2026-09-12T10:48:06.3782028Z 
2026-09-12T10:48:06.3782411Z [1m[33mwarning[0m[1m: unexpected `cfg` condition name: `send_sync`[0m
2026-09-12T10:48:06.3783101Z    [1m[94m--> [0mvendor/wgpu-0.20.1/src/lib.rs:452:7
2026-09-12T10:48:06.3783586Z     [1m[94m|[0m
2026-09-12T10:48:06.3784002Z [1m[94m452[0m [1m[94m|[0m #[cfg(send_sync)]
2026-09-12T10:48:06.3784573Z     [1m[94m|[0m       [1m[33m^^^^^^^^^[0m
2026-09-12T10:48:06.3785024Z     [1m[94m|[0m
2026-09-12T10:48:06.3785511Z     [1m[94m= [0m[1mhelp[0m: consider using a Cargo feature instead
2026-09-12T10:48:06.3786435Z     [1m[94m= [0m[1mhelp[0m: or consider adding in `Cargo.toml` the `check-cfg` lint config for the lint:
2026-09-12T10:48:06.3787325Z              [lints.rust]
2026-09-12T10:48:06.3788061Z              unexpected_cfgs = { level = "warn", check-cfg = ['cfg(send_sync)'] }
2026-09-12T10:48:06.3789314Z     [1m[94m= [0m[1mhelp[0m: or consider adding `println!("cargo::rustc-check-cfg=cfg(send_sync)");` to the top of the `build.rs`
2026-09-12T10:48:06.3790982Z     [1m[94m= [0m[1mnote[0m: see <https://doc.rust-lang.org/nightly/rustc/check-cfg/cargo-specifics.html> for more information about checking conditional configuration
2026-09-12T10:48:06.3791932Z 
2026-09-12T10:48:06.3792321Z [1m[33mwarning[0m[1m: unexpected `cfg` condition name: `send_sync`[0m
2026-09-12T10:48:06.3793027Z    [1m[94m--> [0mvendor/wgpu-0.20.1/src/lib.rs:468:7
2026-09-12T10:48:06.3793520Z     [1m[94m|[0m
2026-09-12T10:48:06.3793951Z [1m[94m468[0m [1m[94m|[0m #[cfg(send_sync)]
2026-09-12T10:48:06.3794476Z     [1m[94m|[0m       [1m[33m^^^^^^^^^[0m
2026-09-12T10:48:06.3794934Z     [1m[94m|[0m
2026-09-12T10:48:06.3795428Z     [1m[94m= [0m[1mhelp[0m: consider using a Cargo feature instead
2026-09-12T10:48:06.3796371Z     [1m[94m= [0m[1mhelp[0m: or consider adding in `Cargo.toml` the `check-cfg` lint config for the lint:
2026-09-12T10:48:06.3797251Z              [lints.rust]
2026-09-12T10:48:06.3797751Z              unexpected_cfgs = { level = "warn", check-cfg = ['cfg(send_sync)'] }
2026-09-12T10:48:06.3799003Z     [1m[94m= [0m[1mhelp[0m: or consider adding `println!("cargo::rustc-check-cfg=cfg(send_sync)");` to the top of the `build.rs`
2026-09-12T10:48:06.3800742Z     [1m[94m= [0m[1mnote[0m: see <https://doc.rust-lang.org/nightly/rustc/check-cfg/cargo-specifics.html> for more information about checking conditional configuration
2026-09-12T10:48:06.3801910Z 
2026-09-12T10:48:06.3802297Z [1m[33mwarning[0m[1m: unexpected `cfg` condition name: `send_sync`[0m
2026-09-12T10:48:06.3802998Z    [1m[94m--> [0mvendor/wgpu-0.20.1/src/lib.rs:483:7
2026-09-12T10:48:06.3803484Z     [1m[94m|[0m
2026-09-12T10:48:06.3803892Z [1m[94m483[0m [1m[94m|[0m #[cfg(send_sync)]
2026-09-12T10:48:06.3804424Z     [1m[94m|[0m       [1m[33m^^^^^^^^^[0m
2026-09-12T10:48:06.3804867Z     [1m[94m|[0m
2026-09-12T10:48:06.3805369Z     [1m[94m= [0m[1mhelp[0m: consider using a Cargo feature instead
2026-09-12T10:48:06.3806272Z     [1m[94m= [0m[1mhelp[0m: or consider adding in `Cargo.toml` the `check-cfg` lint config for the lint:
2026-09-12T10:48:06.3807139Z              [lints.rust]
2026-09-12T10:48:06.3807654Z              unexpected_cfgs = { level = "warn", check-cfg = ['cfg(send_sync)'] }
2026-09-12T10:48:06.3808931Z     [1m[94m= [0m[1mhelp[0m: or consider adding `println!("cargo::rustc-check-cfg=cfg(send_sync)");` to the top of the `build.rs`
2026-09-12T10:48:06.3810614Z     [1m[94m= [0m[1mnote[0m: see <https://doc.rust-lang.org/nightly/rustc/check-cfg/cargo-specifics.html> for more information about checking conditional configuration
2026-09-12T10:48:06.3811580Z 
2026-09-12T10:48:06.3812009Z [1m[33mwarning[0m[1m: unexpected `cfg` condition name: `send_sync`[0m
2026-09-12T10:48:06.3812718Z    [1m[94m--> [0mvendor/wgpu-0.20.1/src/lib.rs:501:7
2026-09-12T10:48:06.3813198Z     [1m[94m|[0m
2026-09-12T10:48:06.3813640Z [1m[94m501[0m [1m[94m|[0m #[cfg(send_sync)]
2026-09-12T10:48:06.3814184Z     [1m[94m|[0m       [1m[33m^^^^^^^^^[0m
2026-09-12T10:48:06.3814651Z     [1m[94m|[0m
2026-09-12T10:48:06.3815168Z     [1m[94m= [0m[1mhelp[0m: consider using a Cargo feature instead
2026-09-12T10:48:06.3816119Z     [1m[94m= [0m[1mhelp[0m: or consider adding in `Cargo.toml` the `check-cfg` lint config for the lint:
2026-09-12T10:48:06.3817041Z              [lints.rust]
2026-09-12T10:48:06.3817567Z              unexpected_cfgs = { level = "warn", check-cfg = ['cfg(send_sync)'] }
2026-09-12T10:48:06.3818836Z     [1m[94m= [0m[1mhelp[0m: or consider adding `println!("cargo::rustc-check-cfg=cfg(send_sync)");` to the top of the `build.rs`
2026-09-12T10:48:06.3820728Z     [1m[94m= [0m[1mnote[0m: see <https://doc.rust-lang.org/nightly/rustc/check-cfg/cargo-specifics.html> for more information about checking conditional configuration
2026-09-12T10:48:06.3821699Z 
2026-09-12T10:48:06.3822100Z [1m[33mwarning[0m[1m: unexpected `cfg` condition name: `send_sync`[0m
2026-09-12T10:48:06.3822810Z    [1m[94m--> [0mvendor/wgpu-0.20.1/src/lib.rs:574:7
2026-09-12T10:48:06.3823304Z     [1m[94m|[0m
2026-09-12T10:48:06.3823749Z [1m[94m574[0m [1m[94m|[0m #[cfg(send_sync)]
2026-09-12T10:48:06.3824291Z     [1m[94m|[0m       [1m[33m^^^^^^^^^[0m
2026-09-12T10:48:06.3824760Z     [1m[94m|[0m
2026-09-12T10:48:06.3825269Z     [1m[94m= [0m[1mhelp[0m: consider using a Cargo feature instead
2026-09-12T10:48:06.3826279Z     [1m[94m= [0m[1mhelp[0m: or consider adding in `Cargo.toml` the `check-cfg` lint config for the lint:
2026-09-12T10:48:06.3827265Z              [lints.rust]
2026-09-12T10:48:06.3827796Z              unexpected_cfgs = { level = "warn", check-cfg = ['cfg(send_sync)'] }
2026-09-12T10:48:06.3829070Z     [1m[94m= [0m[1mhelp[0m: or consider adding `println!("cargo::rustc-check-cfg=cfg(send_sync)");` to the top of the `build.rs`
2026-09-12T10:48:06.3830815Z     [1m[94m= [0m[1mnote[0m: see <https://doc.rust-lang.org/nightly/rustc/check-cfg/cargo-specifics.html> for more information about checking conditional configuration
2026-09-12T10:48:06.3831789Z 
2026-09-12T10:48:06.3832187Z [1m[33mwarning[0m[1m: unexpected `cfg` condition name: `send_sync`[0m
2026-09-12T10:48:06.3832898Z    [1m[94m--> [0mvendor/wgpu-0.20.1/src/lib.rs:746:7
2026-09-12T10:48:06.3833662Z     [1m[94m|[0m
2026-09-12T10:48:06.3834308Z [1m[94m746[0m [1m[94m|[0m #[cfg(send_sync)]
2026-09-12T10:48:06.3834995Z     [1m[94m|[0m       [1m[33m^^^^^^^^^[0m
2026-09-12T10:48:06.3835453Z     [1m[94m|[0m
2026-09-12T10:48:06.3836007Z     [1m[94m= [0m[1mhelp[0m: consider using a Cargo feature instead
2026-09-12T10:48:06.3837158Z     [1m[94m= [0m[1mhelp[0m: or consider adding in `Cargo.toml` the `check-cfg` lint config for the lint:
2026-09-12T10:48:06.3837897Z              [lints.rust]
2026-09-12T10:48:06.3838430Z              unexpected_cfgs = { level = "warn", check-cfg = ['cfg(send_sync)'] }
2026-09-12T10:48:06.3839718Z     [1m[94m= [0m[1mhelp[0m: or consider adding `println!("cargo::rustc-check-cfg=cfg(send_sync)");` to the top of the `build.rs`
2026-09-12T10:48:06.3841437Z     [1m[94m= [0m[1mnote[0m: see <https://doc.rust-lang.org/nightly/rustc/check-cfg/cargo-specifics.html> for more information about checking conditional configuration
2026-09-12T10:48:06.3842412Z 
2026-09-12T10:48:06.3842834Z [1m[33mwarning[0m[1m: unexpected `cfg` condition name: `send_sync`[0m
2026-09-12T10:48:06.3843563Z    [1m[94m--> [0mvendor/wgpu-0.20.1/src/lib.rs:772:7
2026-09-12T10:48:06.3844064Z     [1m[94m|[0m
2026-09-12T10:48:06.3844487Z [1m[94m772[0m [1m[94m|[0m #[cfg(send_sync)]
2026-09-12T10:48:06.3845050Z     [1m[94m|[0m       [1m[33m^^^^^^^^^[0m
2026-09-12T10:48:06.3845517Z     [1m[94m|[0m
2026-09-12T10:48:06.3846071Z     [1m[94m= [0m[1mhelp[0m: consider using a Cargo feature instead
2026-09-12T10:48:06.3847211Z     [1m[94m= [0m[1mhelp[0m: or consider adding in `Cargo.toml` the `check-cfg` lint config for the lint:
2026-09-12T10:48:06.3847930Z              [lints.rust]
2026-09-12T10:48:06.3848455Z              unexpected_cfgs = { level = "warn", check-cfg = ['cfg(send_sync)'] }
2026-09-12T10:48:06.3849712Z     [1m[94m= [0m[1mhelp[0m: or consider adding `println!("cargo::rustc-check-cfg=cfg(send_sync)");` to the top of the `build.rs`
2026-09-12T10:48:06.3851403Z     [1m[94m= [0m[1mnote[0m: see <https://doc.rust-lang.org/nightly/rustc/check-cfg/cargo-specifics.html> for more information about checking conditional configuration
2026-09-12T10:48:06.3852414Z 
2026-09-12T10:48:06.3852809Z [1m[33mwarning[0m[1m: unexpected `cfg` condition name: `send_sync`[0m
2026-09-12T10:48:06.3853510Z    [1m[94m--> [0mvendor/wgpu-0.20.1/src/lib.rs:797:7
2026-09-12T10:48:06.3853999Z     [1m[94m|[0m
2026-09-12T10:48:06.3854688Z [1m[94m797[0m [1m[94m|[0m #[cfg(send_sync)]
2026-09-12T10:48:06.3855287Z     [1m[94m|[0m       [1m[33m^^^^^^^^^[0m
2026-09-12T10:48:06.3855745Z     [1m[94m|[0m
2026-09-12T10:48:06.3856249Z     [1m[94m= [0m[1mhelp[0m: consider using a Cargo feature instead
2026-09-12T10:48:06.3857412Z     [1m[94m= [0m[1mhelp[0m: or consider adding in `Cargo.toml` the `check-cfg` lint config for the lint:
2026-09-12T10:48:06.3858129Z              [lints.rust]
2026-09-12T10:48:06.3858636Z              unexpected_cfgs = { level = "warn", check-cfg = ['cfg(send_sync)'] }
2026-09-12T10:48:06.3859966Z     [1m[94m= [0m[1mhelp[0m: or consider adding `println!("cargo::rustc-check-cfg=cfg(send_sync)");` to the top of the `build.rs`
2026-09-12T10:48:06.3861713Z     [1m[94m= [0m[1mnote[0m: see <https://doc.rust-lang.org/nightly/rustc/check-cfg/cargo-specifics.html> for more information about checking conditional configuration
2026-09-12T10:48:06.3862644Z 
2026-09-12T10:48:06.3863083Z [1m[33mwarning[0m[1m: unexpected `cfg` condition name: `send_sync`[0m
2026-09-12T10:48:06.3863804Z    [1m[94m--> [0mvendor/wgpu-0.20.1/src/lib.rs:891:7
2026-09-12T10:48:06.3864293Z     [1m[94m|[0m
2026-09-12T10:48:06.3864718Z [1m[94m891[0m [1m[94m|[0m #[cfg(send_sync)]
2026-09-12T10:48:06.3865249Z     [1m[94m|[0m       [1m[33m^^^^^^^^^[0m
2026-09-12T10:48:06.3865700Z     [1m[94m|[0m
2026-09-12T10:48:06.3866221Z     [1m[94m= [0m[1mhelp[0m: consider using a Cargo feature instead
2026-09-12T10:48:06.3867732Z     [1m[94m= [0m[1mhelp[0m: or consider adding in `Cargo.toml` the `check-cfg` lint config for the lint:
2026-09-12T10:48:06.3868443Z              [lints.rust]
2026-09-12T10:48:06.3868956Z              unexpected_cfgs = { level = "warn", check-cfg = ['cfg(send_sync)'] }
2026-09-12T10:48:06.3870225Z     [1m[94m= [0m[1mhelp[0m: or consider adding `println!("cargo::rustc-check-cfg=cfg(send_sync)");` to the top of the `build.rs`
2026-09-12T10:48:06.3871981Z     [1m[94m= [0m[1mnote[0m: see <https://doc.rust-lang.org/nightly/rustc/check-cfg/cargo-specifics.html> for more information about checking conditional configuration
2026-09-12T10:48:06.3873004Z 
2026-09-12T10:48:06.3873391Z [1m[33mwarning[0m[1m: unexpected `cfg` condition name: `send_sync`[0m
2026-09-12T10:48:06.3874101Z    [1m[94m--> [0mvendor/wgpu-0.20.1/src/lib.rs:915:7
2026-09-12T10:48:06.3874590Z     [1m[94m|[0m
2026-09-12T10:48:06.3875005Z [1m[94m915[0m [1m[94m|[0m #[cfg(send_sync)]
2026-09-12T10:48:06.3875615Z     [1m[94m|[0m       [1m[33m^^^^^^^^^[0m
2026-09-12T10:48:06.3876074Z     [1m[94m|[0m
2026-09-12T10:48:06.3876593Z     [1m[94m= [0m[1mhelp[0m: consider using a Cargo feature instead
2026-09-12T10:48:06.3877701Z     [1m[94m= [0m[1mhelp[0m: or consider adding in `Cargo.toml` the `check-cfg` lint config for the lint:
2026-09-12T10:48:06.3878444Z              [lints.rust]
2026-09-12T10:48:06.3878950Z              unexpected_cfgs = { level = "warn", check-cfg = ['cfg(send_sync)'] }
2026-09-12T10:48:06.3880215Z     [1m[94m= [0m[1mhelp[0m: or consider adding `println!("cargo::rustc-check-cfg=cfg(send_sync)");` to the top of the `build.rs`
2026-09-12T10:48:06.3881901Z     [1m[94m= [0m[1mnote[0m: see <https://doc.rust-lang.org/nightly/rustc/check-cfg/cargo-specifics.html> for more information about checking conditional configuration
2026-09-12T10:48:06.3882851Z 
2026-09-12T10:48:06.3883233Z [1m[33mwarning[0m[1m: unexpected `cfg` condition name: `send_sync`[0m
2026-09-12T10:48:06.3883953Z    [1m[94m--> [0mvendor/wgpu-0.20.1/src/lib.rs:950:7
2026-09-12T10:48:06.3884445Z     [1m[94m|[0m
2026-09-12T10:48:06.3884861Z [1m[94m950[0m [1m[94m|[0m #[cfg(send_sync)]
2026-09-12T10:48:06.3885424Z     [1m[94m|[0m       [1m[33m^^^^^^^^^[0m
2026-09-12T10:48:06.3885895Z     [1m[94m|[0m
2026-09-12T10:48:06.3886450Z     [1m[94m= [0m[1mhelp[0m: consider using a Cargo feature instead
2026-09-12T10:48:06.3887560Z     [1m[94m= [0m[1mhelp[0m: or consider adding in `Cargo.toml` the `check-cfg` lint config for the lint:
2026-09-12T10:48:06.3888501Z              [lints.rust]
2026-09-12T10:48:06.3889030Z              unexpected_cfgs = { level = "warn", check-cfg = ['cfg(send_sync)'] }
2026-09-12T10:48:06.3890271Z     [1m[94m= [0m[1mhelp[0m: or consider adding `println!("cargo::rustc-check-cfg=cfg(send_sync)");` to the top of the `build.rs`
2026-09-12T10:48:06.3891948Z     [1m[94m= [0m[1mnote[0m: see <https://doc.rust-lang.org/nightly/rustc/check-cfg/cargo-specifics.html> for more information about checking conditional configuration
2026-09-12T10:48:06.3892948Z 
2026-09-12T10:48:06.3893335Z [1m[33mwarning[0m[1m: unexpected `cfg` condition name: `send_sync`[0m
2026-09-12T10:48:06.3894035Z    [1m[94m--> [0mvendor/wgpu-0.20.1/src/lib.rs:988:7
2026-09-12T10:48:06.3894516Z     [1m[94m|[0m
2026-09-12T10:48:06.3894927Z [1m[94m988[0m [1m[94m|[0m #[cfg(send_sync)]
2026-09-12T10:48:06.3895452Z     [1m[94m|[0m       [1m[33m^^^^^^^^^[0m
2026-09-12T10:48:06.3895911Z     [1m[94m|[0m
2026-09-12T10:48:06.3896428Z     [1m[94m= [0m[1mhelp[0m: consider using a Cargo feature instead
2026-09-12T10:48:06.3897561Z     [1m[94m= [0m[1mhelp[0m: or consider adding in `Cargo.toml` the `check-cfg` lint config for the lint:
2026-09-12T10:48:06.3898329Z              [lints.rust]
2026-09-12T10:48:06.3898835Z              unexpected_cfgs = { level = "warn", check-cfg = ['cfg(send_sync)'] }
2026-09-12T10:48:06.3900100Z     [1m[94m= [0m[1mhelp[0m: or consider adding `println!("cargo::rustc-check-cfg=cfg(send_sync)");` to the top of the `build.rs`
2026-09-12T10:48:06.3902077Z     [1m[94m= [0m[1mnote[0m: see <https://doc.rust-lang.org/nightly/rustc/check-cfg/cargo-specifics.html> for more information about checking conditional configuration
2026-09-12T10:48:06.3903014Z 
2026-09-12T10:48:06.3903406Z [1m[33mwarning[0m[1m: unexpected `cfg` condition name: `send_sync`[0m
2026-09-12T10:48:06.3904133Z     [1m[94m--> [0mvendor/wgpu-0.20.1/src/lib.rs:1017:7
2026-09-12T10:48:06.3904662Z      [1m[94m|[0m
2026-09-12T10:48:06.3905115Z [1m[94m1017[0m [1m[94m|[0m #[cfg(send_sync)]
2026-09-12T10:48:06.3905658Z      [1m[94m|[0m       [1m[33m^^^^^^^^^[0m
2026-09-12T10:48:06.3906109Z      [1m[94m|[0m
2026-09-12T10:48:06.3906628Z      [1m[94m= [0m[1mhelp[0m: consider using a Cargo feature instead
2026-09-12T10:48:06.3907791Z      [1m[94m= [0m[1mhelp[0m: or consider adding in `Cargo.toml` the `check-cfg` lint config for the lint:
2026-09-12T10:48:06.3908502Z               [lints.rust]
2026-09-12T10:48:06.3909032Z               unexpected_cfgs = { level = "warn", check-cfg = ['cfg(send_sync)'] }
2026-09-12T10:48:06.3910330Z      [1m[94m= [0m[1mhelp[0m: or consider adding `println!("cargo::rustc-check-cfg=cfg(send_sync)");` to the top of the `build.rs`
2026-09-12T10:48:06.3912097Z      [1m[94m= [0m[1mnote[0m: see <https://doc.rust-lang.org/nightly/rustc/check-cfg/cargo-specifics.html> for more information about checking conditional configuration
2026-09-12T10:48:06.3913062Z 
2026-09-12T10:48:06.3913461Z [1m[33mwarning[0m[1m: unexpected `cfg` condition name: `send_sync`[0m
2026-09-12T10:48:06.3914223Z     [1m[94m--> [0mvendor/wgpu-0.20.1/src/lib.rs:1106:7
2026-09-12T10:48:06.3914731Z      [1m[94m|[0m
2026-09-12T10:48:06.3915168Z [1m[94m1106[0m [1m[94m|[0m #[cfg(send_sync)]
2026-09-12T10:48:06.3915695Z      [1m[94m|[0m       [1m[33m^^^^^^^^^[0m
2026-09-12T10:48:06.3916195Z      [1m[94m|[0m
2026-09-12T10:48:06.3916912Z      [1m[94m= [0m[1mhelp[0m: consider using a Cargo feature instead
2026-09-12T10:48:06.3917865Z      [1m[94m= [0m[1mhelp[0m: or consider adding in `Cargo.toml` the `check-cfg` lint config for the lint:
2026-09-12T10:48:06.3918583Z               [lints.rust]
2026-09-12T10:48:06.3919113Z               unexpected_cfgs = { level = "warn", check-cfg = ['cfg(send_sync)'] }
2026-09-12T10:48:06.3920401Z      [1m[94m= [0m[1mhelp[0m: or consider adding `println!("cargo::rustc-check-cfg=cfg(send_sync)");` to the top of the `build.rs`
2026-09-12T10:48:06.3922333Z      [1m[94m= [0m[1mnote[0m: see <https://doc.rust-lang.org/nightly/rustc/check-cfg/cargo-specifics.html> for more information about checking conditional configuration
2026-09-12T10:48:06.3923310Z 
2026-09-12T10:48:06.3923727Z [1m[33mwarning[0m[1m: unexpected `cfg` condition name: `send_sync`[0m
2026-09-12T10:48:06.3924432Z     [1m[94m--> [0mvendor/wgpu-0.20.1/src/lib.rs:1129:7
2026-09-12T10:48:06.3924954Z      [1m[94m|[0m
2026-09-12T10:48:06.3925398Z [1m[94m1129[0m [1m[94m|[0m #[cfg(send_sync)]
2026-09-12T10:48:06.3925937Z      [1m[94m|[0m       [1m[33m^^^^^^^^^[0m
2026-09-12T10:48:06.3926401Z      [1m[94m|[0m
2026-09-12T10:48:06.3927131Z      [1m[94m= [0m[1mhelp[0m: consider using a Cargo feature instead
2026-09-12T10:48:06.3928080Z      [1m[94m= [0m[1mhelp[0m: or consider adding in `Cargo.toml` the `check-cfg` lint config for the lint:
2026-09-12T10:48:06.3928809Z               [lints.rust]
2026-09-12T10:48:06.3929330Z               unexpected_cfgs = { level = "warn", check-cfg = ['cfg(send_sync)'] }
2026-09-12T10:48:06.3930631Z      [1m[94m= [0m[1mhelp[0m: or consider adding `println!("cargo::rustc-check-cfg=cfg(send_sync)");` to the top of the `build.rs`
2026-09-12T10:48:06.3932331Z      [1m[94m= [0m[1mnote[0m: see <https://doc.rust-lang.org/nightly/rustc/check-cfg/cargo-specifics.html> for more information about checking conditional configuration
2026-09-12T10:48:06.3933285Z 
2026-09-12T10:48:06.3933715Z [1m[33mwarning[0m[1m: unexpected `cfg` condition name: `send_sync`[0m
2026-09-12T10:48:06.3934667Z     [1m[94m--> [0mvendor/wgpu-0.20.1/src/lib.rs:1130:7
2026-09-12T10:48:06.3935170Z      [1m[94m|[0m
2026-09-12T10:48:06.3935606Z [1m[94m1130[0m [1m[94m|[0m #[cfg(send_sync)]
2026-09-12T10:48:06.3936147Z      [1m[94m|[0m       [1m[33m^^^^^^^^^[0m
2026-09-12T10:48:06.3936604Z      [1m[94m|[0m
2026-09-12T10:48:06.3937324Z      [1m[94m= [0m[1mhelp[0m: consider using a Cargo feature instead
2026-09-12T10:48:06.3938286Z      [1m[94m= [0m[1mhelp[0m: or consider adding in `Cargo.toml` the `check-cfg` lint config for the lint:
2026-09-12T10:48:06.3939029Z               [lints.rust]
2026-09-12T10:48:06.3939562Z               unexpected_cfgs = { level = "warn", check-cfg = ['cfg(send_sync)'] }
2026-09-12T10:48:06.3940803Z      [1m[94m= [0m[1mhelp[0m: or consider adding `println!("cargo::rustc-check-cfg=cfg(send_sync)");` to the top of the `build.rs`
2026-09-12T10:48:06.3942511Z      [1m[94m= [0m[1mnote[0m: see <https://doc.rust-lang.org/nightly/rustc/check-cfg/cargo-specifics.html> for more information about checking conditional configuration
2026-09-12T10:48:06.3943473Z 
2026-09-12T10:48:06.3943861Z [1m[33mwarning[0m[1m: unexpected `cfg` condition name: `send_sync`[0m
2026-09-12T10:48:06.3944598Z     [1m[94m--> [0mvendor/wgpu-0.20.1/src/lib.rs:1154:7
2026-09-12T10:48:06.3945126Z      [1m[94m|[0m
2026-09-12T10:48:06.3945558Z [1m[94m1154[0m [1m[94m|[0m #[cfg(send_sync)]
2026-09-12T10:48:06.3946089Z      [1m[94m|[0m       [1m[33m^^^^^^^^^[0m
2026-09-12T10:48:06.3946551Z      [1m[94m|[0m
2026-09-12T10:48:06.3947247Z      [1m[94m= [0m[1mhelp[0m: consider using a Cargo feature instead
2026-09-12T10:48:06.3948196Z      [1m[94m= [0m[1mhelp[0m: or consider adding in `Cargo.toml` the `check-cfg` lint config for the lint:
2026-09-12T10:48:06.3948905Z               [lints.rust]
2026-09-12T10:48:06.3949425Z               unexpected_cfgs = { level = "warn", check-cfg = ['cfg(send_sync)'] }
2026-09-12T10:48:06.3950681Z      [1m[94m= [0m[1mhelp[0m: or consider adding `println!("cargo::rustc-check-cfg=cfg(send_sync)");` to the top of the `build.rs`
2026-09-12T10:48:06.3952395Z      [1m[94m= [0m[1mnote[0m: see <https://doc.rust-lang.org/nightly/rustc/check-cfg/cargo-specifics.html> for more information about checking conditional configuration
2026-09-12T10:48:06.3953350Z 
2026-09-12T10:48:06.3953732Z [1m[33mwarning[0m[1m: unexpected `cfg` condition name: `send_sync`[0m
2026-09-12T10:48:06.3954700Z     [1m[94m--> [0mvendor/wgpu-0.20.1/src/lib.rs:1208:7
2026-09-12T10:48:06.3955253Z      [1m[94m|[0m
2026-09-12T10:48:06.3955706Z [1m[94m1208[0m [1m[94m|[0m #[cfg(send_sync)]
2026-09-12T10:48:06.3956276Z      [1m[94m|[0m       [1m[33m^^^^^^^^^[0m
2026-09-12T10:48:06.3956939Z      [1m[94m|[0m
2026-09-12T10:48:06.3957466Z      [1m[94m= [0m[1mhelp[0m: consider using a Cargo feature instead
2026-09-12T10:48:06.3958484Z      [1m[94m= [0m[1mhelp[0m: or consider adding in `Cargo.toml` the `check-cfg` lint config for the lint:
2026-09-12T10:48:06.3959176Z               [lints.rust]
2026-09-12T10:48:06.3959659Z               unexpected_cfgs = { level = "warn", check-cfg = ['cfg(send_sync)'] }
2026-09-12T10:48:06.3960859Z      [1m[94m= [0m[1mhelp[0m: or consider adding `println!("cargo::rustc-check-cfg=cfg(send_sync)");` to the top of the `build.rs`
2026-09-12T10:48:06.3962480Z      [1m[94m= [0m[1mnote[0m: see <https://doc.rust-lang.org/nightly/rustc/check-cfg/cargo-specifics.html> for more information about checking conditional configuration
2026-09-12T10:48:06.3963411Z 
2026-09-12T10:48:06.3963787Z [1m[33mwarning[0m[1m: unexpected `cfg` condition name: `send_sync`[0m
2026-09-12T10:48:06.3964531Z     [1m[94m--> [0mvendor/wgpu-0.20.1/src/lib.rs:1240:7
2026-09-12T10:48:06.3965051Z      [1m[94m|[0m
2026-09-12T10:48:06.3965490Z [1m[94m1240[0m [1m[94m|[0m #[cfg(send_sync)]
2026-09-12T10:48:06.3966038Z      [1m[94m|[0m       [1m[33m^^^^^^^^^[0m
2026-09-12T10:48:06.3967146Z      [1m[94m|[0m
2026-09-12T10:48:06.3967848Z      [1m[94m= [0m[1mhelp[0m: consider using a Cargo feature instead
2026-09-12T10:48:06.3968840Z      [1m[94m= [0m[1mhelp[0m: or consider adding in `Cargo.toml` the `check-cfg` lint config for the lint:
2026-09-12T10:48:06.3969663Z               [lints.rust]
2026-09-12T10:48:06.3970234Z               unexpected_cfgs = { level = "warn", check-cfg = ['cfg(send_sync)'] }
2026-09-12T10:48:06.3971661Z      [1m[94m= [0m[1mhelp[0m: or consider adding `println!("cargo::rustc-check-cfg=cfg(send_sync)");` to the top of the `build.rs`
2026-09-12T10:48:06.3973517Z      [1m[94m= [0m[1mnote[0m: see <https://doc.rust-lang.org/nightly/rustc/check-cfg/cargo-specifics.html> for more information about checking conditional configuration
2026-09-12T10:48:06.3974534Z 
2026-09-12T10:48:06.3974926Z [1m[33mwarning[0m[1m: unexpected `cfg` condition name: `send_sync`[0m
2026-09-12T10:48:06.3975745Z     [1m[94m--> [0mvendor/wgpu-0.20.1/src/lib.rs:1334:7
2026-09-12T10:48:06.3976243Z      [1m[94m|[0m
2026-09-12T10:48:06.3976848Z [1m[94m1334[0m [1m[94m|[0m #[cfg(send_sync)]
2026-09-12T10:48:06.3977424Z      [1m[94m|[0m       [1m[33m^^^^^^^^^[0m
2026-09-12T10:48:06.3977892Z      [1m[94m|[0m
2026-09-12T10:48:06.3978425Z      [1m[94m= [0m[1mhelp[0m: consider using a Cargo feature instead
2026-09-12T10:48:06.3979383Z      [1m[94m= [0m[1mhelp[0m: or consider adding in `Cargo.toml` the `check-cfg` lint config for the lint:
2026-09-12T10:48:06.3980101Z               [lints.rust]
2026-09-12T10:48:06.3980613Z               unexpected_cfgs = { level = "warn", check-cfg = ['cfg(send_sync)'] }
2026-09-12T10:48:06.3981848Z      [1m[94m= [0m[1mhelp[0m: or consider adding `println!("cargo::rustc-check-cfg=cfg(send_sync)");` to the top of the `build.rs`
2026-09-12T10:48:06.3983577Z      [1m[94m= [0m[1mnote[0m: see <https://doc.rust-lang.org/nightly/rustc/check-cfg/cargo-specifics.html> for more information about checking conditional configuration
2026-09-12T10:48:06.3984560Z 
2026-09-12T10:48:06.3984945Z [1m[33mwarning[0m[1m: unexpected `cfg` condition name: `send_sync`[0m
2026-09-12T10:48:06.3985652Z     [1m[94m--> [0mvendor/wgpu-0.20.1/src/lib.rs:1354:7
2026-09-12T10:48:06.3986157Z      [1m[94m|[0m
2026-09-12T10:48:06.3986570Z [1m[94m1354[0m [1m[94m|[0m #[cfg(send_sync)]
2026-09-12T10:48:06.3987257Z      [1m[94m|[0m       [1m[33m^^^^^^^^^[0m
2026-09-12T10:48:06.3987768Z      [1m[94m|[0m
2026-09-12T10:48:06.3988651Z      [1m[94m= [0m[1mhelp[0m: consider using a Cargo feature instead
2026-09-12T10:48:06.3989528Z      [1m[94m= [0m[1mhelp[0m: or consider adding in `Cargo.toml` the `check-cfg` lint config for the lint:
2026-09-12T10:48:06.3990164Z               [lints.rust]
2026-09-12T10:48:06.3990627Z               unexpected_cfgs = { level = "warn", check-cfg = ['cfg(send_sync)'] }
2026-09-12T10:48:06.3991810Z      [1m[94m= [0m[1mhelp[0m: or consider adding `println!("cargo::rustc-check-cfg=cfg(send_sync)");` to the top of the `build.rs`
2026-09-12T10:48:06.3993364Z      [1m[94m= [0m[1mnote[0m: see <https://doc.rust-lang.org/nightly/rustc/check-cfg/cargo-specifics.html> for more information about checking conditional configuration
2026-09-12T10:48:06.3994229Z 
2026-09-12T10:48:06.3994568Z [1m[33mwarning[0m[1m: unexpected `cfg` condition name: `send_sync`[0m
2026-09-12T10:48:06.3995219Z     [1m[94m--> [0mvendor/wgpu-0.20.1/src/lib.rs:1372:7
2026-09-12T10:48:06.3995671Z      [1m[94m|[0m
2026-09-12T10:48:06.3996059Z [1m[94m1372[0m [1m[94m|[0m #[cfg(send_sync)]
2026-09-12T10:48:06.3996552Z      [1m[94m|[0m       [1m[33m^^^^^^^^^[0m
2026-09-12T10:48:06.3997166Z      [1m[94m|[0m
2026-09-12T10:48:06.3997714Z      [1m[94m= [0m[1mhelp[0m: consider using a Cargo feature instead
2026-09-12T10:48:06.3998720Z      [1m[94m= [0m[1mhelp[0m: or consider adding in `Cargo.toml` the `check-cfg` lint config for the lint:
2026-09-12T10:48:06.3999643Z               [lints.rust]
2026-09-12T10:48:06.4000184Z               unexpected_cfgs = { level = "warn", check-cfg = ['cfg(send_sync)'] }
2026-09-12T10:48:06.4001522Z      [1m[94m= [0m[1mhelp[0m: or consider adding `println!("cargo::rustc-check-cfg=cfg(send_sync)");` to the top of the `build.rs`
2026-09-12T10:48:06.4003449Z      [1m[94m= [0m[1mnote[0m: see <https://doc.rust-lang.org/nightly/rustc/check-cfg/cargo-specifics.html> for more information about checking conditional configuration
2026-09-12T10:48:06.4004425Z 
2026-09-12T10:48:06.4004828Z [1m[33mwarning[0m[1m: unexpected `cfg` condition name: `send_sync`[0m
2026-09-12T10:48:06.4005543Z     [1m[94m--> [0mvendor/wgpu-0.20.1/src/lib.rs:1387:7
2026-09-12T10:48:06.4006046Z      [1m[94m|[0m
2026-09-12T10:48:06.4006462Z [1m[94m1387[0m [1m[94m|[0m #[cfg(send_sync)]
2026-09-12T10:48:06.4007155Z      [1m[94m|[0m       [1m[33m^^^^^^^^^[0m
2026-09-12T10:48:06.4007598Z      [1m[94m|[0m
2026-09-12T10:48:06.4008099Z      [1m[94m= [0m[1mhelp[0m: consider using a Cargo feature instead
2026-09-12T10:48:06.4009038Z      [1m[94m= [0m[1mhelp[0m: or consider adding in `Cargo.toml` the `check-cfg` lint config for the lint:
2026-09-12T10:48:06.4009763Z               [lints.rust]
2026-09-12T10:48:06.4010246Z               unexpected_cfgs = { level = "warn", check-cfg = ['cfg(send_sync)'] }
2026-09-12T10:48:06.4011413Z      [1m[94m= [0m[1mhelp[0m: or consider adding `println!("cargo::rustc-check-cfg=cfg(send_sync)");` to the top of the `build.rs`
2026-09-12T10:48:06.4012999Z      [1m[94m= [0m[1mnote[0m: see <https://doc.rust-lang.org/nightly/rustc/check-cfg/cargo-specifics.html> for more information about checking conditional configuration
2026-09-12T10:48:06.4013877Z 
2026-09-12T10:48:06.4014230Z [1m[33mwarning[0m[1m: unexpected `cfg` condition name: `send_sync`[0m
2026-09-12T10:48:06.4014875Z     [1m[94m--> [0mvendor/wgpu-0.20.1/src/lib.rs:1440:7
2026-09-12T10:48:06.4015370Z      [1m[94m|[0m
2026-09-12T10:48:06.4015801Z [1m[94m1440[0m [1m[94m|[0m #[cfg(send_sync)]
2026-09-12T10:48:06.4016341Z      [1m[94m|[0m       [1m[33m^^^^^^^^^[0m
2026-09-12T10:48:06.4016998Z      [1m[94m|[0m
2026-09-12T10:48:06.4017529Z      [1m[94m= [0m[1mhelp[0m: consider using a Cargo feature instead
2026-09-12T10:48:06.4018491Z      [1m[94m= [0m[1mhelp[0m: or consider adding in `Cargo.toml` the `check-cfg` lint config for the lint:
2026-09-12T10:48:06.4019269Z               [lints.rust]
2026-09-12T10:48:06.4019995Z               unexpected_cfgs = { level = "warn", check-cfg = ['cfg(send_sync)'] }
2026-09-12T10:48:06.4021294Z      [1m[94m= [0m[1mhelp[0m: or consider adding `println!("cargo::rustc-check-cfg=cfg(send_sync)");` to the top of the `build.rs`
2026-09-12T10:48:06.4022997Z      [1m[94m= [0m[1mnote[0m: see <https://doc.rust-lang.org/nightly/rustc/check-cfg/cargo-specifics.html> for more information about checking conditional configuration
2026-09-12T10:48:06.4023955Z 
2026-09-12T10:48:06.4024337Z [1m[33mwarning[0m[1m: unexpected `cfg` condition name: `send_sync`[0m
2026-09-12T10:48:06.4025047Z     [1m[94m--> [0mvendor/wgpu-0.20.1/src/lib.rs:1496:7
2026-09-12T10:48:06.4025559Z      [1m[94m|[0m
2026-09-12T10:48:06.4025998Z [1m[94m1496[0m [1m[94m|[0m #[cfg(send_sync)]
2026-09-12T10:48:06.4026518Z      [1m[94m|[0m       [1m[33m^^^^^^^^^[0m
2026-09-12T10:48:06.4027141Z      [1m[94m|[0m
2026-09-12T10:48:06.4027780Z      [1m[94m= [0m[1mhelp[0m: consider using a Cargo feature instead
2026-09-12T10:48:06.4028909Z      [1m[94m= [0m[1mhelp[0m: or consider adding in `Cargo.toml` the `check-cfg` lint config for the lint:
2026-09-12T10:48:06.4029861Z               [lints.rust]
2026-09-12T10:48:06.4030404Z               unexpected_cfgs = { level = "warn", check-cfg = ['cfg(send_sync)'] }
2026-09-12T10:48:06.4031716Z      [1m[94m= [0m[1mhelp[0m: or consider adding `println!("cargo::rustc-check-cfg=cfg(send_sync)");` to the top of the `build.rs`
2026-09-12T10:48:06.4033646Z      [1m[94m= [0m[1mnote[0m: see <https://doc.rust-lang.org/nightly/rustc/check-cfg/cargo-specifics.html> for more information about checking conditional configuration
2026-09-12T10:48:06.4034735Z 
2026-09-12T10:48:06.4035132Z [1m[33mwarning[0m[1m: unexpected `cfg` condition name: `send_sync`[0m
2026-09-12T10:48:06.4035966Z     [1m[94m--> [0mvendor/wgpu-0.20.1/src/lib.rs:1566:7
2026-09-12T10:48:06.4036475Z      [1m[94m|[0m
2026-09-12T10:48:06.4037104Z [1m[94m1566[0m [1m[94m|[0m #[cfg(send_sync)]
2026-09-12T10:48:06.4037663Z      [1m[94m|[0m       [1m[33m^^^^^^^^^[0m
2026-09-12T10:48:06.4038111Z      [1m[94m|[0m
2026-09-12T10:48:06.4038745Z      [1m[94m= [0m[1mhelp[0m: consider using a Cargo feature instead
2026-09-12T10:48:06.4039712Z      [1m[94m= [0m[1mhelp[0m: or consider adding in `Cargo.toml` the `check-cfg` lint config for the lint:
2026-09-12T10:48:06.4040516Z               [lints.rust]
2026-09-12T10:48:06.4041136Z               unexpected_cfgs = { level = "warn", check-cfg = ['cfg(send_sync)'] }
2026-09-12T10:48:06.4042632Z      [1m[94m= [0m[1mhelp[0m: or consider adding `println!("cargo::rustc-check-cfg=cfg(send_sync)");` to the top of the `build.rs`
2026-09-12T10:48:06.4044417Z      [1m[94m= [0m[1mnote[0m: see <https://doc.rust-lang.org/nightly/rustc/check-cfg/cargo-specifics.html> for more information about checking conditional configuration
2026-09-12T10:48:06.4045384Z 
2026-09-12T10:48:06.4045777Z [1m[33mwarning[0m[1m: unexpected `cfg` condition name: `send_sync`[0m
2026-09-12T10:48:06.4046506Z     [1m[94m--> [0mvendor/wgpu-0.20.1/src/lib.rs:1584:7
2026-09-12T10:48:06.4047221Z      [1m[94m|[0m
2026-09-12T10:48:06.4047698Z [1m[94m1584[0m [1m[94m|[0m #[cfg(send_sync)]
2026-09-12T10:48:06.4048260Z      [1m[94m|[0m       [1m[33m^^^^^^^^^[0m
2026-09-12T10:48:06.4048743Z      [1m[94m|[0m
2026-09-12T10:48:06.4049307Z      [1m[94m= [0m[1mhelp[0m: consider using a Cargo feature instead
2026-09-12T10:48:06.4050302Z      [1m[94m= [0m[1mhelp[0m: or consider adding in `Cargo.toml` the `check-cfg` lint config for the lint:
2026-09-12T10:48:06.4051051Z               [lints.rust]
2026-09-12T10:48:06.4051573Z               unexpected_cfgs = { level = "warn", check-cfg = ['cfg(send_sync)'] }
2026-09-12T10:48:06.4052866Z      [1m[94m= [0m[1mhelp[0m: or consider adding `println!("cargo::rustc-check-cfg=cfg(send_sync)");` to the top of the `build.rs`
2026-09-12T10:48:06.4054898Z      [1m[94m= [0m[1mnote[0m: see <https://doc.rust-lang.org/nightly/rustc/check-cfg/cargo-specifics.html> for more information about checking conditional configuration
2026-09-12T10:48:06.4055851Z 
2026-09-12T10:48:06.4056240Z [1m[33mwarning[0m[1m: unexpected `cfg` condition name: `send_sync`[0m
2026-09-12T10:48:06.4057140Z     [1m[94m--> [0mvendor/wgpu-0.20.1/src/lib.rs:1611:7
2026-09-12T10:48:06.4057646Z      [1m[94m|[0m
2026-09-12T10:48:06.4058069Z [1m[94m1611[0m [1m[94m|[0m #[cfg(send_sync)]
2026-09-12T10:48:06.4058593Z      [1m[94m|[0m       [1m[33m^^^^^^^^^[0m
2026-09-12T10:48:06.4059043Z      [1m[94m|[0m
2026-09-12T10:48:06.4059553Z      [1m[94m= [0m[1mhelp[0m: consider using a Cargo feature instead
2026-09-12T10:48:06.4060489Z      [1m[94m= [0m[1mhelp[0m: or consider adding in `Cargo.toml` the `check-cfg` lint config for the lint:
2026-09-12T10:48:06.4061192Z               [lints.rust]
2026-09-12T10:48:06.4061691Z               unexpected_cfgs = { level = "warn", check-cfg = ['cfg(send_sync)'] }
2026-09-12T10:48:06.4063045Z      [1m[94m= [0m[1mhelp[0m: or consider adding `println!("cargo::rustc-check-cfg=cfg(send_sync)");` to the top of the `build.rs`
2026-09-12T10:48:06.4064845Z      [1m[94m= [0m[1mnote[0m: see <https://doc.rust-lang.org/nightly/rustc/check-cfg/cargo-specifics.html> for more information about checking conditional configuration
2026-09-12T10:48:06.4065861Z 
2026-09-12T10:48:06.4066243Z [1m[33mwarning[0m[1m: unexpected `cfg` condition name: `send_sync`[0m
2026-09-12T10:48:06.4067410Z     [1m[94m--> [0mvendor/wgpu-0.20.1/src/lib.rs:1651:7
2026-09-12T10:48:06.4067914Z      [1m[94m|[0m
2026-09-12T10:48:06.4068359Z [1m[94m1651[0m [1m[94m|[0m #[cfg(send_sync)]
2026-09-12T10:48:06.4068921Z      [1m[94m|[0m       [1m[33m^^^^^^^^^[0m
2026-09-12T10:48:06.4069405Z      [1m[94m|[0m
2026-09-12T10:48:06.4069945Z      [1m[94m= [0m[1mhelp[0m: consider using a Cargo feature instead
2026-09-12T10:48:06.4070959Z      [1m[94m= [0m[1mhelp[0m: or consider adding in `Cargo.toml` the `check-cfg` lint config for the lint:
2026-09-12T10:48:06.4071709Z               [lints.rust]
2026-09-12T10:48:06.4072283Z               unexpected_cfgs = { level = "warn", check-cfg = ['cfg(send_sync)'] }
2026-09-12T10:48:06.4073532Z      [1m[94m= [0m[1mhelp[0m: or consider adding `println!("cargo::rustc-check-cfg=cfg(send_sync)");` to the top of the `build.rs`
2026-09-12T10:48:06.4075413Z      [1m[94m= [0m[1mnote[0m: see <https://doc.rust-lang.org/nightly/rustc/check-cfg/cargo-specifics.html> for more information about checking conditional configuration
2026-09-12T10:48:06.4076420Z 
2026-09-12T10:48:06.4076976Z [1m[33mwarning[0m[1m: unexpected `cfg` condition name: `send_sync`[0m
2026-09-12T10:48:06.4077700Z     [1m[94m--> [0mvendor/wgpu-0.20.1/src/lib.rs:1674:7
2026-09-12T10:48:06.4078217Z      [1m[94m|[0m
2026-09-12T10:48:06.4078645Z [1m[94m1674[0m [1m[94m|[0m #[cfg(send_sync)]
2026-09-12T10:48:06.4079198Z      [1m[94m|[0m       [1m[33m^^^^^^^^^[0m
2026-09-12T10:48:06.4104362Z      [1m[94m|[0m
2026-09-12T10:48:06.4105071Z      [1m[94m= [0m[1mhelp[0m: consider using a Cargo feature instead
2026-09-12T10:48:06.4105997Z      [1m[94m= [0m[1mhelp[0m: or consider adding in `Cargo.toml` the `check-cfg` lint config for the lint:
2026-09-12T10:48:06.4106681Z               [lints.rust]
2026-09-12T10:48:06.4107399Z               unexpected_cfgs = { level = "warn", check-cfg = ['cfg(send_sync)'] }
2026-09-12T10:48:06.4108674Z      [1m[94m= [0m[1mhelp[0m: or consider adding `println!("cargo::rustc-check-cfg=cfg(send_sync)");` to the top of the `build.rs`
2026-09-12T10:48:06.4110454Z      [1m[94m= [0m[1mnote[0m: see <https://doc.rust-lang.org/nightly/rustc/check-cfg/cargo-specifics.html> for more information about checking conditional configuration
2026-09-12T10:48:06.4111459Z 
2026-09-12T10:48:06.4111887Z [1m[33mwarning[0m[1m: unexpected `cfg` condition name: `send_sync`[0m
2026-09-12T10:48:06.4112636Z     [1m[94m--> [0mvendor/wgpu-0.20.1/src/lib.rs:1703:7
2026-09-12T10:48:06.4113397Z      [1m[94m|[0m
2026-09-12T10:48:06.4113823Z [1m[94m1703[0m [1m[94m|[0m #[cfg(send_sync)]
2026-09-12T10:48:06.4114347Z      [1m[94m|[0m       [1m[33m^^^^^^^^^[0m
2026-09-12T10:48:06.4114801Z      [1m[94m|[0m
2026-09-12T10:48:06.4115306Z      [1m[94m= [0m[1mhelp[0m: consider using a Cargo feature instead
2026-09-12T10:48:06.4116297Z      [1m[94m= [0m[1mhelp[0m: or consider adding in `Cargo.toml` the `check-cfg` lint config for the lint:
2026-09-12T10:48:06.4117202Z               [lints.rust]
2026-09-12T10:48:06.4117737Z               unexpected_cfgs = { level = "warn", check-cfg = ['cfg(send_sync)'] }
2026-09-12T10:48:06.4119040Z      [1m[94m= [0m[1mhelp[0m: or consider adding `println!("cargo::rustc-check-cfg=cfg(send_sync)");` to the top of the `build.rs`
2026-09-12T10:48:06.4120808Z      [1m[94m= [0m[1mnote[0m: see <https://doc.rust-lang.org/nightly/rustc/check-cfg/cargo-specifics.html> for more information about checking conditional configuration
2026-09-12T10:48:06.4121786Z 
2026-09-12T10:48:06.4122195Z [1m[33mwarning[0m[1m: unexpected `cfg` condition name: `send_sync`[0m
2026-09-12T10:48:06.4122935Z     [1m[94m--> [0mvendor/wgpu-0.20.1/src/lib.rs:1722:7
2026-09-12T10:48:06.4123486Z      [1m[94m|[0m
2026-09-12T10:48:06.4123936Z [1m[94m1722[0m [1m[94m|[0m #[cfg(send_sync)]
2026-09-12T10:48:06.4124488Z      [1m[94m|[0m       [1m[33m^^^^^^^^^[0m
2026-09-12T10:48:06.4124962Z      [1m[94m|[0m
2026-09-12T10:48:06.4125703Z      [1m[94m= [0m[1mhelp[0m: consider using a Cargo feature instead
2026-09-12T10:48:06.4127287Z      [1m[94m= [0m[1mhelp[0m: or consider adding in `Cargo.toml` the `check-cfg` lint config for the lint:
2026-09-12T10:48:06.4128067Z               [lints.rust]
2026-09-12T10:48:06.4128618Z               unexpected_cfgs = { level = "warn", check-cfg = ['cfg(send_sync)'] }
2026-09-12T10:48:06.4129963Z      [1m[94m= [0m[1mhelp[0m: or consider adding `println!("cargo::rustc-check-cfg=cfg(send_sync)");` to the top of the `build.rs`
2026-09-12T10:48:06.4131701Z      [1m[94m= [0m[1mnote[0m: see <https://doc.rust-lang.org/nightly/rustc/check-cfg/cargo-specifics.html> for more information about checking conditional configuration
2026-09-12T10:48:06.4132697Z 
2026-09-12T10:48:06.4133092Z [1m[33mwarning[0m[1m: unexpected `cfg` condition name: `send_sync`[0m
2026-09-12T10:48:06.4133858Z     [1m[94m--> [0mvendor/wgpu-0.20.1/src/lib.rs:1740:7
2026-09-12T10:48:06.4134385Z      [1m[94m|[0m
2026-09-12T10:48:06.4134835Z [1m[94m1740[0m [1m[94m|[0m #[cfg(send_sync)]
2026-09-12T10:48:06.4135411Z      [1m[94m|[0m       [1m[33m^^^^^^^^^[0m
2026-09-12T10:48:06.4135897Z      [1m[94m|[0m
2026-09-12T10:48:06.4136434Z      [1m[94m= [0m[1mhelp[0m: consider using a Cargo feature instead
2026-09-12T10:48:06.4137539Z      [1m[94m= [0m[1mhelp[0m: or consider adding in `Cargo.toml` the `check-cfg` lint config for the lint:
2026-09-12T10:48:06.4138194Z               [lints.rust]
2026-09-12T10:48:06.4138749Z               unexpected_cfgs = { level = "warn", check-cfg = ['cfg(send_sync)'] }
2026-09-12T10:48:06.4140085Z      [1m[94m= [0m[1mhelp[0m: or consider adding `println!("cargo::rustc-check-cfg=cfg(send_sync)");` to the top of the `build.rs`
2026-09-12T10:48:06.4141854Z      [1m[94m= [0m[1mnote[0m: see <https://doc.rust-lang.org/nightly/rustc/check-cfg/cargo-specifics.html> for more information about checking conditional configuration
2026-09-12T10:48:06.4142880Z 
2026-09-12T10:48:06.4143277Z [1m[33mwarning[0m[1m: unexpected `cfg` condition name: `send_sync`[0m
2026-09-12T10:48:06.4144001Z     [1m[94m--> [0mvendor/wgpu-0.20.1/src/lib.rs:1800:7
2026-09-12T10:48:06.4144520Z      [1m[94m|[0m
2026-09-12T10:48:06.4144949Z [1m[94m1800[0m [1m[94m|[0m #[cfg(send_sync)]
2026-09-12T10:48:06.4145493Z      [1m[94m|[0m       [1m[33m^^^^^^^^^[0m
2026-09-12T10:48:06.4145951Z      [1m[94m|[0m
2026-09-12T10:48:06.4146468Z      [1m[94m= [0m[1mhelp[0m: consider using a Cargo feature instead
2026-09-12T10:48:06.4147793Z      [1m[94m= [0m[1mhelp[0m: or consider adding in `Cargo.toml` the `check-cfg` lint config for the lint:
2026-09-12T10:48:06.4148529Z               [lints.rust]
2026-09-12T10:48:06.4149047Z               unexpected_cfgs = { level = "warn", check-cfg = ['cfg(send_sync)'] }
2026-09-12T10:48:06.4150280Z      [1m[94m= [0m[1mhelp[0m: or consider adding `println!("cargo::rustc-check-cfg=cfg(send_sync)");` to the top of the `build.rs`
2026-09-12T10:48:06.4151978Z      [1m[94m= [0m[1mnote[0m: see <https://doc.rust-lang.org/nightly/rustc/check-cfg/cargo-specifics.html> for more information about checking conditional configuration
2026-09-12T10:48:06.4152941Z 
2026-09-12T10:48:06.4153339Z [1m[33mwarning[0m[1m: unexpected `cfg` condition name: `send_sync`[0m
2026-09-12T10:48:06.4154067Z     [1m[94m--> [0mvendor/wgpu-0.20.1/src/lib.rs:1809:7
2026-09-12T10:48:06.4154571Z      [1m[94m|[0m
2026-09-12T10:48:06.4155025Z [1m[94m1809[0m [1m[94m|[0m #[cfg(send_sync)]
2026-09-12T10:48:06.4155582Z      [1m[94m|[0m       [1m[33m^^^^^^^^^[0m
2026-09-12T10:48:06.4156035Z      [1m[94m|[0m
2026-09-12T10:48:06.4156543Z      [1m[94m= [0m[1mhelp[0m: consider using a Cargo feature instead
2026-09-12T10:48:06.4157645Z      [1m[94m= [0m[1mhelp[0m: or consider adding in `Cargo.toml` the `check-cfg` lint config for the lint:
2026-09-12T10:48:06.4158365Z               [lints.rust]
2026-09-12T10:48:06.4158849Z               unexpected_cfgs = { level = "warn", check-cfg = ['cfg(send_sync)'] }
2026-09-12T10:48:06.4160351Z      [1m[94m= [0m[1mhelp[0m: or consider adding `println!("cargo::rustc-check-cfg=cfg(send_sync)");` to the top of the `build.rs`
2026-09-12T10:48:06.4162093Z      [1m[94m= [0m[1mnote[0m: see <https://doc.rust-lang.org/nightly/rustc/check-cfg/cargo-specifics.html> for more information about checking conditional configuration
2026-09-12T10:48:06.4163019Z 
2026-09-12T10:48:06.4163420Z [1m[33mwarning[0m[1m: unexpected `cfg` condition name: `send_sync`[0m
2026-09-12T10:48:06.4164052Z     [1m[94m--> [0mvendor/wgpu-0.20.1/src/lib.rs:1818:7
2026-09-12T10:48:06.4164390Z      [1m[94m|[0m
2026-09-12T10:48:06.4164677Z [1m[94m1818[0m [1m[94m|[0m #[cfg(send_sync)]
2026-09-12T10:48:06.4165016Z      [1m[94m|[0m       [1m[33m^^^^^^^^^[0m
2026-09-12T10:48:06.4165316Z      [1m[94m|[0m
2026-09-12T10:48:06.4165656Z      [1m[94m= [0m[1mhelp[0m: consider using a Cargo feature instead
2026-09-12T10:48:06.4166255Z      [1m[94m= [0m[1mhelp[0m: or consider adding in `Cargo.toml` the `check-cfg` lint config for the lint:
2026-09-12T10:48:06.4166965Z               [lints.rust]
2026-09-12T10:48:06.4167325Z               unexpected_cfgs = { level = "warn", check-cfg = ['cfg(send_sync)'] }
2026-09-12T10:48:06.4168134Z      [1m[94m= [0m[1mhelp[0m: or consider adding `println!("cargo::rustc-check-cfg=cfg(send_sync)");` to the top of the `build.rs`
2026-09-12T10:48:06.4169173Z      [1m[94m= [0m[1mnote[0m: see <https://doc.rust-lang.org/nightly/rustc/check-cfg/cargo-specifics.html> for more information about checking conditional configuration
2026-09-12T10:48:06.4169741Z 
2026-09-12T10:48:06.4169985Z [1m[33mwarning[0m[1m: unexpected `cfg` condition name: `send_sync`[0m
2026-09-12T10:48:06.4170447Z     [1m[94m--> [0mvendor/wgpu-0.20.1/src/lib.rs:1828:7
2026-09-12T10:48:06.4170767Z      [1m[94m|[0m
2026-09-12T10:48:06.4171050Z [1m[94m1828[0m [1m[94m|[0m #[cfg(send_sync)]
2026-09-12T10:48:06.4171403Z      [1m[94m|[0m       [1m[33m^^^^^^^^^[0m
2026-09-12T10:48:06.4171698Z      [1m[94m|[0m
2026-09-12T10:48:06.4172020Z      [1m[94m= [0m[1mhelp[0m: consider using a Cargo feature instead
2026-09-12T10:48:06.4172592Z      [1m[94m= [0m[1mhelp[0m: or consider adding in `Cargo.toml` the `check-cfg` lint config for the lint:
2026-09-12T10:48:06.4173027Z               [lints.rust]
2026-09-12T10:48:06.4173365Z               unexpected_cfgs = { level = "warn", check-cfg = ['cfg(send_sync)'] }
2026-09-12T10:48:06.4174306Z      [1m[94m= [0m[1mhelp[0m: or consider adding `println!("cargo::rustc-check-cfg=cfg(send_sync)");` to the top of the `build.rs`
2026-09-12T10:48:06.4175799Z      [1m[94m= [0m[1mnote[0m: see <https://doc.rust-lang.org/nightly/rustc/check-cfg/cargo-specifics.html> for more information about checking conditional configuration
2026-09-12T10:48:06.4176962Z 
2026-09-12T10:48:06.4177386Z [1m[33mwarning[0m[1m: unexpected `cfg` condition name: `send_sync`[0m
2026-09-12T10:48:06.4178191Z     [1m[94m--> [0mvendor/wgpu-0.20.1/src/lib.rs:1887:7
2026-09-12T10:48:06.4178753Z      [1m[94m|[0m
2026-09-12T10:48:06.4179215Z [1m[94m1887[0m [1m[94m|[0m #[cfg(send_sync)]
2026-09-12T10:48:06.4179782Z      [1m[94m|[0m       [1m[33m^^^^^^^^^[0m
2026-09-12T10:48:06.4180235Z      [1m[94m|[0m
2026-09-12T10:48:06.4180747Z      [1m[94m= [0m[1mhelp[0m: consider using a Cargo feature instead
2026-09-12T10:48:06.4181685Z      [1m[94m= [0m[1mhelp[0m: or consider adding in `Cargo.toml` the `check-cfg` lint config for the lint:
2026-09-12T10:48:06.4182399Z               [lints.rust]
2026-09-12T10:48:06.4182932Z               unexpected_cfgs = { level = "warn", check-cfg = ['cfg(send_sync)'] }
2026-09-12T10:48:06.4184175Z      [1m[94m= [0m[1mhelp[0m: or consider adding `println!("cargo::rustc-check-cfg=cfg(send_sync)");` to the top of the `build.rs`
2026-09-12T10:48:06.4185774Z      [1m[94m= [0m[1mnote[0m: see <https://doc.rust-lang.org/nightly/rustc/check-cfg/cargo-specifics.html> for more information about checking conditional configuration
2026-09-12T10:48:06.4186538Z 
2026-09-12T10:48:06.4187054Z [1m[33mwarning[0m[1m: unexpected `cfg` condition name: `send_sync`[0m
2026-09-12T10:48:06.4187791Z     [1m[94m--> [0mvendor/wgpu-0.20.1/src/lib.rs:2979:7
2026-09-12T10:48:06.4188288Z      [1m[94m|[0m
2026-09-12T10:48:06.4188736Z [1m[94m2979[0m [1m[94m|[0m #[cfg(send_sync)]
2026-09-12T10:48:06.4189280Z      [1m[94m|[0m       [1m[33m^^^^^^^^^[0m
2026-09-12T10:48:06.4189736Z      [1m[94m|[0m
2026-09-12T10:48:06.4190072Z      [1m[94m= [0m[1mhelp[0m: consider using a Cargo feature instead
2026-09-12T10:48:06.4190670Z      [1m[94m= [0m[1mhelp[0m: or consider adding in `Cargo.toml` the `check-cfg` lint config for the lint:
2026-09-12T10:48:06.4191121Z               [lints.rust]
2026-09-12T10:48:06.4191457Z               unexpected_cfgs = { level = "warn", check-cfg = ['cfg(send_sync)'] }
2026-09-12T10:48:06.4192242Z      [1m[94m= [0m[1mhelp[0m: or consider adding `println!("cargo::rustc-check-cfg=cfg(send_sync)");` to the top of the `build.rs`
2026-09-12T10:48:06.4193286Z      [1m[94m= [0m[1mnote[0m: see <https://doc.rust-lang.org/nightly/rustc/check-cfg/cargo-specifics.html> for more information about checking conditional configuration
2026-09-12T10:48:06.4194022Z 
2026-09-12T10:48:06.4194277Z [1m[33mwarning[0m[1m: unexpected `cfg` condition name: `send_sync`[0m
2026-09-12T10:48:06.4194748Z     [1m[94m--> [0mvendor/wgpu-0.20.1/src/lib.rs:2981:7
2026-09-12T10:48:06.4195081Z      [1m[94m|[0m
2026-09-12T10:48:06.4195364Z [1m[94m2981[0m [1m[94m|[0m #[cfg(send_sync)]
2026-09-12T10:48:06.4195701Z      [1m[94m|[0m       [1m[33m^^^^^^^^^[0m
2026-09-12T10:48:06.4196017Z      [1m[94m|[0m
2026-09-12T10:48:06.4196342Z      [1m[94m= [0m[1mhelp[0m: consider using a Cargo feature instead
2026-09-12T10:48:06.4197060Z      [1m[94m= [0m[1mhelp[0m: or consider adding in `Cargo.toml` the `check-cfg` lint config for the lint:
2026-09-12T10:48:06.4197516Z               [lints.rust]
2026-09-12T10:48:06.4197858Z               unexpected_cfgs = { level = "warn", check-cfg = ['cfg(send_sync)'] }
2026-09-12T10:48:06.4198624Z      [1m[94m= [0m[1mhelp[0m: or consider adding `println!("cargo::rustc-check-cfg=cfg(send_sync)");` to the top of the `build.rs`
2026-09-12T10:48:06.4199663Z      [1m[94m= [0m[1mnote[0m: see <https://doc.rust-lang.org/nightly/rustc/check-cfg/cargo-specifics.html> for more information about checking conditional configuration
2026-09-12T10:48:06.4200401Z 
2026-09-12T10:48:06.4200647Z [1m[33mwarning[0m[1m: unexpected `cfg` condition name: `send_sync`[0m
2026-09-12T10:48:06.4201116Z     [1m[94m--> [0mvendor/wgpu-0.20.1/src/lib.rs:2984:7
2026-09-12T10:48:06.4201440Z      [1m[94m|[0m
2026-09-12T10:48:06.4201726Z [1m[94m2984[0m [1m[94m|[0m #[cfg(send_sync)]
2026-09-12T10:48:06.4202139Z      [1m[94m|[0m       [1m[33m^^^^^^^^^[0m
2026-09-12T10:48:06.4202548Z      [1m[94m|[0m
2026-09-12T10:48:06.4202885Z      [1m[94m= [0m[1mhelp[0m: consider using a Cargo feature instead
2026-09-12T10:48:06.4203474Z      [1m[94m= [0m[1mhelp[0m: or consider adding in `Cargo.toml` the `check-cfg` lint config for the lint:
2026-09-12T10:48:06.4203929Z               [lints.rust]
2026-09-12T10:48:06.4204268Z               unexpected_cfgs = { level = "warn", check-cfg = ['cfg(send_sync)'] }
2026-09-12T10:48:06.4205038Z      [1m[94m= [0m[1mhelp[0m: or consider adding `println!("cargo::rustc-check-cfg=cfg(send_sync)");` to the top of the `build.rs`
2026-09-12T10:48:06.4206078Z      [1m[94m= [0m[1mnote[0m: see <https://doc.rust-lang.org/nightly/rustc/check-cfg/cargo-specifics.html> for more information about checking conditional configuration
2026-09-12T10:48:06.4206635Z 
2026-09-12T10:48:06.4207006Z [1m[33mwarning[0m[1m: unexpected `cfg` condition name: `wgpu_core`[0m
2026-09-12T10:48:06.4207471Z     [1m[94m--> [0mvendor/wgpu-0.20.1/src/lib.rs:3016:7
2026-09-12T10:48:06.4207793Z      [1m[94m|[0m
2026-09-12T10:48:06.4208232Z [1m[94m3016[0m [1m[94m|[0m #[cfg(wgpu_core)]
2026-09-12T10:48:06.4208581Z      [1m[94m|[0m       [1m[33m^^^^^^^^^[0m
2026-09-12T10:48:06.4208881Z      [1m[94m|[0m
2026-09-12T10:48:06.4209212Z      [1m[94m= [0m[1mhelp[0m: consider using a Cargo feature instead
2026-09-12T10:48:06.4209808Z      [1m[94m= [0m[1mhelp[0m: or consider adding in `Cargo.toml` the `check-cfg` lint config for the lint:
2026-09-12T10:48:06.4210281Z               [lints.rust]
2026-09-12T10:48:06.4210635Z               unexpected_cfgs = { level = "warn", check-cfg = ['cfg(wgpu_core)'] }
2026-09-12T10:48:06.4211428Z      [1m[94m= [0m[1mhelp[0m: or consider adding `println!("cargo::rustc-check-cfg=cfg(wgpu_core)");` to the top of the `build.rs`
2026-09-12T10:48:06.4212483Z      [1m[94m= [0m[1mnote[0m: see <https://doc.rust-lang.org/nightly/rustc/check-cfg/cargo-specifics.html> for more information about checking conditional configuration
2026-09-12T10:48:06.4213061Z 
2026-09-12T10:48:06.4213301Z [1m[33mwarning[0m[1m: unexpected `cfg` condition name: `wgpu_core`[0m
2026-09-12T10:48:06.4213763Z     [1m[94m--> [0mvendor/wgpu-0.20.1/src/lib.rs:3069:7
2026-09-12T10:48:06.4214082Z      [1m[94m|[0m
2026-09-12T10:48:06.4214362Z [1m[94m3069[0m [1m[94m|[0m #[cfg(wgpu_core)]
2026-09-12T10:48:06.4214701Z      [1m[94m|[0m       [1m[33m^^^^^^^^^[0m
2026-09-12T10:48:06.4214993Z      [1m[94m|[0m
2026-09-12T10:48:06.4215329Z      [1m[94m= [0m[1mhelp[0m: consider using a Cargo feature instead
2026-09-12T10:48:06.4215914Z      [1m[94m= [0m[1mhelp[0m: or consider adding in `Cargo.toml` the `check-cfg` lint config for the lint:
2026-09-12T10:48:06.4216474Z               [lints.rust]
2026-09-12T10:48:06.4217117Z               unexpected_cfgs = { level = "warn", check-cfg = ['cfg(wgpu_core)'] }
2026-09-12T10:48:06.4218153Z      [1m[94m= [0m[1mhelp[0m: or consider adding `println!("cargo::rustc-check-cfg=cfg(wgpu_core)");` to the top of the `build.rs`
2026-09-12T10:48:06.4219210Z      [1m[94m= [0m[1mnote[0m: see <https://doc.rust-lang.org/nightly/rustc/check-cfg/cargo-specifics.html> for more information about checking conditional configuration
2026-09-12T10:48:06.4219791Z 
2026-09-12T10:48:06.4220040Z [1m[33mwarning[0m[1m: unexpected `cfg` condition name: `send_sync`[0m
2026-09-12T10:48:06.4220504Z     [1m[94m--> [0mvendor/wgpu-0.20.1/src/lib.rs:4814:7
2026-09-12T10:48:06.4220830Z      [1m[94m|[0m
2026-09-12T10:48:06.4221271Z [1m[94m4814[0m [1m[94m|[0m #[cfg(send_sync)]
2026-09-12T10:48:06.4221630Z      [1m[94m|[0m       [1m[33m^^^^^^^^^[0m
2026-09-12T10:48:06.4221931Z      [1m[94m|[0m
2026-09-12T10:48:06.4222262Z      [1m[94m= [0m[1mhelp[0m: consider using a Cargo feature instead
2026-09-12T10:48:06.4222852Z      [1m[94m= [0m[1mhelp[0m: or consider adding in `Cargo.toml` the `check-cfg` lint config for the lint:
2026-09-12T10:48:06.4223305Z               [lints.rust]
2026-09-12T10:48:06.4223641Z               unexpected_cfgs = { level = "warn", check-cfg = ['cfg(send_sync)'] }
2026-09-12T10:48:06.4224404Z      [1m[94m= [0m[1mhelp[0m: or consider adding `println!("cargo::rustc-check-cfg=cfg(send_sync)");` to the top of the `build.rs`
2026-09-12T10:48:06.4225431Z      [1m[94m= [0m[1mnote[0m: see <https://doc.rust-lang.org/nightly/rustc/check-cfg/cargo-specifics.html> for more information about checking conditional configuration
2026-09-12T10:48:06.4226066Z 
2026-09-12T10:48:06.4226310Z [1m[33mwarning[0m[1m: unexpected `cfg` condition name: `send_sync`[0m
2026-09-12T10:48:06.4226994Z     [1m[94m--> [0mvendor/wgpu-0.20.1/src/lib.rs:5505:7
2026-09-12T10:48:06.4227329Z      [1m[94m|[0m
2026-09-12T10:48:06.4227615Z [1m[94m5505[0m [1m[94m|[0m #[cfg(send_sync)]
2026-09-12T10:48:06.4227957Z      [1m[94m|[0m       [1m[33m^^^^^^^^^[0m
2026-09-12T10:48:06.4228254Z      [1m[94m|[0m
2026-09-12T10:48:06.4228582Z      [1m[94m= [0m[1mhelp[0m: consider using a Cargo feature instead
2026-09-12T10:48:06.4229305Z      [1m[94m= [0m[1mhelp[0m: or consider adding in `Cargo.toml` the `check-cfg` lint config for the lint:
2026-09-12T10:48:06.4229742Z               [lints.rust]
2026-09-12T10:48:06.4230069Z               unexpected_cfgs = { level = "warn", check-cfg = ['cfg(send_sync)'] }
2026-09-12T10:48:06.4230814Z      [1m[94m= [0m[1mhelp[0m: or consider adding `println!("cargo::rustc-check-cfg=cfg(send_sync)");` to the top of the `build.rs`
2026-09-12T10:48:06.4231838Z      [1m[94m= [0m[1mnote[0m: see <https://doc.rust-lang.org/nightly/rustc/check-cfg/cargo-specifics.html> for more information about checking conditional configuration
2026-09-12T10:48:06.4232393Z 
2026-09-12T10:48:06.4232634Z [1m[33mwarning[0m[1m: unexpected `cfg` condition name: `wgpu_core`[0m
2026-09-12T10:48:06.4233083Z     [1m[94m--> [0mvendor/wgpu-0.20.1/src/lib.rs:2969:11
2026-09-12T10:48:06.4233420Z      [1m[94m|[0m
2026-09-12T10:48:06.4233717Z [1m[94m2969[0m [1m[94m|[0m     #[cfg(wgpu_core)]
2026-09-12T10:48:06.4234088Z      [1m[94m|[0m           [1m[33m^^^^^^^^^[0m
2026-09-12T10:48:06.4234390Z      [1m[94m|[0m
2026-09-12T10:48:06.4234721Z      [1m[94m= [0m[1mhelp[0m: consider using a Cargo feature instead
2026-09-12T10:48:06.4235289Z      [1m[94m= [0m[1mhelp[0m: or consider adding in `Cargo.toml` the `check-cfg` lint config for the lint:
2026-09-12T10:48:06.4235726Z               [lints.rust]
2026-09-12T10:48:06.4236050Z               unexpected_cfgs = { level = "warn", check-cfg = ['cfg(wgpu_core)'] }
2026-09-12T10:48:06.4236987Z      [1m[94m= [0m[1mhelp[0m: or consider adding `println!("cargo::rustc-check-cfg=cfg(wgpu_core)");` to the top of the `build.rs`
2026-09-12T10:48:06.4238065Z      [1m[94m= [0m[1mnote[0m: see <https://doc.rust-lang.org/nightly/rustc/check-cfg/cargo-specifics.html> for more information about checking conditional configuration
2026-09-12T10:48:06.4238630Z 
2026-09-12T10:48:06.4238865Z [1m[33mwarning[0m[1m: unexpected `cfg` condition name: `webgpu`[0m
2026-09-12T10:48:06.4239325Z     [1m[94m--> [0mvendor/wgpu-0.20.1/src/lib.rs:2975:11
2026-09-12T10:48:06.4239644Z      [1m[94m|[0m
2026-09-12T10:48:06.4239919Z [1m[94m2975[0m [1m[94m|[0m     #[cfg(webgpu)]
2026-09-12T10:48:06.4240479Z      [1m[94m|[0m           [1m[33m^^^^^^[0m [1m[33mhelp: found config with similar value: `feature = "webgpu"`[0m
2026-09-12T10:48:06.4240950Z      [1m[94m|[0m
2026-09-12T10:48:06.4241272Z      [1m[94m= [0m[1mhelp[0m: consider using a Cargo feature instead
2026-09-12T10:48:06.4242258Z      [1m[94m= [0m[1mhelp[0m: or consider adding in `Cargo.toml` the `check-cfg` lint config for the lint:
2026-09-12T10:48:06.4242980Z               [lints.rust]
2026-09-12T10:48:06.4243488Z               unexpected_cfgs = { level = "warn", check-cfg = ['cfg(webgpu)'] }
2026-09-12T10:48:06.4244731Z      [1m[94m= [0m[1mhelp[0m: or consider adding `println!("cargo::rustc-check-cfg=cfg(webgpu)");` to the top of the `build.rs`
2026-09-12T10:48:06.4246605Z      [1m[94m= [0m[1mnote[0m: see <https://doc.rust-lang.org/nightly/rustc/check-cfg/cargo-specifics.html> for more information about checking conditional configuration
2026-09-12T10:48:06.4247721Z 
2026-09-12T10:48:06.4248164Z [1m[33mwarning[0m[1m: unexpected `cfg` condition name: `wgpu_core`[0m
2026-09-12T10:48:06.4248954Z     [1m[94m--> [0mvendor/wgpu-0.20.1/src/lib.rs:3034:11
2026-09-12T10:48:06.4249509Z      [1m[94m|[0m
2026-09-12T10:48:06.4249955Z [1m[94m3034[0m [1m[94m|[0m     #[cfg(wgpu_core)]
2026-09-12T10:48:06.4250733Z      [1m[94m|[0m           [1m[33m^^^^^^^^^[0m
2026-09-12T10:48:06.4251228Z      [1m[94m|[0m
2026-09-12T10:48:06.4251818Z      [1m[94m= [0m[1mhelp[0m: consider using a Cargo feature instead
2026-09-12T10:48:06.4252766Z      [1m[94m= [0m[1mhelp[0m: or consider adding in `Cargo.toml` the `check-cfg` lint config for the lint:
2026-09-12T10:48:06.4253330Z               [lints.rust]
2026-09-12T10:48:06.4253674Z               unexpected_cfgs = { level = "warn", check-cfg = ['cfg(wgpu_core)'] }
2026-09-12T10:48:06.4254681Z      [1m[94m= [0m[1mhelp[0m: or consider adding `println!("cargo::rustc-check-cfg=cfg(wgpu_core)");` to the top of the `build.rs`
2026-09-12T10:48:06.4255820Z      [1m[94m= [0m[1mnote[0m: see <https://doc.rust-lang.org/nightly/rustc/check-cfg/cargo-specifics.html> for more information about checking conditional configuration
2026-09-12T10:48:06.4256398Z 
2026-09-12T10:48:06.4256647Z [1m[33mwarning[0m[1m: unexpected `cfg` condition name: `send_sync`[0m
2026-09-12T10:48:06.4257357Z     [1m[94m--> [0mvendor/wgpu-0.20.1/src/lib.rs:5468:15
2026-09-12T10:48:06.4257685Z      [1m[94m|[0m
2026-09-12T10:48:06.4257983Z [1m[94m5468[0m [1m[94m|[0m         #[cfg(send_sync)]
2026-09-12T10:48:06.4258358Z      [1m[94m|[0m               [1m[33m^^^^^^^^^[0m
2026-09-12T10:48:06.4258666Z      [1m[94m|[0m
2026-09-12T10:48:06.4258993Z      [1m[94m= [0m[1mhelp[0m: consider using a Cargo feature instead
2026-09-12T10:48:06.4259577Z      [1m[94m= [0m[1mhelp[0m: or consider adding in `Cargo.toml` the `check-cfg` lint config for the lint:
2026-09-12T10:48:06.4260024Z               [lints.rust]
2026-09-12T10:48:06.4260354Z               unexpected_cfgs = { level = "warn", check-cfg = ['cfg(send_sync)'] }
2026-09-12T10:48:06.4261124Z      [1m[94m= [0m[1mhelp[0m: or consider adding `println!("cargo::rustc-check-cfg=cfg(send_sync)");` to the top of the `build.rs`
2026-09-12T10:48:06.4262159Z      [1m[94m= [0m[1mnote[0m: see <https://doc.rust-lang.org/nightly/rustc/check-cfg/cargo-specifics.html> for more information about checking conditional configuration
2026-09-12T10:48:06.4262731Z 
2026-09-12T10:48:06.4262966Z [1m[33mwarning[0m[1m: unexpected `cfg` condition name: `send_sync`[0m
2026-09-12T10:48:06.4263413Z     [1m[94m--> [0mvendor/wgpu-0.20.1/src/lib.rs:5472:19
2026-09-12T10:48:06.4263726Z      [1m[94m|[0m
2026-09-12T10:48:06.4264040Z [1m[94m5472[0m [1m[94m|[0m         #[cfg(not(send_sync))]
2026-09-12T10:48:06.4264448Z      [1m[94m|[0m                   [1m[33m^^^^^^^^^[0m
2026-09-12T10:48:06.4264766Z      [1m[94m|[0m
2026-09-12T10:48:06.4265085Z      [1m[94m= [0m[1mhelp[0m: consider using a Cargo feature instead
2026-09-12T10:48:06.4265658Z      [1m[94m= [0m[1mhelp[0m: or consider adding in `Cargo.toml` the `check-cfg` lint config for the lint:
2026-09-12T10:48:06.4266095Z               [lints.rust]
2026-09-12T10:48:06.4266426Z               unexpected_cfgs = { level = "warn", check-cfg = ['cfg(send_sync)'] }
2026-09-12T10:48:06.4267968Z      [1m[94m= [0m[1mhelp[0m: or consider adding `println!("cargo::rustc-check-cfg=cfg(send_sync)");` to the top of the `build.rs`
2026-09-12T10:48:06.4269104Z      [1m[94m= [0m[1mnote[0m: see <https://doc.rust-lang.org/nightly/rustc/check-cfg/cargo-specifics.html> for more information about checking conditional configuration
2026-09-12T10:48:06.4269679Z 
2026-09-12T10:48:06.4269920Z [1m[33mwarning[0m[1m: unexpected `cfg` condition name: `send_sync`[0m
2026-09-12T10:48:06.4270361Z     [1m[94m--> [0mvendor/wgpu-0.20.1/src/lib.rs:5479:15
2026-09-12T10:48:06.4270675Z      [1m[94m|[0m
2026-09-12T10:48:06.4270960Z [1m[94m5479[0m [1m[94m|[0m         #[cfg(send_sync)]
2026-09-12T10:48:06.4271326Z      [1m[94m|[0m               [1m[33m^^^^^^^^^[0m
2026-09-12T10:48:06.4271630Z      [1m[94m|[0m
2026-09-12T10:48:06.4271949Z      [1m[94m= [0m[1mhelp[0m: consider using a Cargo feature instead
2026-09-12T10:48:06.4272519Z      [1m[94m= [0m[1mhelp[0m: or consider adding in `Cargo.toml` the `check-cfg` lint config for the lint:
2026-09-12T10:48:06.4272962Z               [lints.rust]
2026-09-12T10:48:06.4273286Z               unexpected_cfgs = { level = "warn", check-cfg = ['cfg(send_sync)'] }
2026-09-12T10:48:06.4274042Z      [1m[94m= [0m[1mhelp[0m: or consider adding `println!("cargo::rustc-check-cfg=cfg(send_sync)");` to the top of the `build.rs`
2026-09-12T10:48:06.4275064Z      [1m[94m= [0m[1mnote[0m: see <https://doc.rust-lang.org/nightly/rustc/check-cfg/cargo-specifics.html> for more information about checking conditional configuration
2026-09-12T10:48:06.4275835Z 
2026-09-12T10:48:06.4276083Z [1m[33mwarning[0m[1m: unexpected `cfg` condition name: `send_sync`[0m
2026-09-12T10:48:06.4276523Z     [1m[94m--> [0mvendor/wgpu-0.20.1/src/lib.rs:5483:19
2026-09-12T10:48:06.4277040Z      [1m[94m|[0m
2026-09-12T10:48:06.4277361Z [1m[94m5483[0m [1m[94m|[0m         #[cfg(not(send_sync))]
2026-09-12T10:48:06.4277768Z      [1m[94m|[0m                   [1m[33m^^^^^^^^^[0m
2026-09-12T10:48:06.4278076Z      [1m[94m|[0m
2026-09-12T10:48:06.4278398Z      [1m[94m= [0m[1mhelp[0m: consider using a Cargo feature instead
2026-09-12T10:48:06.4278983Z      [1m[94m= [0m[1mhelp[0m: or consider adding in `Cargo.toml` the `check-cfg` lint config for the lint:
2026-09-12T10:48:06.4279421Z               [lints.rust]
2026-09-12T10:48:06.4279741Z               unexpected_cfgs = { level = "warn", check-cfg = ['cfg(send_sync)'] }
2026-09-12T10:48:06.4280497Z      [1m[94m= [0m[1mhelp[0m: or consider adding `println!("cargo::rustc-check-cfg=cfg(send_sync)");` to the top of the `build.rs`
2026-09-12T10:48:06.4281533Z      [1m[94m= [0m[1mnote[0m: see <https://doc.rust-lang.org/nightly/rustc/check-cfg/cargo-specifics.html> for more information about checking conditional configuration
2026-09-12T10:48:06.4282135Z 
2026-09-12T10:48:06.4282374Z [1m[33mwarning[0m[1m: unexpected `cfg` condition name: `send_sync`[0m
2026-09-12T10:48:06.4282824Z     [1m[94m--> [0mvendor/wgpu-0.20.1/src/lib.rs:5494:15
2026-09-12T10:48:06.4283154Z      [1m[94m|[0m
2026-09-12T10:48:06.4283452Z [1m[94m5494[0m [1m[94m|[0m         #[cfg(send_sync)]
2026-09-12T10:48:06.4283833Z      [1m[94m|[0m               [1m[33m^^^^^^^^^[0m
2026-09-12T10:48:06.4284142Z      [1m[94m|[0m
2026-09-12T10:48:06.4284468Z      [1m[94m= [0m[1mhelp[0m: consider using a Cargo feature instead
2026-09-12T10:48:06.4285048Z      [1m[94m= [0m[1mhelp[0m: or consider adding in `Cargo.toml` the `check-cfg` lint config for the lint:
2026-09-12T10:48:06.4285493Z               [lints.rust]
2026-09-12T10:48:06.4285823Z               unexpected_cfgs = { level = "warn", check-cfg = ['cfg(send_sync)'] }
2026-09-12T10:48:06.4286575Z      [1m[94m= [0m[1mhelp[0m: or consider adding `println!("cargo::rustc-check-cfg=cfg(send_sync)");` to the top of the `build.rs`
2026-09-12T10:48:06.4288286Z      [1m[94m= [0m[1mnote[0m: see <https://doc.rust-lang.org/nightly/rustc/check-cfg/cargo-specifics.html> for more information about checking conditional configuration
2026-09-12T10:48:06.4288958Z 
2026-09-12T10:48:06.4289206Z [1m[33mwarning[0m[1m: unexpected `cfg` condition name: `send_sync`[0m
2026-09-12T10:48:06.4289657Z     [1m[94m--> [0mvendor/wgpu-0.20.1/src/lib.rs:5498:19
2026-09-12T10:48:06.4290003Z      [1m[94m|[0m
2026-09-12T10:48:06.4290313Z [1m[94m5498[0m [1m[94m|[0m         #[cfg(not(send_sync))]
2026-09-12T10:48:06.4290716Z      [1m[94m|[0m                   [1m[33m^^^^^^^^^[0m
2026-09-12T10:48:06.4291032Z      [1m[94m|[0m
2026-09-12T10:48:06.4291354Z      [1m[94m= [0m[1mhelp[0m: consider using a Cargo feature instead
2026-09-12T10:48:06.4291913Z      [1m[94m= [0m[1mhelp[0m: or consider adding in `Cargo.toml` the `check-cfg` lint config for the lint:
2026-09-12T10:48:06.4292355Z               [lints.rust]
2026-09-12T10:48:06.4292678Z               unexpected_cfgs = { level = "warn", check-cfg = ['cfg(send_sync)'] }
2026-09-12T10:48:06.4293444Z      [1m[94m= [0m[1mhelp[0m: or consider adding `println!("cargo::rustc-check-cfg=cfg(send_sync)");` to the top of the `build.rs`
2026-09-12T10:48:06.4294451Z      [1m[94m= [0m[1mnote[0m: see <https://doc.rust-lang.org/nightly/rustc/check-cfg/cargo-specifics.html> for more information about checking conditional configuration
2026-09-12T10:48:06.4295018Z 
2026-09-12T10:48:06.4295442Z [1m[33mwarning[0m[1m: unexpected `cfg` condition name: `webgpu`[0m
2026-09-12T10:48:06.4296212Z  [1m[94m--> [0mvendor/wgpu-0.20.1/src/backend/mod.rs:1:7
2026-09-12T10:48:06.4296552Z   [1m[94m|[0m
2026-09-12T10:48:06.4297033Z [1m[94m1[0m [1m[94m|[0m #[cfg(webgpu)]
2026-09-12T10:48:06.4297681Z   [1m[94m|[0m       [1m[33m^^^^^^[0m [1m[33mhelp: found config with similar value: `feature = "webgpu"`[0m
2026-09-12T10:48:06.4298145Z   [1m[94m|[0m
2026-09-12T10:48:06.4298478Z   [1m[94m= [0m[1mhelp[0m: consider using a Cargo feature instead
2026-09-12T10:48:06.4299086Z   [1m[94m= [0m[1mhelp[0m: or consider adding in `Cargo.toml` the `check-cfg` lint config for the lint:
2026-09-12T10:48:06.4299540Z            [lints.rust]
2026-09-12T10:48:06.4299880Z            unexpected_cfgs = { level = "warn", check-cfg = ['cfg(webgpu)'] }
2026-09-12T10:48:06.4300652Z   [1m[94m= [0m[1mhelp[0m: or consider adding `println!("cargo::rustc-check-cfg=cfg(webgpu)");` to the top of the `build.rs`
2026-09-12T10:48:06.4301684Z   [1m[94m= [0m[1mnote[0m: see <https://doc.rust-lang.org/nightly/rustc/check-cfg/cargo-specifics.html> for more information about checking conditional configuration
2026-09-12T10:48:06.4302291Z 
2026-09-12T10:48:06.4302545Z [1m[33mwarning[0m[1m: unexpected `cfg` condition name: `webgpu`[0m
2026-09-12T10:48:06.4303013Z  [1m[94m--> [0mvendor/wgpu-0.20.1/src/backend/mod.rs:3:7
2026-09-12T10:48:06.4303360Z   [1m[94m|[0m
2026-09-12T10:48:06.4303791Z [1m[94m3[0m [1m[94m|[0m #[cfg(webgpu)]
2026-09-12T10:48:06.4304398Z   [1m[94m|[0m       [1m[33m^^^^^^[0m [1m[33mhelp: found config with similar value: `feature = "webgpu"`[0m
2026-09-12T10:48:06.4304874Z   [1m[94m|[0m
2026-09-12T10:48:06.4305213Z   [1m[94m= [0m[1mhelp[0m: consider using a Cargo feature instead
2026-09-12T10:48:06.4305884Z   [1m[94m= [0m[1mhelp[0m: or consider adding in `Cargo.toml` the `check-cfg` lint config for the lint:
2026-09-12T10:48:06.4306530Z            [lints.rust]
2026-09-12T10:48:06.4307100Z            unexpected_cfgs = { level = "warn", check-cfg = ['cfg(webgpu)'] }
2026-09-12T10:48:06.4308414Z   [1m[94m= [0m[1mhelp[0m: or consider adding `println!("cargo::rustc-check-cfg=cfg(webgpu)");` to the top of the `build.rs`
2026-09-12T10:48:06.4310030Z   [1m[94m= [0m[1mnote[0m: see <https://doc.rust-lang.org/nightly/rustc/check-cfg/cargo-specifics.html> for more information about checking conditional configuration
2026-09-12T10:48:06.4311077Z 
2026-09-12T10:48:06.4311472Z [1m[33mwarning[0m[1m: unexpected `cfg` condition name: `wgpu_core`[0m
2026-09-12T10:48:06.4312485Z  [1m[94m--> [0mvendor/wgpu-0.20.1/src/backend/mod.rs:6:7
2026-09-12T10:48:06.4313035Z   [1m[94m|[0m
2026-09-12T10:48:06.4313471Z [1m[94m6[0m [1m[94m|[0m #[cfg(wgpu_core)]
2026-09-12T10:48:06.4314023Z   [1m[94m|[0m       [1m[33m^^^^^^^^^[0m
2026-09-12T10:48:06.4314502Z   [1m[94m|[0m
2026-09-12T10:48:06.4315032Z   [1m[94m= [0m[1mhelp[0m: consider using a Cargo feature instead
2026-09-12T10:48:06.4315793Z   [1m[94m= [0m[1mhelp[0m: or consider adding in `Cargo.toml` the `check-cfg` lint config for the lint:
2026-09-12T10:48:06.4316262Z            [lints.rust]
2026-09-12T10:48:06.4316609Z            unexpected_cfgs = { level = "warn", check-cfg = ['cfg(wgpu_core)'] }
2026-09-12T10:48:06.4317835Z   [1m[94m= [0m[1mhelp[0m: or consider adding `println!("cargo::rustc-check-cfg=cfg(wgpu_core)");` to the top of the `build.rs`
2026-09-12T10:48:06.4319625Z   [1m[94m= [0m[1mnote[0m: see <https://doc.rust-lang.org/nightly/rustc/check-cfg/cargo-specifics.html> for more information about checking conditional configuration
2026-09-12T10:48:06.4320611Z 
2026-09-12T10:48:06.4321018Z [1m[33mwarning[0m[1m: unexpected `cfg` condition name: `wgpu_core`[0m
2026-09-12T10:48:06.4321772Z  [1m[94m--> [0mvendor/wgpu-0.20.1/src/backend/mod.rs:9:7
2026-09-12T10:48:06.4322341Z   [1m[94m|[0m
2026-09-12T10:48:06.4322802Z [1m[94m9[0m [1m[94m|[0m #[cfg(wgpu_core)]
2026-09-12T10:48:06.4323383Z   [1m[94m|[0m       [1m[33m^^^^^^^^^[0m
2026-09-12T10:48:06.4324143Z   [1m[94m|[0m
2026-09-12T10:48:06.4324741Z   [1m[94m= [0m[1mhelp[0m: consider using a Cargo feature instead
2026-09-12T10:48:06.4325684Z   [1m[94m= [0m[1mhelp[0m: or consider adding in `Cargo.toml` the `check-cfg` lint config for the lint:
2026-09-12T10:48:06.4326395Z            [lints.rust]
2026-09-12T10:48:06.4327070Z            unexpected_cfgs = { level = "warn", check-cfg = ['cfg(wgpu_core)'] }
2026-09-12T10:48:06.4328312Z   [1m[94m= [0m[1mhelp[0m: or consider adding `println!("cargo::rustc-check-cfg=cfg(wgpu_core)");` to the top of the `build.rs`
2026-09-12T10:48:06.4329978Z   [1m[94m= [0m[1mnote[0m: see <https://doc.rust-lang.org/nightly/rustc/check-cfg/cargo-specifics.html> for more information about checking conditional configuration
2026-09-12T10:48:06.4330920Z 
2026-09-12T10:48:06.4331313Z [1m[33mwarning[0m[1m: unexpected `cfg` condition name: `send_sync`[0m
2026-09-12T10:48:06.4332131Z     [1m[94m--> [0mvendor/wgpu-0.20.1/src/backend/wgpu_core.rs:3027:7
2026-09-12T10:48:06.4332732Z      [1m[94m|[0m
2026-09-12T10:48:06.4333195Z [1m[94m3027[0m [1m[94m|[0m #[cfg(send_sync)]
2026-09-12T10:48:06.4333748Z      [1m[94m|[0m       [1m[33m^^^^^^^^^[0m
2026-09-12T10:48:06.4334215Z      [1m[94m|[0m
2026-09-12T10:48:06.4334725Z      [1m[94m= [0m[1mhelp[0m: consider using a Cargo feature instead
2026-09-12T10:48:06.4335683Z      [1m[94m= [0m[1mhelp[0m: or consider adding in `Cargo.toml` the `check-cfg` lint config for the lint:
2026-09-12T10:48:06.4336398Z               [lints.rust]
2026-09-12T10:48:06.4337084Z               unexpected_cfgs = { level = "warn", check-cfg = ['cfg(send_sync)'] }
2026-09-12T10:48:06.4338350Z      [1m[94m= [0m[1mhelp[0m: or consider adding `println!("cargo::rustc-check-cfg=cfg(send_sync)");` to the top of the `build.rs`
2026-09-12T10:48:06.4340246Z      [1m[94m= [0m[1mnote[0m: see <https://doc.rust-lang.org/nightly/rustc/check-cfg/cargo-specifics.html> for more information about checking conditional configuration
2026-09-12T10:48:06.4341336Z 
2026-09-12T10:48:06.4341774Z [1m[33mwarning[0m[1m: unexpected `cfg` condition name: `send_sync`[0m
2026-09-12T10:48:06.4342699Z     [1m[94m--> [0mvendor/wgpu-0.20.1/src/backend/wgpu_core.rs:3029:7
2026-09-12T10:48:06.4343340Z      [1m[94m|[0m
2026-09-12T10:48:06.4343826Z [1m[94m3029[0m [1m[94m|[0m #[cfg(send_sync)]
2026-09-12T10:48:06.4344452Z      [1m[94m|[0m       [1m[33m^^^^^^^^^[0m
2026-09-12T10:48:06.4344958Z      [1m[94m|[0m
2026-09-12T10:48:06.4345849Z      [1m[94m= [0m[1mhelp[0m: consider using a Cargo feature instead
2026-09-12T10:48:06.4347034Z      [1m[94m= [0m[1mhelp[0m: or consider adding in `Cargo.toml` the `check-cfg` lint config for the lint:
2026-09-12T10:48:06.4347728Z               [lints.rust]
2026-09-12T10:48:06.4348239Z               unexpected_cfgs = { level = "warn", check-cfg = ['cfg(send_sync)'] }
2026-09-12T10:48:06.4349522Z      [1m[94m= [0m[1mhelp[0m: or consider adding `println!("cargo::rustc-check-cfg=cfg(send_sync)");` to the top of the `build.rs`
2026-09-12T10:48:06.4351348Z      [1m[94m= [0m[1mnote[0m: see <https://doc.rust-lang.org/nightly/rustc/check-cfg/cargo-specifics.html> for more information about checking conditional configuration
2026-09-12T10:48:06.4352402Z 
2026-09-12T10:48:06.4352803Z [1m[33mwarning[0m[1m: unexpected `cfg` condition name: `native`[0m
2026-09-12T10:48:06.4353659Z     [1m[94m--> [0mvendor/wgpu-0.20.1/src/backend/wgpu_core.rs:1406:24
2026-09-12T10:48:06.4354314Z      [1m[94m|[0m
2026-09-12T10:48:06.4355008Z [1m[94m1406[0m [1m[94m|[0m     #[cfg_attr(not(any(native, Emscripten)), allow(unused))]
2026-09-12T10:48:06.4355808Z      [1m[94m|[0m                        [1m[33m^^^^^^[0m
2026-09-12T10:48:06.4356343Z      [1m[94m|[0m
2026-09-12T10:48:06.4357051Z      [1m[94m= [0m[1mhelp[0m: consider using a Cargo feature instead
2026-09-12T10:48:06.4358148Z      [1m[94m= [0m[1mhelp[0m: or consider adding in `Cargo.toml` the `check-cfg` lint config for the lint:
2026-09-12T10:48:06.4359142Z               [lints.rust]
2026-09-12T10:48:06.4359718Z               unexpected_cfgs = { level = "warn", check-cfg = ['cfg(native)'] }
2026-09-12T10:48:06.4360970Z      [1m[94m= [0m[1mhelp[0m: or consider adding `println!("cargo::rustc-check-cfg=cfg(native)");` to the top of the `build.rs`
2026-09-12T10:48:06.4362765Z      [1m[94m= [0m[1mnote[0m: see <https://doc.rust-lang.org/nightly/rustc/check-cfg/cargo-specifics.html> for more information about checking conditional configuration
2026-09-12T10:48:06.4363819Z 
2026-09-12T10:48:06.4364251Z [1m[33mwarning[0m[1m: unexpected `cfg` condition name: `Emscripten`[0m
2026-09-12T10:48:06.4365114Z     [1m[94m--> [0mvendor/wgpu-0.20.1/src/backend/wgpu_core.rs:1406:32
2026-09-12T10:48:06.4365724Z      [1m[94m|[0m
2026-09-12T10:48:06.4366399Z [1m[94m1406[0m [1m[94m|[0m     #[cfg_attr(not(any(native, Emscripten)), allow(unused))]
2026-09-12T10:48:06.4367478Z      [1m[94m|[0m                                [1m[33m^^^^^^^^^^[0m
2026-09-12T10:48:06.4368099Z      [1m[94m|[0m
2026-09-12T10:48:06.4368668Z      [1m[94m= [0m[1mhelp[0m: consider using a Cargo feature instead
2026-09-12T10:48:06.4369672Z      [1m[94m= [0m[1mhelp[0m: or consider adding in `Cargo.toml` the `check-cfg` lint config for the lint:
2026-09-12T10:48:06.4370406Z               [lints.rust]
2026-09-12T10:48:06.4370954Z               unexpected_cfgs = { level = "warn", check-cfg = ['cfg(Emscripten)'] }
2026-09-12T10:48:06.4372329Z      [1m[94m= [0m[1mhelp[0m: or consider adding `println!("cargo::rustc-check-cfg=cfg(Emscripten)");` to the top of the `build.rs`
2026-09-12T10:48:06.4374143Z      [1m[94m= [0m[1mnote[0m: see <https://doc.rust-lang.org/nightly/rustc/check-cfg/cargo-specifics.html> for more information about checking conditional configuration
2026-09-12T10:48:06.4375125Z 
2026-09-12T10:48:06.4375625Z [1m[33mwarning[0m[1m: unexpected `cfg` condition name: `webgpu`[0m
2026-09-12T10:48:06.4376457Z     [1m[94m--> [0mvendor/wgpu-0.20.1/src/backend/wgpu_core.rs:2226:15
2026-09-12T10:48:06.4377273Z      [1m[94m|[0m
2026-09-12T10:48:06.4377776Z [1m[94m2226[0m [1m[94m|[0m     #[cfg(any(webgpu, webgl))]
2026-09-12T10:48:06.4378749Z      [1m[94m|[0m               [1m[33m^^^^^^[0m [1m[33mhelp: found config with similar value: `feature = "webgpu"`[0m
2026-09-12T10:48:06.4379986Z      [1m[94m|[0m
2026-09-12T10:48:06.4380885Z      [1m[94m= [0m[1mhelp[0m: consider using a Cargo feature instead
2026-09-12T10:48:06.4382197Z      [1m[94m= [0m[1mhelp[0m: or consider adding in `Cargo.toml` the `check-cfg` lint config for the lint:
2026-09-12T10:48:06.4383080Z               [lints.rust]
2026-09-12T10:48:06.4383630Z               unexpected_cfgs = { level = "warn", check-cfg = ['cfg(webgpu)'] }
2026-09-12T10:48:06.4385056Z      [1m[94m= [0m[1mhelp[0m: or consider adding `println!("cargo::rustc-check-cfg=cfg(webgpu)");` to the top of the `build.rs`
2026-09-12T10:48:06.4387173Z      [1m[94m= [0m[1mnote[0m: see <https://doc.rust-lang.org/nightly/rustc/check-cfg/cargo-specifics.html> for more information about checking conditional configuration
2026-09-12T10:48:06.4388345Z 
2026-09-12T10:48:06.4388734Z [1m[33mwarning[0m[1m: unexpected `cfg` condition name: `webgl`[0m
2026-09-12T10:48:06.4389540Z     [1m[94m--> [0mvendor/wgpu-0.20.1/src/backend/wgpu_core.rs:2226:23
2026-09-12T10:48:06.4390138Z      [1m[94m|[0m
2026-09-12T10:48:06.4390655Z [1m[94m2226[0m [1m[94m|[0m     #[cfg(any(webgpu, webgl))]
2026-09-12T10:48:06.4391670Z      [1m[94m|[0m                       [1m[33m^^^^^[0m [1m[33mhelp: found config with similar value: `feature = "webgl"`[0m
2026-09-12T10:48:06.4392476Z      [1m[94m|[0m
2026-09-12T10:48:06.4393027Z      [1m[94m= [0m[1mhelp[0m: consider using a Cargo feature instead
2026-09-12T10:48:06.4394051Z      [1m[94m= [0m[1mhelp[0m: or consider adding in `Cargo.toml` the `check-cfg` lint config for the lint:
2026-09-12T10:48:06.4394833Z               [lints.rust]
2026-09-12T10:48:06.4395595Z               unexpected_cfgs = { level = "warn", check-cfg = ['cfg(webgl)'] }
2026-09-12T10:48:06.4397087Z      [1m[94m= [0m[1mhelp[0m: or consider adding `println!("cargo::rustc-check-cfg=cfg(webgl)");` to the top of the `build.rs`
2026-09-12T10:48:06.4398925Z      [1m[94m= [0m[1mnote[0m: see <https://doc.rust-lang.org/nightly/rustc/check-cfg/cargo-specifics.html> for more information about checking conditional configuration
2026-09-12T10:48:06.4399989Z 
2026-09-12T10:48:06.4400400Z [1m[33mwarning[0m[1m: unexpected `cfg` condition name: `metal`[0m
2026-09-12T10:48:06.4401209Z    [1m[94m--> [0mvendor/wgpu-0.20.1/src/backend/wgpu_core.rs:560:19
2026-09-12T10:48:06.4401818Z     [1m[94m|[0m
2026-09-12T10:48:06.4402310Z [1m[94m560[0m [1m[94m|[0m             #[cfg(metal)]
2026-09-12T10:48:06.4403275Z     [1m[94m|[0m                   [1m[33m^^^^^[0m [1m[33mhelp: found config with similar value: `feature = "metal"`[0m
2026-09-12T10:48:06.4404083Z     [1m[94m|[0m
2026-09-12T10:48:06.4404795Z     [1m[94m= [0m[1mhelp[0m: consider using a Cargo feature instead
2026-09-12T10:48:06.4405873Z     [1m[94m= [0m[1mhelp[0m: or consider adding in `Cargo.toml` the `check-cfg` lint config for the lint:
2026-09-12T10:48:06.4406627Z              [lints.rust]
2026-09-12T10:48:06.4407535Z              unexpected_cfgs = { level = "warn", check-cfg = ['cfg(metal)'] }
2026-09-12T10:48:06.4408816Z     [1m[94m= [0m[1mhelp[0m: or consider adding `println!("cargo::rustc-check-cfg=cfg(metal)");` to the top of the `build.rs`
2026-09-12T10:48:06.4410579Z     [1m[94m= [0m[1mnote[0m: see <https://doc.rust-lang.org/nightly/rustc/check-cfg/cargo-specifics.html> for more information about checking conditional configuration
2026-09-12T10:48:06.4411532Z 
2026-09-12T10:48:06.4411887Z [1m[33mwarning[0m[1m: unexpected `cfg` condition name: `dx12`[0m
2026-09-12T10:48:06.4412661Z    [1m[94m--> [0mvendor/wgpu-0.20.1/src/backend/wgpu_core.rs:565:19
2026-09-12T10:48:06.4413290Z     [1m[94m|[0m
2026-09-12T10:48:06.4413788Z [1m[94m565[0m [1m[94m|[0m             #[cfg(dx12)]
2026-09-12T10:48:06.4414684Z     [1m[94m|[0m                   [1m[33m^^^^[0m [1m[33mhelp: found config with similar value: `feature = "dx12"`[0m
2026-09-12T10:48:06.4415439Z     [1m[94m|[0m
2026-09-12T10:48:06.4415991Z     [1m[94m= [0m[1mhelp[0m: consider using a Cargo feature instead
2026-09-12T10:48:06.4417479Z     [1m[94m= [0m[1mhelp[0m: or consider adding in `Cargo.toml` the `check-cfg` lint config for the lint:
2026-09-12T10:48:06.4418282Z              [lints.rust]
2026-09-12T10:48:06.4418803Z              unexpected_cfgs = { level = "warn", check-cfg = ['cfg(dx12)'] }
2026-09-12T10:48:06.4420146Z     [1m[94m= [0m[1mhelp[0m: or consider adding `println!("cargo::rustc-check-cfg=cfg(dx12)");` to the top of the `build.rs`
2026-09-12T10:48:06.4421926Z     [1m[94m= [0m[1mnote[0m: see <https://doc.rust-lang.org/nightly/rustc/check-cfg/cargo-specifics.html> for more information about checking conditional configuration
2026-09-12T10:48:06.4422967Z 
2026-09-12T10:48:06.4423373Z [1m[33mwarning[0m[1m: unexpected `cfg` condition name: `dx12`[0m
2026-09-12T10:48:06.4424206Z    [1m[94m--> [0mvendor/wgpu-0.20.1/src/backend/wgpu_core.rs:570:19
2026-09-12T10:48:06.4424833Z     [1m[94m|[0m
2026-09-12T10:48:06.4425320Z [1m[94m570[0m [1m[94m|[0m             #[cfg(dx12)]
2026-09-12T10:48:06.4426296Z     [1m[94m|[0m                   [1m[33m^^^^[0m [1m[33mhelp: found config with similar value: `feature = "dx12"`[0m
2026-09-12T10:48:06.4427472Z     [1m[94m|[0m
2026-09-12T10:48:06.4428045Z     [1m[94m= [0m[1mhelp[0m: consider using a Cargo feature instead
2026-09-12T10:48:06.4429062Z     [1m[94m= [0m[1mhelp[0m: or consider adding in `Cargo.toml` the `check-cfg` lint config for the lint:
2026-09-12T10:48:06.4429827Z              [lints.rust]
2026-09-12T10:48:06.4430361Z              unexpected_cfgs = { level = "warn", check-cfg = ['cfg(dx12)'] }
2026-09-12T10:48:06.4431868Z     [1m[94m= [0m[1mhelp[0m: or consider adding `println!("cargo::rustc-check-cfg=cfg(dx12)");` to the top of the `build.rs`
2026-09-12T10:48:06.4433472Z     [1m[94m= [0m[1mnote[0m: see <https://doc.rust-lang.org/nightly/rustc/check-cfg/cargo-specifics.html> for more information about checking conditional configuration
2026-09-12T10:48:06.4434390Z 
2026-09-12T10:48:06.4434762Z [1m[33mwarning[0m[1m: unexpected `cfg` condition name: `dx12`[0m
2026-09-12T10:48:06.4435600Z    [1m[94m--> [0mvendor/wgpu-0.20.1/src/backend/wgpu_core.rs:576:19
2026-09-12T10:48:06.4436210Z     [1m[94m|[0m
2026-09-12T10:48:06.4436919Z [1m[94m576[0m [1m[94m|[0m             #[cfg(dx12)]
2026-09-12T10:48:06.4437900Z     [1m[94m|[0m                   [1m[33m^^^^[0m [1m[33mhelp: found config with similar value: `feature = "dx12"`[0m
2026-09-12T10:48:06.4438680Z     [1m[94m|[0m
2026-09-12T10:48:06.4439206Z     [1m[94m= [0m[1mhelp[0m: consider using a Cargo feature instead
2026-09-12T10:48:06.4440227Z     [1m[94m= [0m[1mhelp[0m: or consider adding in `Cargo.toml` the `check-cfg` lint config for the lint:
2026-09-12T10:48:06.4441008Z              [lints.rust]
2026-09-12T10:48:06.4441535Z              unexpected_cfgs = { level = "warn", check-cfg = ['cfg(dx12)'] }
2026-09-12T10:48:06.4442870Z     [1m[94m= [0m[1mhelp[0m: or consider adding `println!("cargo::rustc-check-cfg=cfg(dx12)");` to the top of the `build.rs`
2026-09-12T10:48:06.4444708Z     [1m[94m= [0m[1mnote[0m: see <https://doc.rust-lang.org/nightly/rustc/check-cfg/cargo-specifics.html> for more information about checking conditional configuration
2026-09-12T10:48:06.4445732Z 
2026-09-12T10:48:06.4446194Z [1m[33mwarning[0m[1m: unexpected `cfg` condition name: `native`[0m
2026-09-12T10:48:06.4447420Z     [1m[94m--> [0mvendor/wgpu-0.20.1/src/backend/wgpu_core.rs:1408:19
2026-09-12T10:48:06.4448068Z      [1m[94m|[0m
2026-09-12T10:48:06.4448740Z [1m[94m1408[0m [1m[94m|[0m         #[cfg(any(native, Emscripten))]
2026-09-12T10:48:06.4449461Z      [1m[94m|[0m                   [1m[33m^^^^^^[0m
2026-09-12T10:48:06.4449985Z      [1m[94m|[0m
2026-09-12T10:48:06.4450565Z      [1m[94m= [0m[1mhelp[0m: consider using a Cargo feature instead
2026-09-12T10:48:06.4451596Z      [1m[94m= [0m[1mhelp[0m: or consider adding in `Cargo.toml` the `check-cfg` lint config for the lint:
2026-09-12T10:48:06.4452361Z               [lints.rust]
2026-09-12T10:48:06.4453175Z               unexpected_cfgs = { level = "warn", check-cfg = ['cfg(native)'] }
2026-09-12T10:48:06.4454579Z      [1m[94m= [0m[1mhelp[0m: or consider adding `println!("cargo::rustc-check-cfg=cfg(native)");` to the top of the `build.rs`
2026-09-12T10:48:06.4456415Z      [1m[94m= [0m[1mnote[0m: see <https://doc.rust-lang.org/nightly/rustc/check-cfg/cargo-specifics.html> for more information about checking conditional configuration
2026-09-12T10:48:06.4457683Z 
2026-09-12T10:48:06.4458154Z [1m[33mwarning[0m[1m: unexpected `cfg` condition name: `Emscripten`[0m
2026-09-12T10:48:06.4459061Z     [1m[94m--> [0mvendor/wgpu-0.20.1/src/backend/wgpu_core.rs:1408:27
2026-09-12T10:48:06.4459702Z      [1m[94m|[0m
2026-09-12T10:48:06.4460079Z [1m[94m1408[0m [1m[94m|[0m         #[cfg(any(native, Emscripten))]
2026-09-12T10:48:06.4460432Z      [1m[94m|[0m                           [1m[33m^^^^^^^^^^[0m
2026-09-12T10:48:06.4460610Z      [1m[94m|[0m
2026-09-12T10:48:06.4460967Z      [1m[94m= [0m[1mhelp[0m: consider using a Cargo feature instead
2026-09-12T10:48:06.4461563Z      [1m[94m= [0m[1mhelp[0m: or consider adding in `Cargo.toml` the `check-cfg` lint config for the lint:
2026-09-12T10:48:06.4461726Z               [lints.rust]
2026-09-12T10:48:06.4462055Z               unexpected_cfgs = { level = "warn", check-cfg = ['cfg(Emscripten)'] }
2026-09-12T10:48:06.4462934Z      [1m[94m= [0m[1mhelp[0m: or consider adding `println!("cargo::rustc-check-cfg=cfg(Emscripten)");` to the top of the `build.rs`
2026-09-12T10:48:06.4464258Z      [1m[94m= [0m[1mnote[0m: see <https://doc.rust-lang.org/nightly/rustc/check-cfg/cargo-specifics.html> for more information about checking conditional configuration
2026-09-12T10:48:06.4464270Z 
2026-09-12T10:48:06.4464683Z [1m[33mwarning[0m[1m: unexpected `cfg` condition name: `send_sync`[0m
2026-09-12T10:48:06.4464998Z     [1m[94m--> [0mvendor/wgpu-0.20.1/src/context.rs:1061:7
2026-09-12T10:48:06.4465184Z      [1m[94m|[0m
2026-09-12T10:48:06.4465454Z [1m[94m1061[0m [1m[94m|[0m #[cfg(send_sync)]
2026-09-12T10:48:06.4465694Z      [1m[94m|[0m       [1m[33m^^^^^^^^^[0m
2026-09-12T10:48:06.4465875Z      [1m[94m|[0m
2026-09-12T10:48:06.4466228Z      [1m[94m= [0m[1mhelp[0m: consider using a Cargo feature instead
2026-09-12T10:48:06.4466946Z      [1m[94m= [0m[1mhelp[0m: or consider adding in `Cargo.toml` the `check-cfg` lint config for the lint:
2026-09-12T10:48:06.4467089Z               [lints.rust]
2026-09-12T10:48:06.4467393Z               unexpected_cfgs = { level = "warn", check-cfg = ['cfg(send_sync)'] }
2026-09-12T10:48:06.4468260Z      [1m[94m= [0m[1mhelp[0m: or consider adding `println!("cargo::rustc-check-cfg=cfg(send_sync)");` to the top of the `build.rs`
2026-09-12T10:48:06.4469308Z      [1m[94m= [0m[1mnote[0m: see <https://doc.rust-lang.org/nightly/rustc/check-cfg/cargo-specifics.html> for more information about checking conditional configuration
2026-09-12T10:48:06.4469319Z 
2026-09-12T10:48:06.4469693Z [1m[33mwarning[0m[1m: unexpected `cfg` condition name: `send_sync`[0m
2026-09-12T10:48:06.4469984Z     [1m[94m--> [0mvendor/wgpu-0.20.1/src/context.rs:1102:7
2026-09-12T10:48:06.4470150Z      [1m[94m|[0m
2026-09-12T10:48:06.4470390Z [1m[94m1102[0m [1m[94m|[0m #[cfg(send_sync)]
2026-09-12T10:48:06.4470629Z      [1m[94m|[0m       [1m[33m^^^^^^^^^[0m
2026-09-12T10:48:06.4470805Z      [1m[94m|[0m
2026-09-12T10:48:06.4471128Z      [1m[94m= [0m[1mhelp[0m: consider using a Cargo feature instead
2026-09-12T10:48:06.4471784Z      [1m[94m= [0m[1mhelp[0m: or consider adding in `Cargo.toml` the `check-cfg` lint config for the lint:
2026-09-12T10:48:06.4471937Z               [lints.rust]
2026-09-12T10:48:06.4472250Z               unexpected_cfgs = { level = "warn", check-cfg = ['cfg(send_sync)'] }
2026-09-12T10:48:06.4473134Z      [1m[94m= [0m[1mhelp[0m: or consider adding `println!("cargo::rustc-check-cfg=cfg(send_sync)");` to the top of the `build.rs`
2026-09-12T10:48:06.4474415Z      [1m[94m= [0m[1mnote[0m: see <https://doc.rust-lang.org/nightly/rustc/check-cfg/cargo-specifics.html> for more information about checking conditional configuration
2026-09-12T10:48:06.4474432Z 
2026-09-12T10:48:06.4474866Z [1m[33mwarning[0m[1m: unexpected `cfg` condition name: `send_sync`[0m
2026-09-12T10:48:06.4475269Z     [1m[94m--> [0mvendor/wgpu-0.20.1/src/context.rs:1104:11
2026-09-12T10:48:06.4475569Z      [1m[94m|[0m
2026-09-12T10:48:06.4475857Z [1m[94m1104[0m [1m[94m|[0m #[cfg(not(send_sync))]
2026-09-12T10:48:06.4476133Z      [1m[94m|[0m           [1m[33m^^^^^^^^^[0m
2026-09-12T10:48:06.4476322Z      [1m[94m|[0m
2026-09-12T10:48:06.4476677Z      [1m[94m= [0m[1mhelp[0m: consider using a Cargo feature instead
2026-09-12T10:48:06.4477484Z      [1m[94m= [0m[1mhelp[0m: or consider adding in `Cargo.toml` the `check-cfg` lint config for the lint:
2026-09-12T10:48:06.4477647Z               [lints.rust]
2026-09-12T10:48:06.4477974Z               unexpected_cfgs = { level = "warn", check-cfg = ['cfg(send_sync)'] }
2026-09-12T10:48:06.4478860Z      [1m[94m= [0m[1mhelp[0m: or consider adding `println!("cargo::rustc-check-cfg=cfg(send_sync)");` to the top of the `build.rs`
2026-09-12T10:48:06.4479930Z      [1m[94m= [0m[1mnote[0m: see <https://doc.rust-lang.org/nightly/rustc/check-cfg/cargo-specifics.html> for more information about checking conditional configuration
2026-09-12T10:48:06.4479941Z 
2026-09-12T10:48:06.4480347Z [1m[33mwarning[0m[1m: unexpected `cfg` condition name: `send_sync`[0m
2026-09-12T10:48:06.4480935Z     [1m[94m--> [0mvendor/wgpu-0.20.1/src/context.rs:1107:7
2026-09-12T10:48:06.4481121Z      [1m[94m|[0m
2026-09-12T10:48:06.4481380Z [1m[94m1107[0m [1m[94m|[0m #[cfg(send_sync)]
2026-09-12T10:48:06.4481632Z      [1m[94m|[0m       [1m[33m^^^^^^^^^[0m
2026-09-12T10:48:06.4481815Z      [1m[94m|[0m
2026-09-12T10:48:06.4482166Z      [1m[94m= [0m[1mhelp[0m: consider using a Cargo feature instead
2026-09-12T10:48:06.4482777Z      [1m[94m= [0m[1mhelp[0m: or consider adding in `Cargo.toml` the `check-cfg` lint config for the lint:
2026-09-12T10:48:06.4482935Z               [lints.rust]
2026-09-12T10:48:06.4483260Z               unexpected_cfgs = { level = "warn", check-cfg = ['cfg(send_sync)'] }
2026-09-12T10:48:06.4484145Z      [1m[94m= [0m[1mhelp[0m: or consider adding `println!("cargo::rustc-check-cfg=cfg(send_sync)");` to the top of the `build.rs`
2026-09-12T10:48:06.4485212Z      [1m[94m= [0m[1mnote[0m: see <https://doc.rust-lang.org/nightly/rustc/check-cfg/cargo-specifics.html> for more information about checking conditional configuration
2026-09-12T10:48:06.4485237Z 
2026-09-12T10:48:06.4485645Z [1m[33mwarning[0m[1m: unexpected `cfg` condition name: `send_sync`[0m
2026-09-12T10:48:06.4485980Z     [1m[94m--> [0mvendor/wgpu-0.20.1/src/context.rs:1110:11
2026-09-12T10:48:06.4486163Z      [1m[94m|[0m
2026-09-12T10:48:06.4486449Z [1m[94m1110[0m [1m[94m|[0m #[cfg(not(send_sync))]
2026-09-12T10:48:06.4486952Z      [1m[94m|[0m           [1m[33m^^^^^^^^^[0m
2026-09-12T10:48:06.4487138Z      [1m[94m|[0m
2026-09-12T10:48:06.4487483Z      [1m[94m= [0m[1mhelp[0m: consider using a Cargo feature instead
2026-09-12T10:48:06.4488074Z      [1m[94m= [0m[1mhelp[0m: or consider adding in `Cargo.toml` the `check-cfg` lint config for the lint:
2026-09-12T10:48:06.4488220Z               [lints.rust]
2026-09-12T10:48:06.4488553Z               unexpected_cfgs = { level = "warn", check-cfg = ['cfg(send_sync)'] }
2026-09-12T10:48:06.4489445Z      [1m[94m= [0m[1mhelp[0m: or consider adding `println!("cargo::rustc-check-cfg=cfg(send_sync)");` to the top of the `build.rs`
2026-09-12T10:48:06.4490522Z      [1m[94m= [0m[1mnote[0m: see <https://doc.rust-lang.org/nightly/rustc/check-cfg/cargo-specifics.html> for more information about checking conditional configuration
2026-09-12T10:48:06.4490535Z 
2026-09-12T10:48:06.4490956Z [1m[33mwarning[0m[1m: unexpected `cfg` condition name: `send_sync`[0m
2026-09-12T10:48:06.4491541Z     [1m[94m--> [0mvendor/wgpu-0.20.1/src/context.rs:1114:7
2026-09-12T10:48:06.4491726Z      [1m[94m|[0m
2026-09-12T10:48:06.4491990Z [1m[94m1114[0m [1m[94m|[0m #[cfg(send_sync)]
2026-09-12T10:48:06.4492237Z      [1m[94m|[0m       [1m[33m^^^^^^^^^[0m
2026-09-12T10:48:06.4492412Z      [1m[94m|[0m
2026-09-12T10:48:06.4492785Z      [1m[94m= [0m[1mhelp[0m: consider using a Cargo feature instead
2026-09-12T10:48:06.4493379Z      [1m[94m= [0m[1mhelp[0m: or consider adding in `Cargo.toml` the `check-cfg` lint config for the lint:
2026-09-12T10:48:06.4493533Z               [lints.rust]
2026-09-12T10:48:06.4493868Z               unexpected_cfgs = { level = "warn", check-cfg = ['cfg(send_sync)'] }
2026-09-12T10:48:06.4494753Z      [1m[94m= [0m[1mhelp[0m: or consider adding `println!("cargo::rustc-check-cfg=cfg(send_sync)");` to the top of the `build.rs`
2026-09-12T10:48:06.4495805Z      [1m[94m= [0m[1mnote[0m: see <https://doc.rust-lang.org/nightly/rustc/check-cfg/cargo-specifics.html> for more information about checking conditional configuration
2026-09-12T10:48:06.4495831Z 
2026-09-12T10:48:06.4496231Z [1m[33mwarning[0m[1m: unexpected `cfg` condition name: `send_sync`[0m
2026-09-12T10:48:06.4496571Z     [1m[94m--> [0mvendor/wgpu-0.20.1/src/context.rs:1117:11
2026-09-12T10:48:06.4496965Z      [1m[94m|[0m
2026-09-12T10:48:06.4497268Z [1m[94m1117[0m [1m[94m|[0m #[cfg(not(send_sync))]
2026-09-12T10:48:06.4497527Z      [1m[94m|[0m           [1m[33m^^^^^^^^^[0m
2026-09-12T10:48:06.4497945Z      [1m[94m|[0m
2026-09-12T10:48:06.4498306Z      [1m[94m= [0m[1mhelp[0m: consider using a Cargo feature instead
2026-09-12T10:48:06.4498902Z      [1m[94m= [0m[1mhelp[0m: or consider adding in `Cargo.toml` the `check-cfg` lint config for the lint:
2026-09-12T10:48:06.4499043Z               [lints.rust]
2026-09-12T10:48:06.4499376Z               unexpected_cfgs = { level = "warn", check-cfg = ['cfg(send_sync)'] }
2026-09-12T10:48:06.4500252Z      [1m[94m= [0m[1mhelp[0m: or consider adding `println!("cargo::rustc-check-cfg=cfg(send_sync)");` to the top of the `build.rs`
2026-09-12T10:48:06.4501312Z      [1m[94m= [0m[1mnote[0m: see <https://doc.rust-lang.org/nightly/rustc/check-cfg/cargo-specifics.html> for more information about checking conditional configuration
2026-09-12T10:48:06.4501323Z 
2026-09-12T10:48:06.4501739Z [1m[33mwarning[0m[1m: unexpected `cfg` condition name: `send_sync`[0m
2026-09-12T10:48:06.4502060Z     [1m[94m--> [0mvendor/wgpu-0.20.1/src/context.rs:1121:7
2026-09-12T10:48:06.4502239Z      [1m[94m|[0m
2026-09-12T10:48:06.4502510Z [1m[94m1121[0m [1m[94m|[0m #[cfg(send_sync)]
2026-09-12T10:48:06.4502754Z      [1m[94m|[0m       [1m[33m^^^^^^^^^[0m
2026-09-12T10:48:06.4502925Z      [1m[94m|[0m
2026-09-12T10:48:06.4503282Z      [1m[94m= [0m[1mhelp[0m: consider using a Cargo feature instead
2026-09-12T10:48:06.4503873Z      [1m[94m= [0m[1mhelp[0m: or consider adding in `Cargo.toml` the `check-cfg` lint config for the lint:
2026-09-12T10:48:06.4504023Z               [lints.rust]
2026-09-12T10:48:06.4504349Z               unexpected_cfgs = { level = "warn", check-cfg = ['cfg(send_sync)'] }
2026-09-12T10:48:06.4505207Z      [1m[94m= [0m[1mhelp[0m: or consider adding `println!("cargo::rustc-check-cfg=cfg(send_sync)");` to the top of the `build.rs`
2026-09-12T10:48:06.4506265Z      [1m[94m= [0m[1mnote[0m: see <https://doc.rust-lang.org/nightly/rustc/check-cfg/cargo-specifics.html> for more information about checking conditional configuration
2026-09-12T10:48:06.4506281Z 
2026-09-12T10:48:06.4506917Z [1m[33mwarning[0m[1m: unexpected `cfg` condition name: `send_sync`[0m
2026-09-12T10:48:06.4507262Z     [1m[94m--> [0mvendor/wgpu-0.20.1/src/context.rs:1123:11
2026-09-12T10:48:06.4507437Z      [1m[94m|[0m
2026-09-12T10:48:06.4507731Z [1m[94m1123[0m [1m[94m|[0m #[cfg(not(send_sync))]
2026-09-12T10:48:06.4507987Z      [1m[94m|[0m           [1m[33m^^^^^^^^^[0m
2026-09-12T10:48:06.4508153Z      [1m[94m|[0m
2026-09-12T10:48:06.4508747Z      [1m[94m= [0m[1mhelp[0m: consider using a Cargo feature instead
2026-09-12T10:48:06.4509346Z      [1m[94m= [0m[1mhelp[0m: or consider adding in `Cargo.toml` the `check-cfg` lint config for the lint:
2026-09-12T10:48:06.4509488Z               [lints.rust]
2026-09-12T10:48:06.4509815Z               unexpected_cfgs = { level = "warn", check-cfg = ['cfg(send_sync)'] }
2026-09-12T10:48:06.4510692Z      [1m[94m= [0m[1mhelp[0m: or consider adding `println!("cargo::rustc-check-cfg=cfg(send_sync)");` to the top of the `build.rs`
2026-09-12T10:48:06.4511771Z      [1m[94m= [0m[1mnote[0m: see <https://doc.rust-lang.org/nightly/rustc/check-cfg/cargo-specifics.html> for more information about checking conditional configuration
2026-09-12T10:48:06.4511783Z 
2026-09-12T10:48:06.4512199Z [1m[33mwarning[0m[1m: unexpected `cfg` condition name: `send_sync`[0m
2026-09-12T10:48:06.4512520Z     [1m[94m--> [0mvendor/wgpu-0.20.1/src/context.rs:1126:7
2026-09-12T10:48:06.4512698Z      [1m[94m|[0m
2026-09-12T10:48:06.4512968Z [1m[94m1126[0m [1m[94m|[0m #[cfg(send_sync)]
2026-09-12T10:48:06.4513213Z      [1m[94m|[0m       [1m[33m^^^^^^^^^[0m
2026-09-12T10:48:06.4513386Z      [1m[94m|[0m
2026-09-12T10:48:06.4513743Z      [1m[94m= [0m[1mhelp[0m: consider using a Cargo feature instead
2026-09-12T10:48:06.4514326Z      [1m[94m= [0m[1mhelp[0m: or consider adding in `Cargo.toml` the `check-cfg` lint config for the lint:
2026-09-12T10:48:06.4514721Z               [lints.rust]
2026-09-12T10:48:06.4515045Z               unexpected_cfgs = { level = "warn", check-cfg = ['cfg(send_sync)'] }
2026-09-12T10:48:06.4515924Z      [1m[94m= [0m[1mhelp[0m: or consider adding `println!("cargo::rustc-check-cfg=cfg(send_sync)");` to the top of the `build.rs`
2026-09-12T10:48:06.4517222Z      [1m[94m= [0m[1mnote[0m: see <https://doc.rust-lang.org/nightly/rustc/check-cfg/cargo-specifics.html> for more information about checking conditional configuration
2026-09-12T10:48:06.4517247Z 
2026-09-12T10:48:06.4517682Z [1m[33mwarning[0m[1m: unexpected `cfg` condition name: `send_sync`[0m
2026-09-12T10:48:06.4518018Z     [1m[94m--> [0mvendor/wgpu-0.20.1/src/context.rs:1128:11
2026-09-12T10:48:06.4518192Z      [1m[94m|[0m
2026-09-12T10:48:06.4518479Z [1m[94m1128[0m [1m[94m|[0m #[cfg(not(send_sync))]
2026-09-12T10:48:06.4518721Z      [1m[94m|[0m           [1m[33m^^^^^^^^^[0m
2026-09-12T10:48:06.4518902Z      [1m[94m|[0m
2026-09-12T10:48:06.4519259Z      [1m[94m= [0m[1mhelp[0m: consider using a Cargo feature instead
2026-09-12T10:48:06.4519842Z      [1m[94m= [0m[1mhelp[0m: or consider adding in `Cargo.toml` the `check-cfg` lint config for the lint:
2026-09-12T10:48:06.4520000Z               [lints.rust]
2026-09-12T10:48:06.4520324Z               unexpected_cfgs = { level = "warn", check-cfg = ['cfg(send_sync)'] }
2026-09-12T10:48:06.4521201Z      [1m[94m= [0m[1mhelp[0m: or consider adding `println!("cargo::rustc-check-cfg=cfg(send_sync)");` to the top of the `build.rs`
2026-09-12T10:48:06.4522269Z      [1m[94m= [0m[1mnote[0m: see <https://doc.rust-lang.org/nightly/rustc/check-cfg/cargo-specifics.html> for more information about checking conditional configuration
2026-09-12T10:48:06.4522280Z 
2026-09-12T10:48:06.4522693Z [1m[33mwarning[0m[1m: unexpected `cfg` condition name: `send_sync`[0m
2026-09-12T10:48:06.4523005Z     [1m[94m--> [0mvendor/wgpu-0.20.1/src/context.rs:1130:7
2026-09-12T10:48:06.4523185Z      [1m[94m|[0m
2026-09-12T10:48:06.4523448Z [1m[94m1130[0m [1m[94m|[0m #[cfg(send_sync)]
2026-09-12T10:48:06.4523679Z      [1m[94m|[0m       [1m[33m^^^^^^^^^[0m
2026-09-12T10:48:06.4523860Z      [1m[94m|[0m
2026-09-12T10:48:06.4524230Z      [1m[94m= [0m[1mhelp[0m: consider using a Cargo feature instead
2026-09-12T10:48:06.4524819Z      [1m[94m= [0m[1mhelp[0m: or consider adding in `Cargo.toml` the `check-cfg` lint config for the lint:
2026-09-12T10:48:06.4524976Z               [lints.rust]
2026-09-12T10:48:06.4525549Z               unexpected_cfgs = { level = "warn", check-cfg = ['cfg(send_sync)'] }
2026-09-12T10:48:06.4526429Z      [1m[94m= [0m[1mhelp[0m: or consider adding `println!("cargo::rustc-check-cfg=cfg(send_sync)");` to the top of the `build.rs`
2026-09-12T10:48:06.4527708Z      [1m[94m= [0m[1mnote[0m: see <https://doc.rust-lang.org/nightly/rustc/check-cfg/cargo-specifics.html> for more information about checking conditional configuration
2026-09-12T10:48:06.4527731Z 
2026-09-12T10:48:06.4528155Z [1m[33mwarning[0m[1m: unexpected `cfg` condition name: `send_sync`[0m
2026-09-12T10:48:06.4528474Z     [1m[94m--> [0mvendor/wgpu-0.20.1/src/context.rs:1132:11
2026-09-12T10:48:06.4528659Z      [1m[94m|[0m
2026-09-12T10:48:06.4528951Z [1m[94m1132[0m [1m[94m|[0m #[cfg(not(send_sync))]
2026-09-12T10:48:06.4529203Z      [1m[94m|[0m           [1m[33m^^^^^^^^^[0m
2026-09-12T10:48:06.4529384Z      [1m[94m|[0m
2026-09-12T10:48:06.4529717Z      [1m[94m= [0m[1mhelp[0m: consider using a Cargo feature instead
2026-09-12T10:48:06.4530253Z      [1m[94m= [0m[1mhelp[0m: or consider adding in `Cargo.toml` the `check-cfg` lint config for the lint:
2026-09-12T10:48:06.4530400Z               [lints.rust]
2026-09-12T10:48:06.4530704Z               unexpected_cfgs = { level = "warn", check-cfg = ['cfg(send_sync)'] }
2026-09-12T10:48:06.4531491Z      [1m[94m= [0m[1mhelp[0m: or consider adding `println!("cargo::rustc-check-cfg=cfg(send_sync)");` to the top of the `build.rs`
2026-09-12T10:48:06.4532707Z      [1m[94m= [0m[1mnote[0m: see <https://doc.rust-lang.org/nightly/rustc/check-cfg/cargo-specifics.html> for more information about checking conditional configuration
2026-09-12T10:48:06.4532717Z 
2026-09-12T10:48:06.4533081Z [1m[33mwarning[0m[1m: unexpected `cfg` condition name: `webgl`[0m
2026-09-12T10:48:06.4533370Z    [1m[94m--> [0mvendor/wgpu-0.20.1/src/context.rs:579:15
2026-09-12T10:48:06.4533547Z     [1m[94m|[0m
2026-09-12T10:48:06.4533864Z [1m[94m579[0m [1m[94m|[0m     #[cfg(any(webgl, webgpu))]
2026-09-12T10:48:06.4534459Z     [1m[94m|[0m               [1m[33m^^^^^[0m [1m[33mhelp: found config with similar value: `feature = "webgl"`[0m
2026-09-12T10:48:06.4534645Z     [1m[94m|[0m
2026-09-12T10:48:06.4535013Z     [1m[94m= [0m[1mhelp[0m: consider using a Cargo feature instead
2026-09-12T10:48:06.4535602Z     [1m[94m= [0m[1mhelp[0m: or consider adding in `Cargo.toml` the `check-cfg` lint config for the lint:
2026-09-12T10:48:06.4535767Z              [lints.rust]
2026-09-12T10:48:06.4536076Z              unexpected_cfgs = { level = "warn", check-cfg = ['cfg(webgl)'] }
2026-09-12T10:48:06.4537095Z     [1m[94m= [0m[1mhelp[0m: or consider adding `println!("cargo::rustc-check-cfg=cfg(webgl)");` to the top of the `build.rs`
2026-09-12T10:48:06.4538159Z     [1m[94m= [0m[1mnote[0m: see <https://doc.rust-lang.org/nightly/rustc/check-cfg/cargo-specifics.html> for more information about checking conditional configuration
2026-09-12T10:48:06.4538180Z 
2026-09-12T10:48:06.4538588Z [1m[33mwarning[0m[1m: unexpected `cfg` condition name: `webgpu`[0m
2026-09-12T10:48:06.4538899Z    [1m[94m--> [0mvendor/wgpu-0.20.1/src/context.rs:579:22
2026-09-12T10:48:06.4539079Z     [1m[94m|[0m
2026-09-12T10:48:06.4539403Z [1m[94m579[0m [1m[94m|[0m     #[cfg(any(webgl, webgpu))]
2026-09-12T10:48:06.4540022Z     [1m[94m|[0m                      [1m[33m^^^^^^[0m [1m[33mhelp: found config with similar value: `feature = "webgpu"`[0m
2026-09-12T10:48:06.4540213Z     [1m[94m|[0m
2026-09-12T10:48:06.4540575Z     [1m[94m= [0m[1mhelp[0m: consider using a Cargo feature instead
2026-09-12T10:48:06.4541162Z     [1m[94m= [0m[1mhelp[0m: or consider adding in `Cargo.toml` the `check-cfg` lint config for the lint:
2026-09-12T10:48:06.4541319Z              [lints.rust]
2026-09-12T10:48:06.4541638Z              unexpected_cfgs = { level = "warn", check-cfg = ['cfg(webgpu)'] }
2026-09-12T10:48:06.4542802Z     [1m[94m= [0m[1mhelp[0m: or consider adding `println!("cargo::rustc-check-cfg=cfg(webgpu)");` to the top of the `build.rs`
2026-09-12T10:48:06.4543929Z     [1m[94m= [0m[1mnote[0m: see <https://doc.rust-lang.org/nightly/rustc/check-cfg/cargo-specifics.html> for more information about checking conditional configuration
2026-09-12T10:48:06.4543941Z 
2026-09-12T10:48:06.4544355Z [1m[33mwarning[0m[1m: unexpected `cfg` condition name: `webgpu`[0m
2026-09-12T10:48:06.4544664Z     [1m[94m--> [0mvendor/wgpu-0.20.1/src/context.rs:1561:15
2026-09-12T10:48:06.4544863Z      [1m[94m|[0m
2026-09-12T10:48:06.4545201Z [1m[94m1561[0m [1m[94m|[0m     #[cfg(any(webgpu, webgl))]
2026-09-12T10:48:06.4545809Z      [1m[94m|[0m               [1m[33m^^^^^^[0m [1m[33mhelp: found config with similar value: `feature = "webgpu"`[0m
2026-09-12T10:48:06.4545990Z      [1m[94m|[0m
2026-09-12T10:48:06.4546347Z      [1m[94m= [0m[1mhelp[0m: consider using a Cargo feature instead
2026-09-12T10:48:06.4547169Z      [1m[94m= [0m[1mhelp[0m: or consider adding in `Cargo.toml` the `check-cfg` lint config for the lint:
2026-09-12T10:48:06.4547325Z               [lints.rust]
2026-09-12T10:48:06.4547649Z               unexpected_cfgs = { level = "warn", check-cfg = ['cfg(webgpu)'] }
2026-09-12T10:48:06.4548509Z      [1m[94m= [0m[1mhelp[0m: or consider adding `println!("cargo::rustc-check-cfg=cfg(webgpu)");` to the top of the `build.rs`
2026-09-12T10:48:06.4549591Z      [1m[94m= [0m[1mnote[0m: see <https://doc.rust-lang.org/nightly/rustc/check-cfg/cargo-specifics.html> for more information about checking conditional configuration
2026-09-12T10:48:06.4549869Z 
2026-09-12T10:48:06.4550311Z [1m[33mwarning[0m[1m: unexpected `cfg` condition name: `webgl`[0m
2026-09-12T10:48:06.4550635Z     [1m[94m--> [0mvendor/wgpu-0.20.1/src/context.rs:1561:23
2026-09-12T10:48:06.4550825Z      [1m[94m|[0m
2026-09-12T10:48:06.4551162Z [1m[94m1561[0m [1m[94m|[0m     #[cfg(any(webgpu, webgl))]
2026-09-12T10:48:06.4551789Z      [1m[94m|[0m                       [1m[33m^^^^^[0m [1m[33mhelp: found config with similar value: `feature = "webgl"`[0m
2026-09-12T10:48:06.4551978Z      [1m[94m|[0m
2026-09-12T10:48:06.4552346Z      [1m[94m= [0m[1mhelp[0m: consider using a Cargo feature instead
2026-09-12T10:48:06.4552936Z      [1m[94m= [0m[1mhelp[0m: or consider adding in `Cargo.toml` the `check-cfg` lint config for the lint:
2026-09-12T10:48:06.4553088Z               [lints.rust]
2026-09-12T10:48:06.4553405Z               unexpected_cfgs = { level = "warn", check-cfg = ['cfg(webgl)'] }
2026-09-12T10:48:06.4554253Z      [1m[94m= [0m[1mhelp[0m: or consider adding `println!("cargo::rustc-check-cfg=cfg(webgl)");` to the top of the `build.rs`
2026-09-12T10:48:06.4555320Z      [1m[94m= [0m[1mnote[0m: see <https://doc.rust-lang.org/nightly/rustc/check-cfg/cargo-specifics.html> for more information about checking conditional configuration
2026-09-12T10:48:06.4555333Z 
2026-09-12T10:48:06.4555774Z [1m[33mwarning[0m[1m: unexpected `cfg` condition name: `webgpu`[0m
2026-09-12T10:48:06.4556094Z     [1m[94m--> [0mvendor/wgpu-0.20.1/src/context.rs:2998:15
2026-09-12T10:48:06.4556281Z      [1m[94m|[0m
2026-09-12T10:48:06.4556618Z [1m[94m2998[0m [1m[94m|[0m     #[cfg(any(webgpu, webgl))]
2026-09-12T10:48:06.4557436Z      [1m[94m|[0m               [1m[33m^^^^^^[0m [1m[33mhelp: found config with similar value: `feature = "webgpu"`[0m
2026-09-12T10:48:06.4557609Z      [1m[94m|[0m
2026-09-12T10:48:06.4557941Z      [1m[94m= [0m[1mhelp[0m: consider using a Cargo feature instead
2026-09-12T10:48:06.4558493Z      [1m[94m= [0m[1mhelp[0m: or consider adding in `Cargo.toml` the `check-cfg` lint config for the lint:
2026-09-12T10:48:06.4558639Z               [lints.rust]
2026-09-12T10:48:06.4558918Z               unexpected_cfgs = { level = "warn", check-cfg = ['cfg(webgpu)'] }
2026-09-12T10:48:06.4559956Z      [1m[94m= [0m[1mhelp[0m: or consider adding `println!("cargo::rustc-check-cfg=cfg(webgpu)");` to the top of the `build.rs`
2026-09-12T10:48:06.4561036Z      [1m[94m= [0m[1mnote[0m: see <https://doc.rust-lang.org/nightly/rustc/check-cfg/cargo-specifics.html> for more information about checking conditional configuration
2026-09-12T10:48:06.4561049Z 
2026-09-12T10:48:06.4561459Z [1m[33mwarning[0m[1m: unexpected `cfg` condition name: `webgl`[0m
2026-09-12T10:48:06.4561787Z     [1m[94m--> [0mvendor/wgpu-0.20.1/src/context.rs:2998:23
2026-09-12T10:48:06.4561972Z      [1m[94m|[0m
2026-09-12T10:48:06.4562320Z [1m[94m2998[0m [1m[94m|[0m     #[cfg(any(webgpu, webgl))]
2026-09-12T10:48:06.4562953Z      [1m[94m|[0m                       [1m[33m^^^^^[0m [1m[33mhelp: found config with similar value: `feature = "webgl"`[0m
2026-09-12T10:48:06.4563144Z      [1m[94m|[0m
2026-09-12T10:48:06.4563495Z      [1m[94m= [0m[1mhelp[0m: consider using a Cargo feature instead
2026-09-12T10:48:06.4564105Z      [1m[94m= [0m[1mhelp[0m: or consider adding in `Cargo.toml` the `check-cfg` lint config for the lint:
2026-09-12T10:48:06.4564263Z               [lints.rust]
2026-09-12T10:48:06.4564570Z               unexpected_cfgs = { level = "warn", check-cfg = ['cfg(webgl)'] }
2026-09-12T10:48:06.4565412Z      [1m[94m= [0m[1mhelp[0m: or consider adding `println!("cargo::rustc-check-cfg=cfg(webgl)");` to the top of the `build.rs`
2026-09-12T10:48:06.4566482Z      [1m[94m= [0m[1mnote[0m: see <https://doc.rust-lang.org/nightly/rustc/check-cfg/cargo-specifics.html> for more information about checking conditional configuration
2026-09-12T10:48:06.4567014Z 
2026-09-12T10:48:06.4567513Z [1m[33mwarning[0m[1m: unexpected `cfg` condition name: `wgpu_core`[0m
2026-09-12T10:48:06.4567803Z  [1m[94m--> [0mvendor/wgpu-0.20.1/src/util/init.rs:5:7
2026-09-12T10:48:06.4567983Z   [1m[94m|[0m
2026-09-12T10:48:06.4568236Z [1m[94m5[0m [1m[94m|[0m #[cfg(wgpu_core)]
2026-09-12T10:48:06.4568476Z   [1m[94m|[0m       [1m[33m^^^^^^^^^[0m
2026-09-12T10:48:06.4568658Z   [1m[94m|[0m
2026-09-12T10:48:06.4569032Z   [1m[94m= [0m[1mhelp[0m: consider using a Cargo feature instead
2026-09-12T10:48:06.4569632Z   [1m[94m= [0m[1mhelp[0m: or consider adding in `Cargo.toml` the `check-cfg` lint config for the lint:
2026-09-12T10:48:06.4569783Z            [lints.rust]
2026-09-12T10:48:06.4570109Z            unexpected_cfgs = { level = "warn", check-cfg = ['cfg(wgpu_core)'] }
2026-09-12T10:48:06.4570986Z   [1m[94m= [0m[1mhelp[0m: or consider adding `println!("cargo::rustc-check-cfg=cfg(wgpu_core)");` to the top of the `build.rs`
2026-09-12T10:48:06.4572069Z   [1m[94m= [0m[1mnote[0m: see <https://doc.rust-lang.org/nightly/rustc/check-cfg/cargo-specifics.html> for more information about checking conditional configuration
2026-09-12T10:48:06.4572083Z 
2026-09-12T10:48:06.4572494Z [1m[33mwarning[0m[1m: unexpected `cfg` condition name: `wgpu_core`[0m
2026-09-12T10:48:06.4572808Z  [1m[94m--> [0mvendor/wgpu-0.20.1/src/util/init.rs:9:11
2026-09-12T10:48:06.4572988Z   [1m[94m|[0m
2026-09-12T10:48:06.4573267Z [1m[94m9[0m [1m[94m|[0m #[cfg(not(wgpu_core))]
2026-09-12T10:48:06.4573527Z   [1m[94m|[0m           [1m[33m^^^^^^^^^[0m
2026-09-12T10:48:06.4573703Z   [1m[94m|[0m
2026-09-12T10:48:06.4574031Z   [1m[94m= [0m[1mhelp[0m: consider using a Cargo feature instead
2026-09-12T10:48:06.4574595Z   [1m[94m= [0m[1mhelp[0m: or consider adding in `Cargo.toml` the `check-cfg` lint config for the lint:
2026-09-12T10:48:06.4574742Z            [lints.rust]
2026-09-12T10:48:06.4575055Z            unexpected_cfgs = { level = "warn", check-cfg = ['cfg(wgpu_core)'] }
2026-09-12T10:48:06.4575999Z   [1m[94m= [0m[1mhelp[0m: or consider adding `println!("cargo::rustc-check-cfg=cfg(wgpu_core)");` to the top of the `build.rs`
2026-09-12T10:48:06.4577276Z   [1m[94m= [0m[1mnote[0m: see <https://doc.rust-lang.org/nightly/rustc/check-cfg/cargo-specifics.html> for more information about checking conditional configuration
2026-09-12T10:48:06.4577294Z 
2026-09-12T10:48:06.4577955Z [1m[33mwarning[0m[1m: unexpected `cfg` condition name: `native`[0m
2026-09-12T10:48:06.4578280Z   [1m[94m--> [0mvendor/wgpu-0.20.1/src/util/init.rs:41:7
2026-09-12T10:48:06.4578585Z    [1m[94m|[0m
2026-09-12T10:48:06.4578876Z [1m[94m41[0m [1m[94m|[0m #[cfg(native)]
2026-09-12T10:48:06.4579222Z    [1m[94m|[0m       [1m[33m^^^^^^[0m
2026-09-12T10:48:06.4579687Z    [1m[94m|[0m
2026-09-12T10:48:06.4580194Z    [1m[94m= [0m[1mhelp[0m: consider using a Cargo feature instead
2026-09-12T10:48:06.4580909Z    [1m[94m= [0m[1mhelp[0m: or consider adding in `Cargo.toml` the `check-cfg` lint config for the lint:
2026-09-12T10:48:06.4581165Z             [lints.rust]
2026-09-12T10:48:06.4581563Z             unexpected_cfgs = { level = "warn", check-cfg = ['cfg(native)'] }
2026-09-12T10:48:06.4582674Z    [1m[94m= [0m[1mhelp[0m: or consider adding `println!("cargo::rustc-check-cfg=cfg(native)");` to the top of the `build.rs`
2026-09-12T10:48:06.4583812Z    [1m[94m= [0m[1mnote[0m: see <https://doc.rust-lang.org/nightly/rustc/check-cfg/cargo-specifics.html> for more information about checking conditional configuration
2026-09-12T10:48:06.4583889Z 
2026-09-12T10:48:06.4584345Z [1m[33mwarning[0m[1m: unexpected `cfg` condition name: `native`[0m
2026-09-12T10:48:06.4584780Z   [1m[94m--> [0mvendor/wgpu-0.20.1/src/util/init.rs:73:11
2026-09-12T10:48:06.4585143Z    [1m[94m|[0m
2026-09-12T10:48:06.4585483Z [1m[94m73[0m [1m[94m|[0m #[cfg(not(native))]
2026-09-12T10:48:06.4586113Z    [1m[94m|[0m           [1m[33m^^^^^^[0m
2026-09-12T10:48:06.4586384Z    [1m[94m|[0m
2026-09-12T10:48:06.4587120Z    [1m[94m= [0m[1mhelp[0m: consider using a Cargo feature instead
2026-09-12T10:48:06.4587840Z    [1m[94m= [0m[1mhelp[0m: or consider adding in `Cargo.toml` the `check-cfg` lint config for the lint:
2026-09-12T10:48:06.4588027Z             [lints.rust]
2026-09-12T10:48:06.4588382Z             unexpected_cfgs = { level = "warn", check-cfg = ['cfg(native)'] }
2026-09-12T10:48:06.4589207Z    [1m[94m= [0m[1mhelp[0m: or consider adding `println!("cargo::rustc-check-cfg=cfg(native)");` to the top of the `build.rs`
2026-09-12T10:48:06.4612090Z    [1m[94m= [0m[1mnote[0m: see <https://doc.rust-lang.org/nightly/rustc/check-cfg/cargo-specifics.html> for more information about checking conditional configuration
2026-09-12T10:48:06.4612123Z 
2026-09-12T10:48:06.4612649Z [1m[33mwarning[0m[1m: unexpected `cfg` condition name: `webgpu`[0m
2026-09-12T10:48:06.4612979Z    [1m[94m--> [0mvendor/wgpu-0.20.1/src/lib.rs:626:15
2026-09-12T10:48:06.4613152Z     [1m[94m|[0m
2026-09-12T10:48:06.4613485Z [1m[94m626[0m [1m[94m|[0m     #[cfg(any(webgpu, webgl))]
2026-09-12T10:48:06.4614083Z     [1m[94m|[0m               [1m[33m^^^^^^[0m [1m[33mhelp: found config with similar value: `feature = "webgpu"`[0m
2026-09-12T10:48:06.4614249Z     [1m[94m|[0m
2026-09-12T10:48:06.4614625Z     [1m[94m= [0m[1mhelp[0m: consider using a Cargo feature instead
2026-09-12T10:48:06.4615231Z     [1m[94m= [0m[1mhelp[0m: or consider adding in `Cargo.toml` the `check-cfg` lint config for the lint:
2026-09-12T10:48:06.4615377Z              [lints.rust]
2026-09-12T10:48:06.4615692Z              unexpected_cfgs = { level = "warn", check-cfg = ['cfg(webgpu)'] }
2026-09-12T10:48:06.4616548Z     [1m[94m= [0m[1mhelp[0m: or consider adding `println!("cargo::rustc-check-cfg=cfg(webgpu)");` to the top of the `build.rs`
2026-09-12T10:48:06.4617832Z     [1m[94m= [0m[1mnote[0m: see <https://doc.rust-lang.org/nightly/rustc/check-cfg/cargo-specifics.html> for more information about checking conditional configuration
2026-09-12T10:48:06.4617851Z 
2026-09-12T10:48:06.4618255Z [1m[33mwarning[0m[1m: unexpected `cfg` condition name: `webgl`[0m
2026-09-12T10:48:06.4618559Z    [1m[94m--> [0mvendor/wgpu-0.20.1/src/lib.rs:626:23
2026-09-12T10:48:06.4618727Z     [1m[94m|[0m
2026-09-12T10:48:06.4619052Z [1m[94m626[0m [1m[94m|[0m     #[cfg(any(webgpu, webgl))]
2026-09-12T10:48:06.4619977Z     [1m[94m|[0m                       [1m[33m^^^^^[0m [1m[33mhelp: found config with similar value: `feature = "webgl"`[0m
2026-09-12T10:48:06.4620159Z     [1m[94m|[0m
2026-09-12T10:48:06.4620527Z     [1m[94m= [0m[1mhelp[0m: consider using a Cargo feature instead
2026-09-12T10:48:06.4621116Z     [1m[94m= [0m[1mhelp[0m: or consider adding in `Cargo.toml` the `check-cfg` lint config for the lint:
2026-09-12T10:48:06.4621258Z              [lints.rust]
2026-09-12T10:48:06.4621572Z              unexpected_cfgs = { level = "warn", check-cfg = ['cfg(webgl)'] }
2026-09-12T10:48:06.4622381Z     [1m[94m= [0m[1mhelp[0m: or consider adding `println!("cargo::rustc-check-cfg=cfg(webgl)");` to the top of the `build.rs`
2026-09-12T10:48:06.4623408Z     [1m[94m= [0m[1mnote[0m: see <https://doc.rust-lang.org/nightly/rustc/check-cfg/cargo-specifics.html> for more information about checking conditional configuration
2026-09-12T10:48:06.4623418Z 
2026-09-12T10:48:06.4623829Z [1m[33mwarning[0m[1m: unexpected `cfg` condition name: `webgpu`[0m
2026-09-12T10:48:06.4624147Z    [1m[94m--> [0mvendor/wgpu-0.20.1/src/lib.rs:638:15
2026-09-12T10:48:06.4624329Z     [1m[94m|[0m
2026-09-12T10:48:06.4624658Z [1m[94m638[0m [1m[94m|[0m     #[cfg(any(webgpu, webgl))]
2026-09-12T10:48:06.4625274Z     [1m[94m|[0m               [1m[33m^^^^^^[0m [1m[33mhelp: found config with similar value: `feature = "webgpu"`[0m
2026-09-12T10:48:06.4625452Z     [1m[94m|[0m
2026-09-12T10:48:06.4626077Z     [1m[94m= [0m[1mhelp[0m: consider using a Cargo feature instead
2026-09-12T10:48:06.4626658Z     [1m[94m= [0m[1mhelp[0m: or consider adding in `Cargo.toml` the `check-cfg` lint config for the lint:
2026-09-12T10:48:06.4627050Z              [lints.rust]
2026-09-12T10:48:06.4627373Z              unexpected_cfgs = { level = "warn", check-cfg = ['cfg(webgpu)'] }
2026-09-12T10:48:06.4628201Z     [1m[94m= [0m[1mhelp[0m: or consider adding `println!("cargo::rustc-check-cfg=cfg(webgpu)");` to the top of the `build.rs`
2026-09-12T10:48:06.4629266Z     [1m[94m= [0m[1mnote[0m: see <https://doc.rust-lang.org/nightly/rustc/check-cfg/cargo-specifics.html> for more information about checking conditional configuration
2026-09-12T10:48:06.4629276Z 
2026-09-12T10:48:06.4629661Z [1m[33mwarning[0m[1m: unexpected `cfg` condition name: `webgl`[0m
2026-09-12T10:48:06.4629962Z    [1m[94m--> [0mvendor/wgpu-0.20.1/src/lib.rs:638:23
2026-09-12T10:48:06.4630127Z     [1m[94m|[0m
2026-09-12T10:48:06.4630457Z [1m[94m638[0m [1m[94m|[0m     #[cfg(any(webgpu, webgl))]
2026-09-12T10:48:06.4631053Z     [1m[94m|[0m                       [1m[33m^^^^^[0m [1m[33mhelp: found config with similar value: `feature = "webgl"`[0m
2026-09-12T10:48:06.4631235Z     [1m[94m|[0m
2026-09-12T10:48:06.4631592Z     [1m[94m= [0m[1mhelp[0m: consider using a Cargo feature instead
2026-09-12T10:48:06.4632169Z     [1m[94m= [0m[1mhelp[0m: or consider adding in `Cargo.toml` the `check-cfg` lint config for the lint:
2026-09-12T10:48:06.4632335Z              [lints.rust]
2026-09-12T10:48:06.4632650Z              unexpected_cfgs = { level = "warn", check-cfg = ['cfg(webgl)'] }
2026-09-12T10:48:06.4633463Z     [1m[94m= [0m[1mhelp[0m: or consider adding `println!("cargo::rustc-check-cfg=cfg(webgl)");` to the top of the `build.rs`
2026-09-12T10:48:06.4634511Z     [1m[94m= [0m[1mnote[0m: see <https://doc.rust-lang.org/nightly/rustc/check-cfg/cargo-specifics.html> for more information about checking conditional configuration
2026-09-12T10:48:06.4634530Z 
2026-09-12T10:48:06.4634935Z [1m[33mwarning[0m[1m: unexpected `cfg` condition name: `metal`[0m
2026-09-12T10:48:06.4635243Z    [1m[94m--> [0mvendor/wgpu-0.20.1/src/lib.rs:683:11
2026-09-12T10:48:06.4635411Z     [1m[94m|[0m
2026-09-12T10:48:06.4635673Z [1m[94m683[0m [1m[94m|[0m     #[cfg(metal)]
2026-09-12T10:48:06.4636243Z     [1m[94m|[0m           [1m[33m^^^^^[0m [1m[33mhelp: found config with similar value: `feature = "metal"`[0m
2026-09-12T10:48:06.4636976Z     [1m[94m|[0m
2026-09-12T10:48:06.4637377Z     [1m[94m= [0m[1mhelp[0m: consider using a Cargo feature instead
2026-09-12T10:48:06.4637967Z     [1m[94m= [0m[1mhelp[0m: or consider adding in `Cargo.toml` the `check-cfg` lint config for the lint:
2026-09-12T10:48:06.4638117Z              [lints.rust]
2026-09-12T10:48:06.4638425Z              unexpected_cfgs = { level = "warn", check-cfg = ['cfg(metal)'] }
2026-09-12T10:48:06.4639255Z     [1m[94m= [0m[1mhelp[0m: or consider adding `println!("cargo::rustc-check-cfg=cfg(metal)");` to the top of the `build.rs`
2026-09-12T10:48:06.4640319Z     [1m[94m= [0m[1mnote[0m: see <https://doc.rust-lang.org/nightly/rustc/check-cfg/cargo-specifics.html> for more information about checking conditional configuration
2026-09-12T10:48:06.4640331Z 
2026-09-12T10:48:06.4640729Z [1m[33mwarning[0m[1m: unexpected `cfg` condition name: `dx12`[0m
2026-09-12T10:48:06.4641018Z    [1m[94m--> [0mvendor/wgpu-0.20.1/src/lib.rs:691:11
2026-09-12T10:48:06.4641204Z     [1m[94m|[0m
2026-09-12T10:48:06.4641464Z [1m[94m691[0m [1m[94m|[0m     #[cfg(dx12)]
2026-09-12T10:48:06.4642038Z     [1m[94m|[0m           [1m[33m^^^^[0m [1m[33mhelp: found config with similar value: `feature = "dx12"`[0m
2026-09-12T10:48:06.4642217Z     [1m[94m|[0m
2026-09-12T10:48:06.4642583Z     [1m[94m= [0m[1mhelp[0m: consider using a Cargo feature instead
2026-09-12T10:48:06.4643157Z     [1m[94m= [0m[1mhelp[0m: or consider adding in `Cargo.toml` the `check-cfg` lint config for the lint:
2026-09-12T10:48:06.4643550Z              [lints.rust]
2026-09-12T10:48:06.4643862Z              unexpected_cfgs = { level = "warn", check-cfg = ['cfg(dx12)'] }
2026-09-12T10:48:06.4644704Z     [1m[94m= [0m[1mhelp[0m: or consider adding `println!("cargo::rustc-check-cfg=cfg(dx12)");` to the top of the `build.rs`
2026-09-12T10:48:06.4645798Z     [1m[94m= [0m[1mnote[0m: see <https://doc.rust-lang.org/nightly/rustc/check-cfg/cargo-specifics.html> for more information about checking conditional configuration
2026-09-12T10:48:06.4645809Z 
2026-09-12T10:48:06.4646197Z [1m[33mwarning[0m[1m: unexpected `cfg` condition name: `dx12`[0m
2026-09-12T10:48:06.4646486Z    [1m[94m--> [0mvendor/wgpu-0.20.1/src/lib.rs:699:11
2026-09-12T10:48:06.4646670Z     [1m[94m|[0m
2026-09-12T10:48:06.4647142Z [1m[94m699[0m [1m[94m|[0m     #[cfg(dx12)]
2026-09-12T10:48:06.4647689Z     [1m[94m|[0m           [1m[33m^^^^[0m [1m[33mhelp: found config with similar value: `feature = "dx12"`[0m
2026-09-12T10:48:06.4647885Z     [1m[94m|[0m
2026-09-12T10:48:06.4648247Z     [1m[94m= [0m[1mhelp[0m: consider using a Cargo feature instead
2026-09-12T10:48:06.4648802Z     [1m[94m= [0m[1mhelp[0m: or consider adding in `Cargo.toml` the `check-cfg` lint config for the lint:
2026-09-12T10:48:06.4648957Z              [lints.rust]
2026-09-12T10:48:06.4649271Z              unexpected_cfgs = { level = "warn", check-cfg = ['cfg(dx12)'] }
2026-09-12T10:48:06.4650122Z     [1m[94m= [0m[1mhelp[0m: or consider adding `println!("cargo::rustc-check-cfg=cfg(dx12)");` to the top of the `build.rs`
2026-09-12T10:48:06.4651204Z     [1m[94m= [0m[1mnote[0m: see <https://doc.rust-lang.org/nightly/rustc/check-cfg/cargo-specifics.html> for more information about checking conditional configuration
2026-09-12T10:48:06.4651214Z 
2026-09-12T10:48:06.4651599Z [1m[33mwarning[0m[1m: unexpected `cfg` condition name: `dx12`[0m
2026-09-12T10:48:06.4651894Z    [1m[94m--> [0mvendor/wgpu-0.20.1/src/lib.rs:707:11
2026-09-12T10:48:06.4652078Z     [1m[94m|[0m
2026-09-12T10:48:06.4652334Z [1m[94m707[0m [1m[94m|[0m     #[cfg(dx12)]
2026-09-12T10:48:06.4652894Z     [1m[94m|[0m           [1m[33m^^^^[0m [1m[33mhelp: found config with similar value: `feature = "dx12"`[0m
2026-09-12T10:48:06.4653070Z     [1m[94m|[0m
2026-09-12T10:48:06.4653418Z     [1m[94m= [0m[1mhelp[0m: consider using a Cargo feature instead
2026-09-12T10:48:06.4654247Z     [1m[94m= [0m[1mhelp[0m: or consider adding in `Cargo.toml` the `check-cfg` lint config for the lint:
2026-09-12T10:48:06.4654405Z              [lints.rust]
2026-09-12T10:48:06.4654702Z              unexpected_cfgs = { level = "warn", check-cfg = ['cfg(dx12)'] }
2026-09-12T10:48:06.4655482Z     [1m[94m= [0m[1mhelp[0m: or consider adding `println!("cargo::rustc-check-cfg=cfg(dx12)");` to the top of the `build.rs`
2026-09-12T10:48:06.4656419Z     [1m[94m= [0m[1mnote[0m: see <https://doc.rust-lang.org/nightly/rustc/check-cfg/cargo-specifics.html> for more information about checking conditional configuration
2026-09-12T10:48:06.4656437Z 
2026-09-12T10:48:06.4657066Z [1m[33mwarning[0m[1m: unexpected `cfg` condition name: `wgpu_core`[0m
2026-09-12T10:48:06.4657382Z     [1m[94m--> [0mvendor/wgpu-0.20.1/src/lib.rs:2047:11
2026-09-12T10:48:06.4657565Z      [1m[94m|[0m
2026-09-12T10:48:06.4657857Z [1m[94m2047[0m [1m[94m|[0m     #[cfg(wgpu_core)]
2026-09-12T10:48:06.4658105Z      [1m[94m|[0m           [1m[33m^^^^^^^^^[0m
2026-09-12T10:48:06.4658291Z      [1m[94m|[0m
2026-09-12T10:48:06.4658660Z      [1m[94m= [0m[1mhelp[0m: consider using a Cargo feature instead
2026-09-12T10:48:06.4659248Z      [1m[94m= [0m[1mhelp[0m: or consider adding in `Cargo.toml` the `check-cfg` lint config for the lint:
2026-09-12T10:48:06.4659403Z               [lints.rust]
2026-09-12T10:48:06.4659731Z               unexpected_cfgs = { level = "warn", check-cfg = ['cfg(wgpu_core)'] }
2026-09-12T10:48:06.4660598Z      [1m[94m= [0m[1mhelp[0m: or consider adding `println!("cargo::rustc-check-cfg=cfg(wgpu_core)");` to the top of the `build.rs`
2026-09-12T10:48:06.4661982Z      [1m[94m= [0m[1mnote[0m: see <https://doc.rust-lang.org/nightly/rustc/check-cfg/cargo-specifics.html> for more information about checking conditional configuration
2026-09-12T10:48:06.4661996Z 
2026-09-12T10:48:06.4662418Z [1m[33mwarning[0m[1m: unexpected `cfg` condition name: `wgpu_core`[0m
2026-09-12T10:48:06.4662720Z     [1m[94m--> [0mvendor/wgpu-0.20.1/src/lib.rs:2066:11
2026-09-12T10:48:06.4662907Z      [1m[94m|[0m
2026-09-12T10:48:06.4663193Z [1m[94m2066[0m [1m[94m|[0m     #[cfg(wgpu_core)]
2026-09-12T10:48:06.4663439Z      [1m[94m|[0m           [1m[33m^^^^^^^^^[0m
2026-09-12T10:48:06.4663614Z      [1m[94m|[0m
2026-09-12T10:48:06.4663974Z      [1m[94m= [0m[1mhelp[0m: consider using a Cargo feature instead
2026-09-12T10:48:06.4664595Z      [1m[94m= [0m[1mhelp[0m: or consider adding in `Cargo.toml` the `check-cfg` lint config for the lint:
2026-09-12T10:48:06.4664764Z               [lints.rust]
2026-09-12T10:48:06.4665091Z               unexpected_cfgs = { level = "warn", check-cfg = ['cfg(wgpu_core)'] }
2026-09-12T10:48:06.4665965Z      [1m[94m= [0m[1mhelp[0m: or consider adding `println!("cargo::rustc-check-cfg=cfg(wgpu_core)");` to the top of the `build.rs`
2026-09-12T10:48:06.4667295Z      [1m[94m= [0m[1mnote[0m: see <https://doc.rust-lang.org/nightly/rustc/check-cfg/cargo-specifics.html> for more information about checking conditional configuration
2026-09-12T10:48:06.4667312Z 
2026-09-12T10:48:06.4667743Z [1m[33mwarning[0m[1m: unexpected `cfg` condition name: `wgpu_core`[0m
2026-09-12T10:48:06.4668035Z     [1m[94m--> [0mvendor/wgpu-0.20.1/src/lib.rs:2084:11
2026-09-12T10:48:06.4668214Z      [1m[94m|[0m
2026-09-12T10:48:06.4668487Z [1m[94m2084[0m [1m[94m|[0m     #[cfg(wgpu_core)]
2026-09-12T10:48:06.4668743Z      [1m[94m|[0m           [1m[33m^^^^^^^^^[0m
2026-09-12T10:48:06.4668924Z      [1m[94m|[0m
2026-09-12T10:48:06.4669272Z      [1m[94m= [0m[1mhelp[0m: consider using a Cargo feature instead
2026-09-12T10:48:06.4669868Z      [1m[94m= [0m[1mhelp[0m: or consider adding in `Cargo.toml` the `check-cfg` lint config for the lint:
2026-09-12T10:48:06.4670022Z               [lints.rust]
2026-09-12T10:48:06.4670341Z               unexpected_cfgs = { level = "warn", check-cfg = ['cfg(wgpu_core)'] }
2026-09-12T10:48:06.4671472Z      [1m[94m= [0m[1mhelp[0m: or consider adding `println!("cargo::rustc-check-cfg=cfg(wgpu_core)");` to the top of the `build.rs`
2026-09-12T10:48:06.4672581Z      [1m[94m= [0m[1mnote[0m: see <https://doc.rust-lang.org/nightly/rustc/check-cfg/cargo-specifics.html> for more information about checking conditional configuration
2026-09-12T10:48:06.4672594Z 
2026-09-12T10:48:06.4673020Z [1m[33mwarning[0m[1m: unexpected `cfg` condition name: `wgpu_core`[0m
2026-09-12T10:48:06.4673329Z     [1m[94m--> [0mvendor/wgpu-0.20.1/src/lib.rs:2101:11
2026-09-12T10:48:06.4673517Z      [1m[94m|[0m
2026-09-12T10:48:06.4673784Z [1m[94m2101[0m [1m[94m|[0m     #[cfg(wgpu_core)]
2026-09-12T10:48:06.4674044Z      [1m[94m|[0m           [1m[33m^^^^^^^^^[0m
2026-09-12T10:48:06.4674222Z      [1m[94m|[0m
2026-09-12T10:48:06.4674570Z      [1m[94m= [0m[1mhelp[0m: consider using a Cargo feature instead
2026-09-12T10:48:06.4675151Z      [1m[94m= [0m[1mhelp[0m: or consider adding in `Cargo.toml` the `check-cfg` lint config for the lint:
2026-09-12T10:48:06.4675315Z               [lints.rust]
2026-09-12T10:48:06.4675723Z               unexpected_cfgs = { level = "warn", check-cfg = ['cfg(wgpu_core)'] }
2026-09-12T10:48:06.4676595Z      [1m[94m= [0m[1mhelp[0m: or consider adding `println!("cargo::rustc-check-cfg=cfg(wgpu_core)");` to the top of the `build.rs`
2026-09-12T10:48:06.4677861Z      [1m[94m= [0m[1mnote[0m: see <https://doc.rust-lang.org/nightly/rustc/check-cfg/cargo-specifics.html> for more information about checking conditional configuration
2026-09-12T10:48:06.4678130Z 
2026-09-12T10:48:06.4678543Z [1m[33mwarning[0m[1m: unexpected `cfg` condition name: `wgpu_core`[0m
2026-09-12T10:48:06.4678842Z     [1m[94m--> [0mvendor/wgpu-0.20.1/src/lib.rs:2143:11
2026-09-12T10:48:06.4679007Z      [1m[94m|[0m
2026-09-12T10:48:06.4679250Z [1m[94m2143[0m [1m[94m|[0m     #[cfg(wgpu_core)]
2026-09-12T10:48:06.4679495Z      [1m[94m|[0m           [1m[33m^^^^^^^^^[0m
2026-09-12T10:48:06.4679664Z      [1m[94m|[0m
2026-09-12T10:48:06.4680021Z      [1m[94m= [0m[1mhelp[0m: consider using a Cargo feature instead
2026-09-12T10:48:06.4680599Z      [1m[94m= [0m[1mhelp[0m: or consider adding in `Cargo.toml` the `check-cfg` lint config for the lint:
2026-09-12T10:48:06.4680749Z               [lints.rust]
2026-09-12T10:48:06.4681055Z               unexpected_cfgs = { level = "warn", check-cfg = ['cfg(wgpu_core)'] }
2026-09-12T10:48:06.4681898Z      [1m[94m= [0m[1mhelp[0m: or consider adding `println!("cargo::rustc-check-cfg=cfg(wgpu_core)");` to the top of the `build.rs`
2026-09-12T10:48:06.4682957Z      [1m[94m= [0m[1mnote[0m: see <https://doc.rust-lang.org/nightly/rustc/check-cfg/cargo-specifics.html> for more information about checking conditional configuration
2026-09-12T10:48:06.4682966Z 
2026-09-12T10:48:06.4683364Z [1m[33mwarning[0m[1m: unexpected `cfg` condition name: `wgpu_core`[0m
2026-09-12T10:48:06.4683662Z     [1m[94m--> [0mvendor/wgpu-0.20.1/src/lib.rs:2287:11
2026-09-12T10:48:06.4683840Z      [1m[94m|[0m
2026-09-12T10:48:06.4684112Z [1m[94m2287[0m [1m[94m|[0m     #[cfg(wgpu_core)]
2026-09-12T10:48:06.4684361Z      [1m[94m|[0m           [1m[33m^^^^^^^^^[0m
2026-09-12T10:48:06.4684521Z      [1m[94m|[0m
2026-09-12T10:48:06.4684861Z      [1m[94m= [0m[1mhelp[0m: consider using a Cargo feature instead
2026-09-12T10:48:06.4685448Z      [1m[94m= [0m[1mhelp[0m: or consider adding in `Cargo.toml` the `check-cfg` lint config for the lint:
2026-09-12T10:48:06.4685599Z               [lints.rust]
2026-09-12T10:48:06.4685917Z               unexpected_cfgs = { level = "warn", check-cfg = ['cfg(wgpu_core)'] }
2026-09-12T10:48:06.4686991Z      [1m[94m= [0m[1mhelp[0m: or consider adding `println!("cargo::rustc-check-cfg=cfg(wgpu_core)");` to the top of the `build.rs`
2026-09-12T10:48:06.4688071Z      [1m[94m= [0m[1mnote[0m: see <https://doc.rust-lang.org/nightly/rustc/check-cfg/cargo-specifics.html> for more information about checking conditional configuration
2026-09-12T10:48:06.4688081Z 
2026-09-12T10:48:06.4688707Z [1m[33mwarning[0m[1m: unexpected `cfg` condition name: `native`[0m
2026-09-12T10:48:06.4689018Z     [1m[94m--> [0mvendor/wgpu-0.20.1/src/lib.rs:1946:17
2026-09-12T10:48:06.4689194Z      [1m[94m|[0m
2026-09-12T10:48:06.4689472Z [1m[94m1946[0m [1m[94m|[0m         if cfg!(native) {
2026-09-12T10:48:06.4689729Z      [1m[94m|[0m                 [1m[33m^^^^^^[0m
2026-09-12T10:48:06.4689892Z      [1m[94m|[0m
2026-09-12T10:48:06.4690248Z      [1m[94m= [0m[1mhelp[0m: consider using a Cargo feature instead
2026-09-12T10:48:06.4690849Z      [1m[94m= [0m[1mhelp[0m: or consider adding in `Cargo.toml` the `check-cfg` lint config for the lint:
2026-09-12T10:48:06.4690990Z               [lints.rust]
2026-09-12T10:48:06.4691307Z               unexpected_cfgs = { level = "warn", check-cfg = ['cfg(native)'] }
2026-09-12T10:48:06.4692124Z      [1m[94m= [0m[1mhelp[0m: or consider adding `println!("cargo::rustc-check-cfg=cfg(native)");` to the top of the `build.rs`
2026-09-12T10:48:06.4693155Z      [1m[94m= [0m[1mnote[0m: see <https://doc.rust-lang.org/nightly/rustc/check-cfg/cargo-specifics.html> for more information about checking conditional configuration
2026-09-12T10:48:06.4693173Z 
2026-09-12T10:48:06.4693542Z [1m[33mwarning[0m[1m: unexpected `cfg` condition name: `metal`[0m
2026-09-12T10:48:06.4693818Z     [1m[94m--> [0mvendor/wgpu-0.20.1/src/lib.rs:1947:21
2026-09-12T10:48:06.4693989Z      [1m[94m|[0m
2026-09-12T10:48:06.4694521Z [1m[94m1947[0m [1m[94m|[0m             if cfg!(metal) {
2026-09-12T10:48:06.4695133Z      [1m[94m|[0m                     [1m[33m^^^^^[0m [1m[33mhelp: found config with similar value: `feature = "metal"`[0m
2026-09-12T10:48:06.4695302Z      [1m[94m|[0m
2026-09-12T10:48:06.4695655Z      [1m[94m= [0m[1mhelp[0m: consider using a Cargo feature instead
2026-09-12T10:48:06.4696238Z      [1m[94m= [0m[1mhelp[0m: or consider adding in `Cargo.toml` the `check-cfg` lint config for the lint:
2026-09-12T10:48:06.4696390Z               [lints.rust]
2026-09-12T10:48:06.4696911Z               unexpected_cfgs = { level = "warn", check-cfg = ['cfg(metal)'] }
2026-09-12T10:48:06.4697764Z      [1m[94m= [0m[1mhelp[0m: or consider adding `println!("cargo::rustc-check-cfg=cfg(metal)");` to the top of the `build.rs`
2026-09-12T10:48:06.4698814Z      [1m[94m= [0m[1mnote[0m: see <https://doc.rust-lang.org/nightly/rustc/check-cfg/cargo-specifics.html> for more information about checking conditional configuration
2026-09-12T10:48:06.4698847Z 
2026-09-12T10:48:06.4699225Z [1m[33mwarning[0m[1m: unexpected `cfg` condition name: `dx12`[0m
2026-09-12T10:48:06.4699528Z     [1m[94m--> [0mvendor/wgpu-0.20.1/src/lib.rs:1950:21
2026-09-12T10:48:06.4699702Z      [1m[94m|[0m
2026-09-12T10:48:06.4700018Z [1m[94m1950[0m [1m[94m|[0m             if cfg!(dx12) {
2026-09-12T10:48:06.4700647Z      [1m[94m|[0m                     [1m[33m^^^^[0m [1m[33mhelp: found config with similar value: `feature = "dx12"`[0m
2026-09-12T10:48:06.4700830Z      [1m[94m|[0m
2026-09-12T10:48:06.4701196Z      [1m[94m= [0m[1mhelp[0m: consider using a Cargo feature instead
2026-09-12T10:48:06.4701802Z      [1m[94m= [0m[1mhelp[0m: or consider adding in `Cargo.toml` the `check-cfg` lint config for the lint:
2026-09-12T10:48:06.4701954Z               [lints.rust]
2026-09-12T10:48:06.4702272Z               unexpected_cfgs = { level = "warn", check-cfg = ['cfg(dx12)'] }
2026-09-12T10:48:06.4703088Z      [1m[94m= [0m[1mhelp[0m: or consider adding `println!("cargo::rustc-check-cfg=cfg(dx12)");` to the top of the `build.rs`
2026-09-12T10:48:06.4704140Z      [1m[94m= [0m[1mnote[0m: see <https://doc.rust-lang.org/nightly/rustc/check-cfg/cargo-specifics.html> for more information about checking conditional configuration
2026-09-12T10:48:06.4704157Z 
2026-09-12T10:48:06.4704549Z [1m[33mwarning[0m[1m: unexpected `cfg` condition name: `webgpu`[0m
2026-09-12T10:48:06.4704864Z     [1m[94m--> [0mvendor/wgpu-0.20.1/src/lib.rs:1972:21
2026-09-12T10:48:06.4705310Z      [1m[94m|[0m
2026-09-12T10:48:06.4705651Z [1m[94m1972[0m [1m[94m|[0m             if cfg!(webgpu) {
2026-09-12T10:48:06.4706283Z      [1m[94m|[0m                     [1m[33m^^^^^^[0m [1m[33mhelp: found config with similar value: `feature = "webgpu"`[0m
2026-09-12T10:48:06.4706448Z      [1m[94m|[0m
2026-09-12T10:48:06.4707019Z      [1m[94m= [0m[1mhelp[0m: consider using a Cargo feature instead
2026-09-12T10:48:06.4707625Z      [1m[94m= [0m[1mhelp[0m: or consider adding in `Cargo.toml` the `check-cfg` lint config for the lint:
2026-09-12T10:48:06.4707769Z               [lints.rust]
2026-09-12T10:48:06.4708086Z               unexpected_cfgs = { level = "warn", check-cfg = ['cfg(webgpu)'] }
2026-09-12T10:48:06.4708927Z      [1m[94m= [0m[1mhelp[0m: or consider adding `println!("cargo::rustc-check-cfg=cfg(webgpu)");` to the top of the `build.rs`
2026-09-12T10:48:06.4710011Z      [1m[94m= [0m[1mnote[0m: see <https://doc.rust-lang.org/nightly/rustc/check-cfg/cargo-specifics.html> for more information about checking conditional configuration
2026-09-12T10:48:06.4710025Z 
2026-09-12T10:48:06.4710433Z [1m[33mwarning[0m[1m: unexpected `cfg` condition name: `webgl`[0m
2026-09-12T10:48:06.4710741Z     [1m[94m--> [0mvendor/wgpu-0.20.1/src/lib.rs:1975:21
2026-09-12T10:48:06.4710914Z      [1m[94m|[0m
2026-09-12T10:48:06.4711230Z [1m[94m1975[0m [1m[94m|[0m             if cfg!(webgl) {
2026-09-12T10:48:06.4712095Z      [1m[94m|[0m                     [1m[33m^^^^^[0m [1m[33mhelp: found config with similar value: `feature = "webgl"`[0m
2026-09-12T10:48:06.4712268Z      [1m[94m|[0m
2026-09-12T10:48:06.4712624Z      [1m[94m= [0m[1mhelp[0m: consider using a Cargo feature instead
2026-09-12T10:48:06.4713216Z      [1m[94m= [0m[1mhelp[0m: or consider adding in `Cargo.toml` the `check-cfg` lint config for the lint:
2026-09-12T10:48:06.4713361Z               [lints.rust]
2026-09-12T10:48:06.4713689Z               unexpected_cfgs = { level = "warn", check-cfg = ['cfg(webgl)'] }
2026-09-12T10:48:06.4714543Z      [1m[94m= [0m[1mhelp[0m: or consider adding `println!("cargo::rustc-check-cfg=cfg(webgl)");` to the top of the `build.rs`
2026-09-12T10:48:06.4715608Z      [1m[94m= [0m[1mnote[0m: see <https://doc.rust-lang.org/nightly/rustc/check-cfg/cargo-specifics.html> for more information about checking conditional configuration
2026-09-12T10:48:06.4715619Z 
2026-09-12T10:48:06.4716022Z [1m[33mwarning[0m[1m: unexpected `cfg` condition name: `webgpu`[0m
2026-09-12T10:48:06.4716345Z     [1m[94m--> [0mvendor/wgpu-0.20.1/src/lib.rs:2012:15
2026-09-12T10:48:06.4716513Z      [1m[94m|[0m
2026-09-12T10:48:06.4717036Z [1m[94m2012[0m [1m[94m|[0m         #[cfg(webgpu)]
2026-09-12T10:48:06.4717607Z      [1m[94m|[0m               [1m[33m^^^^^^[0m [1m[33mhelp: found config with similar value: `feature = "webgpu"`[0m
2026-09-12T10:48:06.4717783Z      [1m[94m|[0m
2026-09-12T10:48:06.4718144Z      [1m[94m= [0m[1mhelp[0m: consider using a Cargo feature instead
2026-09-12T10:48:06.4718700Z      [1m[94m= [0m[1mhelp[0m: or consider adding in `Cargo.toml` the `check-cfg` lint config for the lint:
2026-09-12T10:48:06.4718854Z               [lints.rust]
2026-09-12T10:48:06.4719168Z               unexpected_cfgs = { level = "warn", check-cfg = ['cfg(webgpu)'] }
2026-09-12T10:48:06.4719987Z      [1m[94m= [0m[1mhelp[0m: or consider adding `println!("cargo::rustc-check-cfg=cfg(webgpu)");` to the top of the `build.rs`
2026-09-12T10:48:06.4721025Z      [1m[94m= [0m[1mnote[0m: see <https://doc.rust-lang.org/nightly/rustc/check-cfg/cargo-specifics.html> for more information about checking conditional configuration
2026-09-12T10:48:06.4721036Z 
2026-09-12T10:48:06.4721445Z [1m[33mwarning[0m[1m: unexpected `cfg` condition name: `wgpu_core`[0m
2026-09-12T10:48:06.4721739Z     [1m[94m--> [0mvendor/wgpu-0.20.1/src/lib.rs:2026:15
2026-09-12T10:48:06.4721919Z      [1m[94m|[0m
2026-09-12T10:48:06.4722459Z [1m[94m2026[0m [1m[94m|[0m         #[cfg(wgpu_core)]
2026-09-12T10:48:06.4722729Z      [1m[94m|[0m               [1m[33m^^^^^^^^^[0m
2026-09-12T10:48:06.4722901Z      [1m[94m|[0m
2026-09-12T10:48:06.4723247Z      [1m[94m= [0m[1mhelp[0m: consider using a Cargo feature instead
2026-09-12T10:48:06.4723808Z      [1m[94m= [0m[1mhelp[0m: or consider adding in `Cargo.toml` the `check-cfg` lint config for the lint:
2026-09-12T10:48:06.4723956Z               [lints.rust]
2026-09-12T10:48:06.4724270Z               unexpected_cfgs = { level = "warn", check-cfg = ['cfg(wgpu_core)'] }
2026-09-12T10:48:06.4725120Z      [1m[94m= [0m[1mhelp[0m: or consider adding `println!("cargo::rustc-check-cfg=cfg(wgpu_core)");` to the top of the `build.rs`
2026-09-12T10:48:06.4726174Z      [1m[94m= [0m[1mnote[0m: see <https://doc.rust-lang.org/nightly/rustc/check-cfg/cargo-specifics.html> for more information about checking conditional configuration
2026-09-12T10:48:06.4726184Z 
2026-09-12T10:48:06.4726590Z [1m[33mwarning[0m[1m: unexpected `cfg` condition name: `webgpu`[0m
2026-09-12T10:48:06.4727105Z     [1m[94m--> [0mvendor/wgpu-0.20.1/src/lib.rs:2193:23
2026-09-12T10:48:06.4727287Z      [1m[94m|[0m
2026-09-12T10:48:06.4727630Z [1m[94m2193[0m [1m[94m|[0m             #[cfg(any(webgpu, webgl))]
2026-09-12T10:48:06.4728253Z      [1m[94m|[0m                       [1m[33m^^^^^^[0m [1m[33mhelp: found config with similar value: `feature = "webgpu"`[0m
2026-09-12T10:48:06.4728668Z      [1m[94m|[0m
2026-09-12T10:48:06.4729016Z      [1m[94m= [0m[1mhelp[0m: consider using a Cargo feature instead
2026-09-12T10:48:06.4729597Z      [1m[94m= [0m[1mhelp[0m: or consider adding in `Cargo.toml` the `check-cfg` lint config for the lint:
2026-09-12T10:48:06.4729754Z               [lints.rust]
2026-09-12T10:48:06.4730067Z               unexpected_cfgs = { level = "warn", check-cfg = ['cfg(webgpu)'] }
2026-09-12T10:48:06.4730912Z      [1m[94m= [0m[1mhelp[0m: or consider adding `println!("cargo::rustc-check-cfg=cfg(webgpu)");` to the top of the `build.rs`
2026-09-12T10:48:06.4731967Z      [1m[94m= [0m[1mnote[0m: see <https://doc.rust-lang.org/nightly/rustc/check-cfg/cargo-specifics.html> for more information about checking conditional configuration
2026-09-12T10:48:06.4731977Z 
2026-09-12T10:48:06.4732364Z [1m[33mwarning[0m[1m: unexpected `cfg` condition name: `webgl`[0m
2026-09-12T10:48:06.4732656Z     [1m[94m--> [0mvendor/wgpu-0.20.1/src/lib.rs:2193:31
2026-09-12T10:48:06.4732838Z      [1m[94m|[0m
2026-09-12T10:48:06.4733188Z [1m[94m2193[0m [1m[94m|[0m             #[cfg(any(webgpu, webgl))]
2026-09-12T10:48:06.4733838Z      [1m[94m|[0m                               [1m[33m^^^^^[0m [1m[33mhelp: found config with similar value: `feature = "webgl"`[0m
2026-09-12T10:48:06.4734015Z      [1m[94m|[0m
2026-09-12T10:48:06.4734362Z      [1m[94m= [0m[1mhelp[0m: consider using a Cargo feature instead
2026-09-12T10:48:06.4734960Z      [1m[94m= [0m[1mhelp[0m: or consider adding in `Cargo.toml` the `check-cfg` lint config for the lint:
2026-09-12T10:48:06.4735114Z               [lints.rust]
2026-09-12T10:48:06.4735417Z               unexpected_cfgs = { level = "warn", check-cfg = ['cfg(webgl)'] }
2026-09-12T10:48:06.4736243Z      [1m[94m= [0m[1mhelp[0m: or consider adding `println!("cargo::rustc-check-cfg=cfg(webgl)");` to the top of the `build.rs`
2026-09-12T10:48:06.4737526Z      [1m[94m= [0m[1mnote[0m: see <https://doc.rust-lang.org/nightly/rustc/check-cfg/cargo-specifics.html> for more information about checking conditional configuration
2026-09-12T10:48:06.4737544Z 
2026-09-12T10:48:06.4737952Z [1m[33mwarning[0m[1m: unexpected `cfg` condition name: `webgpu`[0m
2026-09-12T10:48:06.4738243Z     [1m[94m--> [0mvendor/wgpu-0.20.1/src/lib.rs:2212:23
2026-09-12T10:48:06.4738419Z      [1m[94m|[0m
2026-09-12T10:48:06.4738762Z [1m[94m2212[0m [1m[94m|[0m             #[cfg(any(webgpu, webgl))]
2026-09-12T10:48:06.4739648Z      [1m[94m|[0m                       [1m[33m^^^^^^[0m [1m[33mhelp: found config with similar value: `feature = "webgpu"`[0m
2026-09-12T10:48:06.4739837Z      [1m[94m|[0m
2026-09-12T10:48:06.4740190Z      [1m[94m= [0m[1mhelp[0m: consider using a Cargo feature instead
2026-09-12T10:48:06.4740738Z      [1m[94m= [0m[1mhelp[0m: or consider adding in `Cargo.toml` the `check-cfg` lint config for the lint:
2026-09-12T10:48:06.4740891Z               [lints.rust]
2026-09-12T10:48:06.4741202Z               unexpected_cfgs = { level = "warn", check-cfg = ['cfg(webgpu)'] }
2026-09-12T10:48:06.4741990Z      [1m[94m= [0m[1mhelp[0m: or consider adding `println!("cargo::rustc-check-cfg=cfg(webgpu)");` to the top of the `build.rs`
2026-09-12T10:48:06.4743026Z      [1m[94m= [0m[1mnote[0m: see <https://doc.rust-lang.org/nightly/rustc/check-cfg/cargo-specifics.html> for more information about checking conditional configuration
2026-09-12T10:48:06.4743040Z 
2026-09-12T10:48:06.4743448Z [1m[33mwarning[0m[1m: unexpected `cfg` condition name: `webgl`[0m
2026-09-12T10:48:06.4743750Z     [1m[94m--> [0mvendor/wgpu-0.20.1/src/lib.rs:2212:31
2026-09-12T10:48:06.4743936Z      [1m[94m|[0m
2026-09-12T10:48:06.4744289Z [1m[94m2212[0m [1m[94m|[0m             #[cfg(any(webgpu, webgl))]
2026-09-12T10:48:06.4744941Z      [1m[94m|[0m                               [1m[33m^^^^^[0m [1m[33mhelp: found config with similar value: `feature = "webgl"`[0m
2026-09-12T10:48:06.4745130Z      [1m[94m|[0m
2026-09-12T10:48:06.4745742Z      [1m[94m= [0m[1mhelp[0m: consider using a Cargo feature instead
2026-09-12T10:48:06.4746333Z      [1m[94m= [0m[1mhelp[0m: or consider adding in `Cargo.toml` the `check-cfg` lint config for the lint:
2026-09-12T10:48:06.4746486Z               [lints.rust]
2026-09-12T10:48:06.4747011Z               unexpected_cfgs = { level = "warn", check-cfg = ['cfg(webgl)'] }
2026-09-12T10:48:06.4747866Z      [1m[94m= [0m[1mhelp[0m: or consider adding `println!("cargo::rustc-check-cfg=cfg(webgl)");` to the top of the `build.rs`
2026-09-12T10:48:06.4748931Z      [1m[94m= [0m[1mnote[0m: see <https://doc.rust-lang.org/nightly/rustc/check-cfg/cargo-specifics.html> for more information about checking conditional configuration
2026-09-12T10:48:06.4748941Z 
2026-09-12T10:48:06.4749350Z [1m[33mwarning[0m[1m: unexpected `cfg` condition name: `wgpu_core`[0m
2026-09-12T10:48:06.4749646Z     [1m[94m--> [0mvendor/wgpu-0.20.1/src/lib.rs:2357:11
2026-09-12T10:48:06.4749836Z      [1m[94m|[0m
2026-09-12T10:48:06.4750102Z [1m[94m2357[0m [1m[94m|[0m     #[cfg(wgpu_core)]
2026-09-12T10:48:06.4750368Z      [1m[94m|[0m           [1m[33m^^^^^^^^^[0m
2026-09-12T10:48:06.4750552Z      [1m[94m|[0m
2026-09-12T10:48:06.4750905Z      [1m[94m= [0m[1mhelp[0m: consider using a Cargo feature instead
2026-09-12T10:48:06.4751491Z      [1m[94m= [0m[1mhelp[0m: or consider adding in `Cargo.toml` the `check-cfg` lint config for the lint:
2026-09-12T10:48:06.4751642Z               [lints.rust]
2026-09-12T10:48:06.4751953Z               unexpected_cfgs = { level = "warn", check-cfg = ['cfg(wgpu_core)'] }
2026-09-12T10:48:06.4752811Z      [1m[94m= [0m[1mhelp[0m: or consider adding `println!("cargo::rustc-check-cfg=cfg(wgpu_core)");` to the top of the `build.rs`
2026-09-12T10:48:06.4753843Z      [1m[94m= [0m[1mnote[0m: see <https://doc.rust-lang.org/nightly/rustc/check-cfg/cargo-specifics.html> for more information about checking conditional configuration
2026-09-12T10:48:06.4753859Z 
2026-09-12T10:48:06.4754252Z [1m[33mwarning[0m[1m: unexpected `cfg` condition name: `wgpu_core`[0m
2026-09-12T10:48:06.4754561Z     [1m[94m--> [0mvendor/wgpu-0.20.1/src/lib.rs:2409:11
2026-09-12T10:48:06.4754739Z      [1m[94m|[0m
2026-09-12T10:48:06.4755013Z [1m[94m2409[0m [1m[94m|[0m     #[cfg(wgpu_core)]
2026-09-12T10:48:06.4755268Z      [1m[94m|[0m           [1m[33m^^^^^^^^^[0m
2026-09-12T10:48:06.4755449Z      [1m[94m|[0m
2026-09-12T10:48:06.4756042Z      [1m[94m= [0m[1mhelp[0m: consider using a Cargo feature instead
2026-09-12T10:48:06.4756636Z      [1m[94m= [0m[1mhelp[0m: or consider adding in `Cargo.toml` the `check-cfg` lint config for the lint:
2026-09-12T10:48:06.4757052Z               [lints.rust]
2026-09-12T10:48:06.4757364Z               unexpected_cfgs = { level = "warn", check-cfg = ['cfg(wgpu_core)'] }
2026-09-12T10:48:06.4758227Z      [1m[94m= [0m[1mhelp[0m: or consider adding `println!("cargo::rustc-check-cfg=cfg(wgpu_core)");` to the top of the `build.rs`
2026-09-12T10:48:06.4759282Z      [1m[94m= [0m[1mnote[0m: see <https://doc.rust-lang.org/nightly/rustc/check-cfg/cargo-specifics.html> for more information about checking conditional configuration
2026-09-12T10:48:06.4759294Z 
2026-09-12T10:48:06.4759698Z [1m[33mwarning[0m[1m: unexpected `cfg` condition name: `wgpu_core`[0m
2026-09-12T10:48:06.4760003Z     [1m[94m--> [0mvendor/wgpu-0.20.1/src/lib.rs:2766:11
2026-09-12T10:48:06.4760183Z      [1m[94m|[0m
2026-09-12T10:48:06.4760470Z [1m[94m2766[0m [1m[94m|[0m     #[cfg(wgpu_core)]
2026-09-12T10:48:06.4760723Z      [1m[94m|[0m           [1m[33m^^^^^^^^^[0m
2026-09-12T10:48:06.4760902Z      [1m[94m|[0m
2026-09-12T10:48:06.4761246Z      [1m[94m= [0m[1mhelp[0m: consider using a Cargo feature instead
2026-09-12T10:48:06.4761837Z      [1m[94m= [0m[1mhelp[0m: or consider adding in `Cargo.toml` the `check-cfg` lint config for the lint:
2026-09-12T10:48:06.4761985Z               [lints.rust]
2026-09-12T10:48:06.4762556Z               unexpected_cfgs = { level = "warn", check-cfg = ['cfg(wgpu_core)'] }
2026-09-12T10:48:06.4763433Z      [1m[94m= [0m[1mhelp[0m: or consider adding `println!("cargo::rustc-check-cfg=cfg(wgpu_core)");` to the top of the `build.rs`
2026-09-12T10:48:06.4764499Z      [1m[94m= [0m[1mnote[0m: see <https://doc.rust-lang.org/nightly/rustc/check-cfg/cargo-specifics.html> for more information about checking conditional configuration
2026-09-12T10:48:06.4764510Z 
2026-09-12T10:48:06.4764928Z [1m[33mwarning[0m[1m: unexpected `cfg` condition name: `wgpu_core`[0m
2026-09-12T10:48:06.4765243Z     [1m[94m--> [0mvendor/wgpu-0.20.1/src/lib.rs:2805:11
2026-09-12T10:48:06.4765423Z      [1m[94m|[0m
2026-09-12T10:48:06.4765694Z [1m[94m2805[0m [1m[94m|[0m     #[cfg(wgpu_core)]
2026-09-12T10:48:06.4765952Z      [1m[94m|[0m           [1m[33m^^^^^^^^^[0m
2026-09-12T10:48:06.4766132Z      [1m[94m|[0m
2026-09-12T10:48:06.4766477Z      [1m[94m= [0m[1mhelp[0m: consider using a Cargo feature instead
2026-09-12T10:48:06.4767296Z      [1m[94m= [0m[1mhelp[0m: or consider adding in `Cargo.toml` the `check-cfg` lint config for the lint:
2026-09-12T10:48:06.4767447Z               [lints.rust]
2026-09-12T10:48:06.4767777Z               unexpected_cfgs = { level = "warn", check-cfg = ['cfg(wgpu_core)'] }
2026-09-12T10:48:06.4768639Z      [1m[94m= [0m[1mhelp[0m: or consider adding `println!("cargo::rustc-check-cfg=cfg(wgpu_core)");` to the top of the `build.rs`
2026-09-12T10:48:06.4769712Z      [1m[94m= [0m[1mnote[0m: see <https://doc.rust-lang.org/nightly/rustc/check-cfg/cargo-specifics.html> for more information about checking conditional configuration
2026-09-12T10:48:06.4769724Z 
2026-09-12T10:48:06.4770138Z [1m[33mwarning[0m[1m: unexpected `cfg` condition name: `wgpu_core`[0m
2026-09-12T10:48:06.4770433Z     [1m[94m--> [0mvendor/wgpu-0.20.1/src/lib.rs:2911:11
2026-09-12T10:48:06.4770618Z      [1m[94m|[0m
2026-09-12T10:48:06.4770896Z [1m[94m2911[0m [1m[94m|[0m     #[cfg(wgpu_core)]
2026-09-12T10:48:06.4771168Z      [1m[94m|[0m           [1m[33m^^^^^^^^^[0m
2026-09-12T10:48:06.4771332Z      [1m[94m|[0m
2026-09-12T10:48:06.4771689Z      [1m[94m= [0m[1mhelp[0m: consider using a Cargo feature instead
2026-09-12T10:48:06.4772239Z      [1m[94m= [0m[1mhelp[0m: or consider adding in `Cargo.toml` the `check-cfg` lint config for the lint:
2026-09-12T10:48:06.4772386Z               [lints.rust]
2026-09-12T10:48:06.4773044Z               unexpected_cfgs = { level = "warn", check-cfg = ['cfg(wgpu_core)'] }
2026-09-12T10:48:06.4773968Z      [1m[94m= [0m[1mhelp[0m: or consider adding `println!("cargo::rustc-check-cfg=cfg(wgpu_core)");` to the top of the `build.rs`
2026-09-12T10:48:06.4775032Z      [1m[94m= [0m[1mnote[0m: see <https://doc.rust-lang.org/nightly/rustc/check-cfg/cargo-specifics.html> for more information about checking conditional configuration
2026-09-12T10:48:06.4775056Z 
2026-09-12T10:48:06.4775467Z [1m[33mwarning[0m[1m: unexpected `cfg` condition name: `wgpu_core`[0m
2026-09-12T10:48:06.4775866Z     [1m[94m--> [0mvendor/wgpu-0.20.1/src/lib.rs:2990:19
2026-09-12T10:48:06.4776040Z      [1m[94m|[0m
2026-09-12T10:48:06.4776363Z [1m[94m2990[0m [1m[94m|[0m             #[cfg(wgpu_core)]
2026-09-12T10:48:06.4776651Z      [1m[94m|[0m                   [1m[33m^^^^^^^^^[0m
2026-09-12T10:48:06.4777014Z      [1m[94m|[0m
2026-09-12T10:48:06.4777376Z      [1m[94m= [0m[1mhelp[0m: consider using a Cargo feature instead
2026-09-12T10:48:06.4777984Z      [1m[94m= [0m[1mhelp[0m: or consider adding in `Cargo.toml` the `check-cfg` lint config for the lint:
2026-09-12T10:48:06.4778138Z               [lints.rust]
2026-09-12T10:48:06.4778466Z               unexpected_cfgs = { level = "warn", check-cfg = ['cfg(wgpu_core)'] }
2026-09-12T10:48:06.4779336Z      [1m[94m= [0m[1mhelp[0m: or consider adding `println!("cargo::rustc-check-cfg=cfg(wgpu_core)");` to the top of the `build.rs`
2026-09-12T10:48:06.4780388Z      [1m[94m= [0m[1mnote[0m: see <https://doc.rust-lang.org/nightly/rustc/check-cfg/cargo-specifics.html> for more information about checking conditional configuration
2026-09-12T10:48:06.4780648Z 
2026-09-12T10:48:06.4781081Z [1m[33mwarning[0m[1m: unexpected `cfg` condition name: `webgpu`[0m
2026-09-12T10:48:06.4781388Z     [1m[94m--> [0mvendor/wgpu-0.20.1/src/lib.rs:2992:19
2026-09-12T10:48:06.4781564Z      [1m[94m|[0m
2026-09-12T10:48:06.4781873Z [1m[94m2992[0m [1m[94m|[0m             #[cfg(webgpu)]
2026-09-12T10:48:06.4782509Z      [1m[94m|[0m                   [1m[33m^^^^^^[0m [1m[33mhelp: found config with similar value: `feature = "webgpu"`[0m
2026-09-12T10:48:06.4782682Z      [1m[94m|[0m
2026-09-12T10:48:06.4783043Z      [1m[94m= [0m[1mhelp[0m: consider using a Cargo feature instead
2026-09-12T10:48:06.4783640Z      [1m[94m= [0m[1mhelp[0m: or consider adding in `Cargo.toml` the `check-cfg` lint config for the lint:
2026-09-12T10:48:06.4783792Z               [lints.rust]
2026-09-12T10:48:06.4784130Z               unexpected_cfgs = { level = "warn", check-cfg = ['cfg(webgpu)'] }
2026-09-12T10:48:06.4784997Z      [1m[94m= [0m[1mhelp[0m: or consider adding `println!("cargo::rustc-check-cfg=cfg(webgpu)");` to the top of the `build.rs`
2026-09-12T10:48:06.4786063Z      [1m[94m= [0m[1mnote[0m: see <https://doc.rust-lang.org/nightly/rustc/check-cfg/cargo-specifics.html> for more information about checking conditional configuration
2026-09-12T10:48:06.4786078Z 
2026-09-12T10:48:06.4786515Z [1m[33mwarning[0m[1m: unexpected `cfg` condition name: `webgpu`[0m
2026-09-12T10:48:06.4787057Z     [1m[94m--> [0mvendor/wgpu-0.20.1/src/lib.rs:2997:27
2026-09-12T10:48:06.4787234Z      [1m[94m|[0m
2026-09-12T10:48:06.4787649Z [1m[94m2997[0m [1m[94m|[0m             #[cfg(not(any(webgpu, wgpu_core)))]
2026-09-12T10:48:06.4788314Z      [1m[94m|[0m                           [1m[33m^^^^^^[0m [1m[33mhelp: found config with similar value: `feature = "webgpu"`[0m
2026-09-12T10:48:06.4788502Z      [1m[94m|[0m
2026-09-12T10:48:06.4788862Z      [1m[94m= [0m[1mhelp[0m: consider using a Cargo feature instead
2026-09-12T10:48:06.4789458Z      [1m[94m= [0m[1mhelp[0m: or consider adding in `Cargo.toml` the `check-cfg` lint config for the lint:
2026-09-12T10:48:06.4789605Z               [lints.rust]
2026-09-12T10:48:06.4789930Z               unexpected_cfgs = { level = "warn", check-cfg = ['cfg(webgpu)'] }
2026-09-12T10:48:06.4791023Z      [1m[94m= [0m[1mhelp[0m: or consider adding `println!("cargo::rustc-check-cfg=cfg(webgpu)");` to the top of the `build.rs`
2026-09-12T10:48:06.4792104Z      [1m[94m= [0m[1mnote[0m: see <https://doc.rust-lang.org/nightly/rustc/check-cfg/cargo-specifics.html> for more information about checking conditional configuration
2026-09-12T10:48:06.4792117Z 
2026-09-12T10:48:06.4792541Z [1m[33mwarning[0m[1m: unexpected `cfg` condition name: `wgpu_core`[0m
2026-09-12T10:48:06.4792849Z     [1m[94m--> [0mvendor/wgpu-0.20.1/src/lib.rs:2997:35
2026-09-12T10:48:06.4793032Z      [1m[94m|[0m
2026-09-12T10:48:06.4793432Z [1m[94m2997[0m [1m[94m|[0m             #[cfg(not(any(webgpu, wgpu_core)))]
2026-09-12T10:48:06.4793767Z      [1m[94m|[0m                                   [1m[33m^^^^^^^^^[0m
2026-09-12T10:48:06.4793938Z      [1m[94m|[0m
2026-09-12T10:48:06.4794298Z      [1m[94m= [0m[1mhelp[0m: consider using a Cargo feature instead
2026-09-12T10:48:06.4794895Z      [1m[94m= [0m[1mhelp[0m: or consider adding in `Cargo.toml` the `check-cfg` lint config for the lint:
2026-09-12T10:48:06.4795041Z               [lints.rust]
2026-09-12T10:48:06.4795372Z               unexpected_cfgs = { level = "warn", check-cfg = ['cfg(wgpu_core)'] }
2026-09-12T10:48:06.4796233Z      [1m[94m= [0m[1mhelp[0m: or consider adding `println!("cargo::rustc-check-cfg=cfg(wgpu_core)");` to the top of the `build.rs`
2026-09-12T10:48:06.4797521Z      [1m[94m= [0m[1mnote[0m: see <https://doc.rust-lang.org/nightly/rustc/check-cfg/cargo-specifics.html> for more information about checking conditional configuration
2026-09-12T10:48:06.4797836Z 
2026-09-12T10:48:06.4798289Z [1m[33mwarning[0m[1m: unexpected `cfg` condition name: `wgpu_core`[0m
2026-09-12T10:48:06.4798594Z     [1m[94m--> [0mvendor/wgpu-0.20.1/src/lib.rs:3006:19
2026-09-12T10:48:06.4798760Z      [1m[94m|[0m
2026-09-12T10:48:06.4799086Z [1m[94m3006[0m [1m[94m|[0m             #[cfg(wgpu_core)]
2026-09-12T10:48:06.4799370Z      [1m[94m|[0m                   [1m[33m^^^^^^^^^[0m
2026-09-12T10:48:06.4799544Z      [1m[94m|[0m
2026-09-12T10:48:06.4799889Z      [1m[94m= [0m[1mhelp[0m: consider using a Cargo feature instead
2026-09-12T10:48:06.4800479Z      [1m[94m= [0m[1mhelp[0m: or consider adding in `Cargo.toml` the `check-cfg` lint config for the lint:
2026-09-12T10:48:06.4800624Z               [lints.rust]
2026-09-12T10:48:06.4800958Z               unexpected_cfgs = { level = "warn", check-cfg = ['cfg(wgpu_core)'] }
2026-09-12T10:48:06.4801826Z      [1m[94m= [0m[1mhelp[0m: or consider adding `println!("cargo::rustc-check-cfg=cfg(wgpu_core)");` to the top of the `build.rs`
2026-09-12T10:48:06.4802866Z      [1m[94m= [0m[1mnote[0m: see <https://doc.rust-lang.org/nightly/rustc/check-cfg/cargo-specifics.html> for more information about checking conditional configuration
2026-09-12T10:48:06.4802877Z 
2026-09-12T10:48:06.4803293Z [1m[33mwarning[0m[1m: unexpected `cfg` condition name: `webgpu`[0m
2026-09-12T10:48:06.4803613Z     [1m[94m--> [0mvendor/wgpu-0.20.1/src/lib.rs:3008:19
2026-09-12T10:48:06.4803787Z      [1m[94m|[0m
2026-09-12T10:48:06.4804096Z [1m[94m3008[0m [1m[94m|[0m             #[cfg(webgpu)]
2026-09-12T10:48:06.4804729Z      [1m[94m|[0m                   [1m[33m^^^^^^[0m [1m[33mhelp: found config with similar value: `feature = "webgpu"`[0m
2026-09-12T10:48:06.4804899Z      [1m[94m|[0m
2026-09-12T10:48:06.4805254Z      [1m[94m= [0m[1mhelp[0m: consider using a Cargo feature instead
2026-09-12T10:48:06.4805849Z      [1m[94m= [0m[1mhelp[0m: or consider adding in `Cargo.toml` the `check-cfg` lint config for the lint:
2026-09-12T10:48:06.4805997Z               [lints.rust]
2026-09-12T10:48:06.4806321Z               unexpected_cfgs = { level = "warn", check-cfg = ['cfg(webgpu)'] }
2026-09-12T10:48:06.4807400Z      [1m[94m= [0m[1mhelp[0m: or consider adding `println!("cargo::rustc-check-cfg=cfg(webgpu)");` to the top of the `build.rs`
2026-09-12T10:48:06.4808758Z      [1m[94m= [0m[1mnote[0m: see <https://doc.rust-lang.org/nightly/rustc/check-cfg/cargo-specifics.html> for more information about checking conditional configuration
2026-09-12T10:48:06.4808771Z 
2026-09-12T10:48:06.4809182Z [1m[33mwarning[0m[1m: unexpected `cfg` condition name: `webgpu`[0m
2026-09-12T10:48:06.4809491Z     [1m[94m--> [0mvendor/wgpu-0.20.1/src/lib.rs:3010:27
2026-09-12T10:48:06.4809670Z      [1m[94m|[0m
2026-09-12T10:48:06.4810067Z [1m[94m3010[0m [1m[94m|[0m             #[cfg(not(any(webgpu, wgpu_core)))]
2026-09-12T10:48:06.4810717Z      [1m[94m|[0m                           [1m[33m^^^^^^[0m [1m[33mhelp: found config with similar value: `feature = "webgpu"`[0m
2026-09-12T10:48:06.4810886Z      [1m[94m|[0m
2026-09-12T10:48:06.4811243Z      [1m[94m= [0m[1mhelp[0m: consider using a Cargo feature instead
2026-09-12T10:48:06.4811828Z      [1m[94m= [0m[1mhelp[0m: or consider adding in `Cargo.toml` the `check-cfg` lint config for the lint:
2026-09-12T10:48:06.4811971Z               [lints.rust]
2026-09-12T10:48:06.4812297Z               unexpected_cfgs = { level = "warn", check-cfg = ['cfg(webgpu)'] }
2026-09-12T10:48:06.4813145Z      [1m[94m= [0m[1mhelp[0m: or consider adding `println!("cargo::rustc-check-cfg=cfg(webgpu)");` to the top of the `build.rs`
2026-09-12T10:48:06.4814205Z      [1m[94m= [0m[1mnote[0m: see <https://doc.rust-lang.org/nightly/rustc/check-cfg/cargo-specifics.html> for more information about checking conditional configuration
2026-09-12T10:48:06.4814462Z 
2026-09-12T10:48:06.4814895Z [1m[33mwarning[0m[1m: unexpected `cfg` condition name: `wgpu_core`[0m
2026-09-12T10:48:06.4815199Z     [1m[94m--> [0mvendor/wgpu-0.20.1/src/lib.rs:3010:35
2026-09-12T10:48:06.4815370Z      [1m[94m|[0m
2026-09-12T10:48:06.4815764Z [1m[94m3010[0m [1m[94m|[0m             #[cfg(not(any(webgpu, wgpu_core)))]
2026-09-12T10:48:06.4816097Z      [1m[94m|[0m                                   [1m[33m^^^^^^^^^[0m
2026-09-12T10:48:06.4816273Z      [1m[94m|[0m
2026-09-12T10:48:06.4816643Z      [1m[94m= [0m[1mhelp[0m: consider using a Cargo feature instead
2026-09-12T10:48:06.4817459Z      [1m[94m= [0m[1mhelp[0m: or consider adding in `Cargo.toml` the `check-cfg` lint config for the lint:
2026-09-12T10:48:06.4817617Z               [lints.rust]
2026-09-12T10:48:06.4817948Z               unexpected_cfgs = { level = "warn", check-cfg = ['cfg(wgpu_core)'] }
2026-09-12T10:48:06.4818809Z      [1m[94m= [0m[1mhelp[0m: or consider adding `println!("cargo::rustc-check-cfg=cfg(wgpu_core)");` to the top of the `build.rs`
2026-09-12T10:48:06.4819898Z      [1m[94m= [0m[1mnote[0m: see <https://doc.rust-lang.org/nightly/rustc/check-cfg/cargo-specifics.html> for more information about checking conditional configuration
2026-09-12T10:48:06.4819910Z 
2026-09-12T10:48:06.4820335Z [1m[33mwarning[0m[1m: unexpected `cfg` condition name: `wgpu_core`[0m
2026-09-12T10:48:06.4820645Z     [1m[94m--> [0mvendor/wgpu-0.20.1/src/lib.rs:3050:19
2026-09-12T10:48:06.4820818Z      [1m[94m|[0m
2026-09-12T10:48:06.4821148Z [1m[94m3050[0m [1m[94m|[0m             #[cfg(wgpu_core)]
2026-09-12T10:48:06.4821418Z      [1m[94m|[0m                   [1m[33m^^^^^^^^^[0m
2026-09-12T10:48:06.4821599Z      [1m[94m|[0m
2026-09-12T10:48:06.4821961Z      [1m[94m= [0m[1mhelp[0m: consider using a Cargo feature instead
2026-09-12T10:48:06.4822541Z      [1m[94m= [0m[1mhelp[0m: or consider adding in `Cargo.toml` the `check-cfg` lint config for the lint:
2026-09-12T10:48:06.4822703Z               [lints.rust]
2026-09-12T10:48:06.4823033Z               unexpected_cfgs = { level = "warn", check-cfg = ['cfg(wgpu_core)'] }
2026-09-12T10:48:06.4823889Z      [1m[94m= [0m[1mhelp[0m: or consider adding `println!("cargo::rustc-check-cfg=cfg(wgpu_core)");` to the top of the `build.rs`
2026-09-12T10:48:06.4824956Z      [1m[94m= [0m[1mnote[0m: see <https://doc.rust-lang.org/nightly/rustc/check-cfg/cargo-specifics.html> for more information about checking conditional configuration
2026-09-12T10:48:06.4824967Z 
2026-09-12T10:48:06.4825663Z [1m[33mwarning[0m[1m: unexpected `cfg` condition name: `wgpu_core`[0m
2026-09-12T10:48:06.4825964Z     [1m[94m--> [0mvendor/wgpu-0.20.1/src/lib.rs:3061:19
2026-09-12T10:48:06.4826140Z      [1m[94m|[0m
2026-09-12T10:48:06.4826456Z [1m[94m3061[0m [1m[94m|[0m             #[cfg(wgpu_core)]
2026-09-12T10:48:06.4826945Z      [1m[94m|[0m                   [1m[33m^^^^^^^^^[0m
2026-09-12T10:48:06.4827128Z      [1m[94m|[0m
2026-09-12T10:48:06.4827500Z      [1m[94m= [0m[1mhelp[0m: consider using a Cargo feature instead
2026-09-12T10:48:06.4828073Z      [1m[94m= [0m[1mhelp[0m: or consider adding in `Cargo.toml` the `check-cfg` lint config for the lint:
2026-09-12T10:48:06.4828229Z               [lints.rust]
2026-09-12T10:48:06.4828545Z               unexpected_cfgs = { level = "warn", check-cfg = ['cfg(wgpu_core)'] }
2026-09-12T10:48:06.4829420Z      [1m[94m= [0m[1mhelp[0m: or consider adding `println!("cargo::rustc-check-cfg=cfg(wgpu_core)");` to the top of the `build.rs`
2026-09-12T10:48:06.4830492Z      [1m[94m= [0m[1mnote[0m: see <https://doc.rust-lang.org/nightly/rustc/check-cfg/cargo-specifics.html> for more information about checking conditional configuration
2026-09-12T10:48:06.4830505Z 
2026-09-12T10:48:06.4830913Z [1m[33mwarning[0m[1m: unexpected `cfg` condition name: `webgpu`[0m
2026-09-12T10:48:06.4831207Z     [1m[94m--> [0mvendor/wgpu-0.20.1/src/lib.rs:3333:11
2026-09-12T10:48:06.4831390Z      [1m[94m|[0m
2026-09-12T10:48:06.4831913Z [1m[94m3333[0m [1m[94m|[0m     #[cfg(webgpu)]
2026-09-12T10:48:06.4832493Z      [1m[94m|[0m           [1m[33m^^^^^^[0m [1m[33mhelp: found config with similar value: `feature = "webgpu"`[0m
2026-09-12T10:48:06.4832682Z      [1m[94m|[0m
2026-09-12T10:48:06.4833036Z      [1m[94m= [0m[1mhelp[0m: consider using a Cargo feature instead
2026-09-12T10:48:06.4833620Z      [1m[94m= [0m[1mhelp[0m: or consider adding in `Cargo.toml` the `check-cfg` lint config for the lint:
2026-09-12T10:48:06.4833786Z               [lints.rust]
2026-09-12T10:48:06.4834107Z               unexpected_cfgs = { level = "warn", check-cfg = ['cfg(webgpu)'] }
2026-09-12T10:48:06.4834950Z      [1m[94m= [0m[1mhelp[0m: or consider adding `println!("cargo::rustc-check-cfg=cfg(webgpu)");` to the top of the `build.rs`
2026-09-12T10:48:06.4836017Z      [1m[94m= [0m[1mnote[0m: see <https://doc.rust-lang.org/nightly/rustc/check-cfg/cargo-specifics.html> for more information about checking conditional configuration
2026-09-12T10:48:06.4836043Z 
2026-09-12T10:48:06.4836483Z [1m[33mwarning[0m[1m: unexpected `cfg` condition name: `wgpu_core`[0m
2026-09-12T10:48:06.4836959Z     [1m[94m--> [0mvendor/wgpu-0.20.1/src/lib.rs:3379:11
2026-09-12T10:48:06.4837149Z      [1m[94m|[0m
2026-09-12T10:48:06.4837435Z [1m[94m3379[0m [1m[94m|[0m     #[cfg(wgpu_core)]
2026-09-12T10:48:06.4837695Z      [1m[94m|[0m           [1m[33m^^^^^^^^^[0m
2026-09-12T10:48:06.4837876Z      [1m[94m|[0m
2026-09-12T10:48:06.4838247Z      [1m[94m= [0m[1mhelp[0m: consider using a Cargo feature instead
2026-09-12T10:48:06.4838857Z      [1m[94m= [0m[1mhelp[0m: or consider adding in `Cargo.toml` the `check-cfg` lint config for the lint:
2026-09-12T10:48:06.4839013Z               [lints.rust]
2026-09-12T10:48:06.4839339Z               unexpected_cfgs = { level = "warn", check-cfg = ['cfg(wgpu_core)'] }
2026-09-12T10:48:06.4840198Z      [1m[94m= [0m[1mhelp[0m: or consider adding `println!("cargo::rustc-check-cfg=cfg(wgpu_core)");` to the top of the `build.rs`
2026-09-12T10:48:06.4841266Z      [1m[94m= [0m[1mnote[0m: see <https://doc.rust-lang.org/nightly/rustc/check-cfg/cargo-specifics.html> for more information about checking conditional configuration
2026-09-12T10:48:06.4841278Z 
2026-09-12T10:48:06.4841688Z [1m[33mwarning[0m[1m: unexpected `cfg` condition name: `wgpu_core`[0m
2026-09-12T10:48:06.4841977Z     [1m[94m--> [0mvendor/wgpu-0.20.1/src/lib.rs:3744:11
2026-09-12T10:48:06.4842155Z      [1m[94m|[0m
2026-09-12T10:48:06.4842680Z [1m[94m3744[0m [1m[94m|[0m     #[cfg(wgpu_core)]
2026-09-12T10:48:06.4842940Z      [1m[94m|[0m           [1m[33m^^^^^^^^^[0m
2026-09-12T10:48:06.4843121Z      [1m[94m|[0m
2026-09-12T10:48:06.4843480Z      [1m[94m= [0m[1mhelp[0m: consider using a Cargo feature instead
2026-09-12T10:48:06.4844060Z      [1m[94m= [0m[1mhelp[0m: or consider adding in `Cargo.toml` the `check-cfg` lint config for the lint:
2026-09-12T10:48:06.4844222Z               [lints.rust]
2026-09-12T10:48:06.4844540Z               unexpected_cfgs = { level = "warn", check-cfg = ['cfg(wgpu_core)'] }
2026-09-12T10:48:06.4845386Z      [1m[94m= [0m[1mhelp[0m: or consider adding `println!("cargo::rustc-check-cfg=cfg(wgpu_core)");` to the top of the `build.rs`
2026-09-12T10:48:06.4846427Z      [1m[94m= [0m[1mnote[0m: see <https://doc.rust-lang.org/nightly/rustc/check-cfg/cargo-specifics.html> for more information about checking conditional configuration
2026-09-12T10:48:06.4846440Z 
2026-09-12T10:48:06.4847067Z [1m[33mwarning[0m[1m: unexpected `cfg` condition name: `webgpu`[0m
2026-09-12T10:48:06.4847365Z     [1m[94m--> [0mvendor/wgpu-0.20.1/src/lib.rs:4949:15
2026-09-12T10:48:06.4847543Z      [1m[94m|[0m
2026-09-12T10:48:06.4847868Z [1m[94m4949[0m [1m[94m|[0m     #[cfg(any(webgpu, webgl))]
2026-09-12T10:48:06.4848468Z      [1m[94m|[0m               [1m[33m^^^^^^[0m [1m[33mhelp: found config with similar value: `feature = "webgpu"`[0m
2026-09-12T10:48:06.4848885Z      [1m[94m|[0m
2026-09-12T10:48:06.4849247Z      [1m[94m= [0m[1mhelp[0m: consider using a Cargo feature instead
2026-09-12T10:48:06.4849833Z      [1m[94m= [0m[1mhelp[0m: or consider adding in `Cargo.toml` the `check-cfg` lint config for the lint:
2026-09-12T10:48:06.4849989Z               [lints.rust]
2026-09-12T10:48:06.4850298Z               unexpected_cfgs = { level = "warn", check-cfg = ['cfg(webgpu)'] }
2026-09-12T10:48:06.4851150Z      [1m[94m= [0m[1mhelp[0m: or consider adding `println!("cargo::rustc-check-cfg=cfg(webgpu)");` to the top of the `build.rs`
2026-09-12T10:48:06.4852202Z      [1m[94m= [0m[1mnote[0m: see <https://doc.rust-lang.org/nightly/rustc/check-cfg/cargo-specifics.html> for more information about checking conditional configuration
2026-09-12T10:48:06.4852213Z 
2026-09-12T10:48:06.4852614Z [1m[33mwarning[0m[1m: unexpected `cfg` condition name: `webgl`[0m
2026-09-12T10:48:06.4852911Z     [1m[94m--> [0mvendor/wgpu-0.20.1/src/lib.rs:4949:23
2026-09-12T10:48:06.4853101Z      [1m[94m|[0m
2026-09-12T10:48:06.4853436Z [1m[94m4949[0m [1m[94m|[0m     #[cfg(any(webgpu, webgl))]
2026-09-12T10:48:06.4854055Z      [1m[94m|[0m                       [1m[33m^^^^^[0m [1m[33mhelp: found config with similar value: `feature = "webgl"`[0m
2026-09-12T10:48:06.4854234Z      [1m[94m|[0m
2026-09-12T10:48:06.4854580Z      [1m[94m= [0m[1mhelp[0m: consider using a Cargo feature instead
2026-09-12T10:48:06.4855186Z      [1m[94m= [0m[1mhelp[0m: or consider adding in `Cargo.toml` the `check-cfg` lint config for the lint:
2026-09-12T10:48:06.4855339Z               [lints.rust]
2026-09-12T10:48:06.4855642Z               unexpected_cfgs = { level = "warn", check-cfg = ['cfg(webgl)'] }
2026-09-12T10:48:06.4856487Z      [1m[94m= [0m[1mhelp[0m: or consider adding `println!("cargo::rustc-check-cfg=cfg(webgl)");` to the top of the `build.rs`
2026-09-12T10:48:06.4857752Z      [1m[94m= [0m[1mnote[0m: see <https://doc.rust-lang.org/nightly/rustc/check-cfg/cargo-specifics.html> for more information about checking conditional configuration
2026-09-12T10:48:06.4857775Z 
2026-09-12T10:48:06.4858202Z [1m[33mwarning[0m[1m: unexpected `cfg` condition name: `wgpu_core`[0m
2026-09-12T10:48:06.4858501Z     [1m[94m--> [0mvendor/wgpu-0.20.1/src/lib.rs:5175:11
2026-09-12T10:48:06.4858690Z      [1m[94m|[0m
2026-09-12T10:48:06.4858974Z [1m[94m5175[0m [1m[94m|[0m     #[cfg(wgpu_core)]
2026-09-12T10:48:06.4859481Z      [1m[94m|[0m           [1m[33m^^^^^^^^^[0m
2026-09-12T10:48:06.4859677Z      [1m[94m|[0m
2026-09-12T10:48:06.4860031Z      [1m[94m= [0m[1mhelp[0m: consider using a Cargo feature instead
2026-09-12T10:48:06.4860629Z      [1m[94m= [0m[1mhelp[0m: or consider adding in `Cargo.toml` the `check-cfg` lint config for the lint:
2026-09-12T10:48:06.4860788Z               [lints.rust]
2026-09-12T10:48:06.4861112Z               unexpected_cfgs = { level = "warn", check-cfg = ['cfg(wgpu_core)'] }
2026-09-12T10:48:06.4861983Z      [1m[94m= [0m[1mhelp[0m: or consider adding `println!("cargo::rustc-check-cfg=cfg(wgpu_core)");` to the top of the `build.rs`
2026-09-12T10:48:06.4863058Z      [1m[94m= [0m[1mnote[0m: see <https://doc.rust-lang.org/nightly/rustc/check-cfg/cargo-specifics.html> for more information about checking conditional configuration
2026-09-12T10:48:06.4863068Z 
2026-09-12T10:48:06.4863484Z [1m[33mwarning[0m[1m: unexpected `cfg` condition name: `wgpu_core`[0m
2026-09-12T10:48:06.4863781Z     [1m[94m--> [0mvendor/wgpu-0.20.1/src/lib.rs:5326:11
2026-09-12T10:48:06.4863956Z      [1m[94m|[0m
2026-09-12T10:48:06.4864228Z [1m[94m5326[0m [1m[94m|[0m     #[cfg(wgpu_core)]
2026-09-12T10:48:06.4864486Z      [1m[94m|[0m           [1m[33m^^^^^^^^^[0m
2026-09-12T10:48:06.4864664Z      [1m[94m|[0m
2026-09-12T10:48:06.4865010Z      [1m[94m= [0m[1mhelp[0m: consider using a Cargo feature instead
2026-09-12T10:48:06.4865607Z      [1m[94m= [0m[1mhelp[0m: or consider adding in `Cargo.toml` the `check-cfg` lint config for the lint:
2026-09-12T10:48:06.4866015Z               [lints.rust]
2026-09-12T10:48:06.4866333Z               unexpected_cfgs = { level = "warn", check-cfg = ['cfg(wgpu_core)'] }
2026-09-12T10:48:06.4867398Z      [1m[94m= [0m[1mhelp[0m: or consider adding `println!("cargo::rustc-check-cfg=cfg(wgpu_core)");` to the top of the `build.rs`
2026-09-12T10:48:06.4868482Z      [1m[94m= [0m[1mnote[0m: see <https://doc.rust-lang.org/nightly/rustc/check-cfg/cargo-specifics.html> for more information about checking conditional configuration
2026-09-12T10:48:06.4868496Z 
2026-09-12T10:48:06.4868898Z [1m[33mwarning[0m[1m: unexpected `cfg` condition name: `webgpu`[0m
2026-09-12T10:48:06.4869199Z     [1m[94m--> [0mvendor/wgpu-0.20.1/src/lib.rs:5385:11
2026-09-12T10:48:06.4869381Z      [1m[94m|[0m
2026-09-12T10:48:06.4869643Z [1m[94m5385[0m [1m[94m|[0m     #[cfg(webgpu)]
2026-09-12T10:48:06.4870240Z      [1m[94m|[0m           [1m[33m^^^^^^[0m [1m[33mhelp: found config with similar value: `feature = "webgpu"`[0m
2026-09-12T10:48:06.4870425Z      [1m[94m|[0m
2026-09-12T10:48:06.4870773Z      [1m[94m= [0m[1mhelp[0m: consider using a Cargo feature instead
2026-09-12T10:48:06.4871366Z      [1m[94m= [0m[1mhelp[0m: or consider adding in `Cargo.toml` the `check-cfg` lint config for the lint:
2026-09-12T10:48:06.4871519Z               [lints.rust]
2026-09-12T10:48:06.4871825Z               unexpected_cfgs = { level = "warn", check-cfg = ['cfg(webgpu)'] }
2026-09-12T10:48:06.4872665Z      [1m[94m= [0m[1mhelp[0m: or consider adding `println!("cargo::rustc-check-cfg=cfg(webgpu)");` to the top of the `build.rs`
2026-09-12T10:48:06.4873738Z      [1m[94m= [0m[1mnote[0m: see <https://doc.rust-lang.org/nightly/rustc/check-cfg/cargo-specifics.html> for more information about checking conditional configuration
2026-09-12T10:48:06.4873750Z 
2026-09-12T10:48:07.0441200Z [1m[92m   Compiling[0m crypto-common v0.1.6
2026-09-12T10:48:07.1148585Z [1m[92m   Compiling[0m block-buffer v0.10.4
2026-09-12T10:48:07.1826123Z [1m[92m   Compiling[0m private-gemm-x86 v0.1.18
2026-09-12T10:48:07.4668425Z [1m[92m   Compiling[0m digest v0.10.7
2026-09-12T10:48:07.6095180Z [1m[92m   Compiling[0m ndarray v0.15.6
2026-09-12T10:48:08.0758434Z [1m[33mwarning[0m[1m: field `0` is never read[0m
2026-09-12T10:48:08.0770660Z    [1m[94m--> [0mvendor/wgpu-0.20.1/src/lib.rs:189:28
2026-09-12T10:48:08.0797774Z     [1m[94m|[0m
2026-09-12T10:48:08.0828889Z [1m[94m189[0m [1m[94m|[0m pub struct SubmissionIndex(ObjectId, Arc<crate::Data>);
2026-09-12T10:48:08.0837745Z     [1m[94m|[0m            [1m[94m---------------[0m [1m[33m^^^^^^^^[0m
2026-09-12T10:48:08.0867498Z     [1m[94m|[0m            [1m[94m|[0m
2026-09-12T10:48:08.0897562Z     [1m[94m|[0m            [1m[94mfield in this struct[0m
2026-09-12T10:48:08.0927598Z     [1m[94m|[0m
2026-09-12T10:48:08.0958305Z     [1m[94m= [0m[1mnote[0m: `SubmissionIndex` has derived impls for the traits `Clone` and `Debug`, but these are intentionally ignored during dead code analysis
2026-09-12T10:48:08.0967809Z     [1m[94m= [0m[1mnote[0m: `#[warn(dead_code)]` (part of `#[warn(unused)]`) on by default
2026-09-12T10:48:08.0995775Z [1m[96mhelp[0m: consider changing the field to be of unit type to suppress this warning while preserving the field numbering, or remove the field
2026-09-12T10:48:08.1007372Z     [1m[94m|[0m
2026-09-12T10:48:08.1027931Z [1m[94m189[0m [91m- [0mpub struct SubmissionIndex([91mObjectId[0m, Arc<crate::Data>);
2026-09-12T10:48:08.1057847Z [1m[94m189[0m [92m+ [0mpub struct SubmissionIndex([92m()[0m, Arc<crate::Data>);
2026-09-12T10:48:08.1087418Z     [1m[94m|[0m
2026-09-12T10:48:08.1087683Z 
2026-09-12T10:48:08.1089710Z [1m[33mwarning[0m[1m: methods `device_downlevel_properties`, `device_mark_lost`, `render_bundle_encoder_multi_draw_indirect`, `render_bundle_encoder_multi_draw_indexed_indirect`, `render_bundle_encoder_multi_draw_indirect_count`, and `render_bundle_encoder_multi_draw_indexed_indirect_count` are never used[0m
2026-09-12T10:48:08.1117621Z    [1m[94m--> [0mvendor/wgpu-0.20.1/src/context.rs:186:8
2026-09-12T10:48:08.1118239Z     [1m[94m|[0m
2026-09-12T10:48:08.1118888Z [1m[94m 33[0m [1m[94m|[0m pub trait Context: Debug + WasmNotSendSync + Sized {
2026-09-12T10:48:08.1119774Z     [1m[94m|[0m           [1m[94m-------[0m [1m[94mmethods in this trait[0m
2026-09-12T10:48:08.1120378Z [1m[94m...[0m
2026-09-12T10:48:08.1120974Z [1m[94m186[0m [1m[94m|[0m     fn device_downlevel_properties(
2026-09-12T10:48:08.1121697Z     [1m[94m|[0m        [1m[33m^^^^^^^^^^^^^^^^^^^^^^^^^^^[0m
2026-09-12T10:48:08.1122224Z [1m[94m...[0m
2026-09-12T10:48:08.1122701Z [1m[94m280[0m [1m[94m|[0m     fn device_mark_lost(
2026-09-12T10:48:08.1123322Z     [1m[94m|[0m        [1m[33m^^^^^^^^^^^^^^^^[0m
2026-09-12T10:48:08.1123890Z [1m[94m...[0m
2026-09-12T10:48:08.1124468Z [1m[94m764[0m [1m[94m|[0m     fn render_bundle_encoder_multi_draw_indirect(
2026-09-12T10:48:08.1125271Z     [1m[94m|[0m        [1m[33m^^^^^^^^^^^^^^^^^^^^^^^^^^^^^^^^^^^^^^^^^[0m
2026-09-12T10:48:08.1125868Z [1m[94m...[0m
2026-09-12T10:48:08.1126520Z [1m[94m773[0m [1m[94m|[0m     fn render_bundle_encoder_multi_draw_indexed_indirect(
2026-09-12T10:48:08.1127612Z     [1m[94m|[0m        [1m[33m^^^^^^^^^^^^^^^^^^^^^^^^^^^^^^^^^^^^^^^^^^^^^^^^^[0m
2026-09-12T10:48:08.1128192Z [1m[94m...[0m
2026-09-12T10:48:08.1128842Z [1m[94m783[0m [1m[94m|[0m     fn render_bundle_encoder_multi_draw_indirect_count(
2026-09-12T10:48:08.1129696Z     [1m[94m|[0m        [1m[33m^^^^^^^^^^^^^^^^^^^^^^^^^^^^^^^^^^^^^^^^^^^^^^^[0m
2026-09-12T10:48:08.1130280Z [1m[94m...[0m
2026-09-12T10:48:08.1130939Z [1m[94m796[0m [1m[94m|[0m     fn render_bundle_encoder_multi_draw_indexed_indirect_count(
2026-09-12T10:48:08.1131858Z     [1m[94m|[0m        [1m[33m^^^^^^^^^^^^^^^^^^^^^^^^^^^^^^^^^^^^^^^^^^^^^^^^^^^^^^^[0m
2026-09-12T10:48:08.1132300Z 
2026-09-12T10:48:08.1134284Z [1m[33mwarning[0m[1m: methods `device_downlevel_properties`, `device_mark_lost`, `render_bundle_encoder_multi_draw_indirect`, `render_bundle_encoder_multi_draw_indexed_indirect`, `render_bundle_encoder_multi_draw_indirect_count`, and `render_bundle_encoder_multi_draw_indexed_indirect_count` are never used[0m
2026-09-12T10:48:08.1136493Z     [1m[94m--> [0mvendor/wgpu-0.20.1/src/context.rs:1214:8
2026-09-12T10:48:08.1137301Z      [1m[94m|[0m
2026-09-12T10:48:08.1138311Z [1m[94m1136[0m [1m[94m|[0m pub(crate) trait DynContext: Debug + WasmNotSendSync {
2026-09-12T10:48:08.1139267Z      [1m[94m|[0m                  [1m[94m----------[0m [1m[94mmethods in this trait[0m
2026-09-12T10:48:08.1139918Z [1m[94m...[0m
2026-09-12T10:48:08.1140490Z [1m[94m1214[0m [1m[94m|[0m     fn device_downlevel_properties(
2026-09-12T10:48:08.1141215Z      [1m[94m|[0m        [1m[33m^^^^^^^^^^^^^^^^^^^^^^^^^^^[0m
2026-09-12T10:48:08.1141732Z [1m[94m...[0m
2026-09-12T10:48:08.1142814Z [1m[94m1308[0m [1m[94m|[0m     fn device_mark_lost(&self, device: &ObjectId, device_data: &crate::Data, message: &str);
2026-09-12T10:48:08.1143784Z      [1m[94m|[0m        [1m[33m^^^^^^^^^^^^^^^^[0m
2026-09-12T10:48:08.1144281Z [1m[94m...[0m
2026-09-12T10:48:08.1144867Z [1m[94m1738[0m [1m[94m|[0m     fn render_bundle_encoder_multi_draw_indirect(
2026-09-12T10:48:08.1145669Z      [1m[94m|[0m        [1m[33m^^^^^^^^^^^^^^^^^^^^^^^^^^^^^^^^^^^^^^^^^[0m
2026-09-12T10:48:08.1146262Z [1m[94m...[0m
2026-09-12T10:48:08.1148355Z [1m[94m1747[0m [1m[94m|[0m     fn render_bundle_encoder_multi_draw_indexed_indirect(
2026-09-12T10:48:08.1149364Z      [1m[94m|[0m        [1m[33m^^^^^^^^^^^^^^^^^^^^^^^^^^^^^^^^^^^^^^^^^^^^^^^^^[0m
2026-09-12T10:48:08.1149990Z [1m[94m...[0m
2026-09-12T10:48:08.1150632Z [1m[94m1757[0m [1m[94m|[0m     fn render_bundle_encoder_multi_draw_indirect_count(
2026-09-12T10:48:08.1151502Z      [1m[94m|[0m        [1m[33m^^^^^^^^^^^^^^^^^^^^^^^^^^^^^^^^^^^^^^^^^^^^^^^[0m
2026-09-12T10:48:08.1152436Z [1m[94m...[0m
2026-09-12T10:48:08.1153117Z [1m[94m1770[0m [1m[94m|[0m     fn render_bundle_encoder_multi_draw_indexed_indirect_count(
2026-09-12T10:48:08.1154158Z      [1m[94m|[0m        [1m[33m^^^^^^^^^^^^^^^^^^^^^^^^^^^^^^^^^^^^^^^^^^^^^^^^^^^^^^^[0m
2026-09-12T10:48:08.1154624Z 
2026-09-12T10:48:08.1154924Z [1m[33mwarning[0m[1m: field `0` is never read[0m
2026-09-12T10:48:08.1155580Z   [1m[94m--> [0mvendor/wgpu-0.20.1/src/util/mod.rs:86:5
2026-09-12T10:48:08.1156132Z    [1m[94m|[0m
2026-09-12T10:48:08.1156666Z [1m[94m85[0m [1m[94m|[0m pub struct DownloadBuffer(
2026-09-12T10:48:08.1157649Z    [1m[94m|[0m            [1m[94m--------------[0m [1m[94mfield in this struct[0m
2026-09-12T10:48:08.1158478Z [1m[94m86[0m [1m[94m|[0m     Arc<super::Buffer>,
2026-09-12T10:48:08.1159135Z    [1m[94m|[0m     [1m[33m^^^^^^^^^^^^^^^^^^[0m
2026-09-12T10:48:08.1159635Z    [1m[94m|[0m
2026-09-12T10:48:08.1160719Z [1m[96mhelp[0m: consider changing the field to be of unit type to suppress this warning while preserving the field numbering, or remove the field
2026-09-12T10:48:08.1161790Z    [1m[94m|[0m
2026-09-12T10:48:08.1162369Z [1m[94m86[0m [91m- [0m    [91mArc<super::Buffer>[0m,
2026-09-12T10:48:08.1162973Z [1m[94m86[0m [92m+ [0m    [92m()[0m,
2026-09-12T10:48:08.1163459Z    [1m[94m|[0m
2026-09-12T10:48:08.1163664Z 
2026-09-12T10:48:08.8018929Z [1m[92m   Compiling[0m gemm-common v0.18.2
2026-09-12T10:48:10.1409460Z [1m[92m   Compiling[0m gemm-f64 v0.18.2
2026-09-12T10:48:11.8329247Z [1m[92m   Compiling[0m gemm-c32 v0.18.2
2026-09-12T10:48:13.6018392Z [1m[92m   Compiling[0m gemm-c64 v0.18.2
2026-09-12T10:48:14.2528602Z [1m[92m   Compiling[0m gemm-f32 v0.18.2
2026-09-12T10:48:16.5447980Z [1m[92m   Compiling[0m qd v0.7.7
2026-09-12T10:48:16.8568367Z [1m[92m   Compiling[0m faer-traits v0.23.2
2026-09-12T10:48:17.1458586Z [1m[92m   Compiling[0m gemm v0.18.2
2026-09-12T10:48:17.2082322Z [1m[92m   Compiling[0m st-backend-wgpu v0.1.0 (/home/runner/work/SpiralTorch/SpiralTorch/crates/st-backend-wgpu)
2026-09-12T10:48:17.3232211Z [1m[92m   Compiling[0m sha2 v0.10.9
2026-09-12T10:48:17.6408322Z [1m[92m   Compiling[0m faer v0.23.2
2026-09-12T10:48:18.1159130Z [1m[92m   Compiling[0m spiral-config v0.1.0 (/home/runner/work/SpiralTorch/SpiralTorch/crates/spiral-config)
2026-09-12T10:48:23.2298863Z [1m[92m   Compiling[0m st-frac v0.1.1 (/home/runner/work/SpiralTorch/SpiralTorch/crates/st-frac)
2026-09-12T10:48:27.9326599Z [1m[92m   Compiling[0m st-kdsl v0.3.0 (/home/runner/work/SpiralTorch/SpiralTorch/crates/st-kdsl)
2026-09-12T10:48:33.9148721Z [1m[92m   Compiling[0m st-core v1.10.0 (/home/runner/work/SpiralTorch/SpiralTorch/crates/st-core)
2026-09-12T10:48:35.7773273Z [1m[92m   Compiling[0m st-softlogic v0.2.0 (/home/runner/work/SpiralTorch/SpiralTorch/crates/st-softlogic)
2026-09-12T10:48:36.9438331Z [1m[92m   Compiling[0m pyo3-ffi v0.29.2
2026-09-12T10:48:36.9638297Z [1m[92m   Compiling[0m pyo3 v0.29.2
2026-09-12T10:48:36.9817972Z [1m[92m   Compiling[0m st-backend-hip v0.4.0 (/home/runner/work/SpiralTorch/SpiralTorch/crates/st-backend-hip)
2026-09-12T10:48:37.1908808Z [1m[92m   Compiling[0m spiral-safety v0.1.0 (/home/runner/work/SpiralTorch/SpiralTorch/crates/spiral-safety)
2026-09-12T10:48:40.8718911Z [1m[92m   Compiling[0m spiraltorch-py v0.4.27 (/home/runner/work/SpiralTorch/SpiralTorch/bindings/st-py)
2026-09-12T10:48:42.0078859Z [1m[92m   Compiling[0m julia-ffi-poc v0.1.0 (/home/runner/work/SpiralTorch/SpiralTorch/crates/julia-ffi-poc)
2026-09-12T10:48:42.1011090Z [1m[92m   Compiling[0m spiral-hpo v0.1.0 (/home/runner/work/SpiralTorch/SpiralTorch/crates/spiral-hpo)
2026-09-12T10:48:44.3428741Z [1m[92m   Compiling[0m spiral-opt v0.1.0 (/home/runner/work/SpiralTorch/SpiralTorch/crates/spiral-opt)
2026-09-12T10:48:46.9998438Z [1m[33mwarning[0m: `wgpu` (lib) generated 161 warnings
2026-09-12T10:48:47.0028170Z [1m[92m   Compiling[0m st-tensor v0.1.0 (/home/runner/work/SpiralTorch/SpiralTorch/crates/st-tensor)
2026-09-12T10:48:59.5224069Z [1m[92m   Compiling[0m st-robotics v0.1.0 (/home/runner/work/SpiralTorch/SpiralTorch/crates/st-robotics)
2026-09-12T10:49:16.8410667Z [1m[92m   Compiling[0m st-logic v0.4.0 (/home/runner/work/SpiralTorch/SpiralTorch/crates/st-logic)
2026-09-12T10:49:16.8412009Z [1m[92m   Compiling[0m st-spiral-rl v0.1.0 (/home/runner/work/SpiralTorch/SpiralTorch/crates/st-spiral-rl)
2026-09-12T10:49:18.2418679Z [1m[92m   Compiling[0m st-text v0.1.0 (/home/runner/work/SpiralTorch/SpiralTorch/crates/st-text)
2026-09-12T10:49:19.5212495Z [1m[92m   Compiling[0m st-nn v0.1.0 (/home/runner/work/SpiralTorch/SpiralTorch/crates/st-nn)
2026-09-12T10:49:22.5298485Z [1m[92m   Compiling[0m st-vision v0.1.0 (/home/runner/work/SpiralTorch/SpiralTorch/crates/st-vision)
2026-09-12T10:49:27.1289457Z [1m[92m   Compiling[0m spiral-selfsup v0.1.0 (/home/runner/work/SpiralTorch/SpiralTorch/crates/spiral-selfsup)
2026-09-12T10:49:30.4928736Z [1m[92m   Compiling[0m st-qr-studio v0.1.0 (/home/runner/work/SpiralTorch/SpiralTorch/crates/st-qr-studio)
2026-09-12T10:49:35.6108709Z [1m[92m   Compiling[0m st-rec v0.1.0 (/home/runner/work/SpiralTorch/SpiralTorch/crates/st-rec)
2026-09-12T10:51:14.3615163Z [1m[92m    Finished[0m `release` profile [optimized] target(s) in 3m 09s
2026-09-12T10:51:15.3027695Z 📦 Including files matching "examples/*.py"
2026-09-12T10:51:16.0652080Z 📦 Built wheel for abi3 Python ≥ 3.8 to /home/runner/work/SpiralTorch/SpiralTorch/target/wheels/spiraltorch-0.4.27-cp38-abi3-manylinux_2_39_x86_64.whl
2026-09-12T10:51:16.0738604Z ##[group]Run cargo check --locked -p st-bench --features python --bench python_bindings
2026-09-12T10:51:16.0739243Z [36;1mcargo check --locked -p st-bench --features python --bench python_bindings[0m
2026-09-12T10:51:16.0779548Z shell: /usr/bin/bash -e {0}
2026-09-12T10:51:16.0779816Z env:
2026-09-12T10:51:16.0780104Z   pythonLocation: /opt/hostedtoolcache/Python/3.12.14/x64
2026-09-12T10:51:16.0780586Z   PKG_CONFIG_PATH: /opt/hostedtoolcache/Python/3.12.14/x64/lib/pkgconfig
2026-09-12T10:51:16.0781034Z   Python_ROOT_DIR: /opt/hostedtoolcache/Python/3.12.14/x64
2026-09-12T10:51:16.0781418Z   Python2_ROOT_DIR: /opt/hostedtoolcache/Python/3.12.14/x64
2026-09-12T10:51:16.0781828Z   Python3_ROOT_DIR: /opt/hostedtoolcache/Python/3.12.14/x64
2026-09-12T10:51:16.0782218Z   LD_LIBRARY_PATH: /opt/hostedtoolcache/Python/3.12.14/x64/lib
2026-09-12T10:51:16.0782576Z   CARGO_HOME: /home/runner/.cargo
2026-09-12T10:51:16.0782842Z   CARGO_INCREMENTAL: 0
2026-09-12T10:51:16.0783123Z   CARGO_TERM_COLOR: always
2026-09-12T10:51:16.0783373Z   CACHE_ON_FAILURE: false
2026-09-12T10:51:16.0783604Z ##[endgroup]
2026-09-12T10:51:16.3101169Z [1m[92m   Compiling[0m matrixmultiply v0.3.10
2026-09-12T10:51:16.3158974Z [1m[92m    Checking[0m spindle v0.2.5 (/home/runner/work/SpiralTorch/SpiralTorch/vendor/spindle)
2026-09-12T10:51:16.3208198Z [1m[92m    Checking[0m st-kernel-contracts v0.1.0 (/home/runner/work/SpiralTorch/SpiralTorch/crates/st-kernel-contracts)
2026-09-12T10:51:16.3238502Z [1m[92m   Compiling[0m st-core v1.10.0 (/home/runner/work/SpiralTorch/SpiralTorch/crates/st-core)
2026-09-12T10:51:16.5048874Z [1m[92m    Checking[0m private-gemm-x86 v0.1.18
2026-09-12T10:51:16.5708230Z [1m[92m    Checking[0m spiral-config v0.1.0 (/home/runner/work/SpiralTorch/SpiralTorch/crates/spiral-config)
2026-09-12T10:51:16.6438572Z [1m[92m    Checking[0m st-kdsl v0.3.0 (/home/runner/work/SpiralTorch/SpiralTorch/crates/st-kdsl)
2026-09-12T10:51:16.7118380Z [1m[92m    Checking[0m winnow v0.7.13
2026-09-12T10:51:16.7690077Z [1m[92m    Checking[0m ndarray v0.15.6
2026-09-12T10:51:17.0368175Z [1m[92m    Checking[0m faer v0.23.2
2026-09-12T10:51:17.5758225Z [1m[92m    Checking[0m nalgebra v0.29.0
2026-09-12T10:51:17.9948599Z [1m[92m    Checking[0m futures-channel v0.3.34
2026-09-12T10:51:18.1368363Z [1m[92m    Checking[0m toml v0.9.12+spec-1.1.0
2026-09-12T10:51:18.7178775Z [1m[92m    Checking[0m nalgebra v0.32.6
2026-09-12T10:51:19.1178999Z [1m[92m    Checking[0m st-frac v0.1.1 (/home/runner/work/SpiralTorch/SpiralTorch/crates/st-frac)
2026-09-12T10:51:19.5778729Z [1m[92m    Checking[0m futures-util v0.3.34
2026-09-12T10:51:21.6379101Z [1m[92m    Checking[0m st-softlogic v0.2.0 (/home/runner/work/SpiralTorch/SpiralTorch/crates/st-softlogic)
2026-09-12T10:51:21.9138721Z [1m[92m   Compiling[0m wgpu v0.20.1 (/home/runner/work/SpiralTorch/SpiralTorch/vendor/wgpu-0.20.1)
2026-09-12T10:51:22.1258322Z [1m[92m    Checking[0m futures-executor v0.3.34
2026-09-12T10:51:22.3178339Z [1m[33mwarning[0m[1m: unexpected `cfg` condition name: `wgpu_core`[0m
2026-09-12T10:51:22.3237737Z   [1m[94m--> [0mvendor/wgpu-0.20.1/src/lib.rs:71:7
2026-09-12T10:51:22.3267435Z    [1m[94m|[0m
2026-09-12T10:51:22.3287611Z [1m[94m71[0m [1m[94m|[0m #[cfg(wgpu_core)]
2026-09-12T10:51:22.3327480Z    [1m[94m|[0m       [1m[33m^^^^^^^^^[0m
2026-09-12T10:51:22.3357473Z    [1m[94m|[0m
2026-09-12T10:51:22.3387726Z    [1m[94m= [0m[1mhelp[0m: expected names are: `docsrs`, `feature`, and `test` and 32 more
2026-09-12T10:51:22.3417544Z    [1m[94m= [0m[1mhelp[0m: consider using a Cargo feature instead
2026-09-12T10:51:22.3447781Z    [1m[94m= [0m[1mhelp[0m: or consider adding in `Cargo.toml` the `check-cfg` lint config for the lint:
2026-09-12T10:51:22.3527498Z             [lints.rust]
2026-09-12T10:51:22.3587585Z             unexpected_cfgs = { level = "warn", check-cfg = ['cfg(wgpu_core)'] }
2026-09-12T10:51:22.3648958Z    [1m[94m= [0m[1mhelp[0m: or consider adding `println!("cargo::rustc-check-cfg=cfg(wgpu_core)");` to the top of the `build.rs`
2026-09-12T10:51:22.3738463Z    [1m[94m= [0m[1mnote[0m: see <https://doc.rust-lang.org/nightly/rustc/check-cfg/cargo-specifics.html> for more information about checking conditional configuration
2026-09-12T10:51:22.3808125Z    [1m[94m= [0m[1mnote[0m: `#[warn(unexpected_cfgs)]` on by default
2026-09-12T10:51:22.3827282Z 
2026-09-12T10:51:22.3867816Z [1m[33mwarning[0m[1m: unexpected `cfg` condition name: `wgpu_core`[0m
2026-09-12T10:51:22.3897577Z   [1m[94m--> [0mvendor/wgpu-0.20.1/src/lib.rs:77:7
2026-09-12T10:51:22.3927422Z    [1m[94m|[0m
2026-09-12T10:51:22.3957527Z [1m[94m77[0m [1m[94m|[0m #[cfg(wgpu_core)]
2026-09-12T10:51:22.3987447Z    [1m[94m|[0m       [1m[33m^^^^^^^^^[0m
2026-09-12T10:51:22.4017419Z    [1m[94m|[0m
2026-09-12T10:51:22.4047604Z    [1m[94m= [0m[1mhelp[0m: consider using a Cargo feature instead
2026-09-12T10:51:22.4077846Z    [1m[94m= [0m[1mhelp[0m: or consider adding in `Cargo.toml` the `check-cfg` lint config for the lint:
2026-09-12T10:51:22.4107274Z             [lints.rust]
2026-09-12T10:51:22.4137563Z             unexpected_cfgs = { level = "warn", check-cfg = ['cfg(wgpu_core)'] }
2026-09-12T10:51:22.4168225Z    [1m[94m= [0m[1mhelp[0m: or consider adding `println!("cargo::rustc-check-cfg=cfg(wgpu_core)");` to the top of the `build.rs`
2026-09-12T10:51:22.4198282Z    [1m[94m= [0m[1mnote[0m: see <https://doc.rust-lang.org/nightly/rustc/check-cfg/cargo-specifics.html> for more information about checking conditional configuration
2026-09-12T10:51:22.4227050Z 
2026-09-12T10:51:22.4257643Z [1m[33mwarning[0m[1m: unexpected `cfg` condition name: `wgpu_core`[0m
2026-09-12T10:51:22.4280734Z   [1m[94m--> [0mvendor/wgpu-0.20.1/src/lib.rs:82:7
2026-09-12T10:51:22.4307309Z    [1m[94m|[0m
2026-09-12T10:51:22.4337472Z [1m[94m82[0m [1m[94m|[0m #[cfg(wgpu_core)]
2026-09-12T10:51:22.4338089Z    [1m[94m|[0m       [1m[33m^^^^^^^^^[0m
2026-09-12T10:51:22.4338628Z    [1m[94m|[0m
2026-09-12T10:51:22.4339178Z    [1m[94m= [0m[1mhelp[0m: consider using a Cargo feature instead
2026-09-12T10:51:22.4340186Z    [1m[94m= [0m[1mhelp[0m: or consider adding in `Cargo.toml` the `check-cfg` lint config for the lint:
2026-09-12T10:51:22.4340934Z             [lints.rust]
2026-09-12T10:51:22.4341480Z             unexpected_cfgs = { level = "warn", check-cfg = ['cfg(wgpu_core)'] }
2026-09-12T10:51:22.4343485Z    [1m[94m= [0m[1mhelp[0m: or consider adding `println!("cargo::rustc-check-cfg=cfg(wgpu_core)");` to the top of the `build.rs`
2026-09-12T10:51:22.4345266Z    [1m[94m= [0m[1mnote[0m: see <https://doc.rust-lang.org/nightly/rustc/check-cfg/cargo-specifics.html> for more information about checking conditional configuration
2026-09-12T10:51:22.4346257Z 
2026-09-12T10:51:22.4346669Z [1m[33mwarning[0m[1m: unexpected `cfg` condition name: `wgpu_core`[0m
2026-09-12T10:51:22.4347666Z   [1m[94m--> [0mvendor/wgpu-0.20.1/src/lib.rs:88:15
2026-09-12T10:51:22.4348208Z    [1m[94m|[0m
2026-09-12T10:51:22.4348724Z [1m[94m88[0m [1m[94m|[0m #[cfg(all(not(wgpu_core), naga))]
2026-09-12T10:51:22.4349440Z    [1m[94m|[0m               [1m[33m^^^^^^^^^[0m
2026-09-12T10:51:22.4349932Z    [1m[94m|[0m
2026-09-12T10:51:22.4350476Z    [1m[94m= [0m[1mhelp[0m: consider using a Cargo feature instead
2026-09-12T10:51:22.4351471Z    [1m[94m= [0m[1mhelp[0m: or consider adding in `Cargo.toml` the `check-cfg` lint config for the lint:
2026-09-12T10:51:22.4352223Z             [lints.rust]
2026-09-12T10:51:22.4352766Z             unexpected_cfgs = { level = "warn", check-cfg = ['cfg(wgpu_core)'] }
2026-09-12T10:51:22.4354305Z    [1m[94m= [0m[1mhelp[0m: or consider adding `println!("cargo::rustc-check-cfg=cfg(wgpu_core)");` to the top of the `build.rs`
2026-09-12T10:51:22.4356069Z    [1m[94m= [0m[1mnote[0m: see <https://doc.rust-lang.org/nightly/rustc/check-cfg/cargo-specifics.html> for more information about checking conditional configuration
2026-09-12T10:51:22.4357614Z 
2026-09-12T10:51:22.4358022Z [1m[33mwarning[0m[1m: unexpected `cfg` condition name: `naga`[0m
2026-09-12T10:51:22.4358756Z   [1m[94m--> [0mvendor/wgpu-0.20.1/src/lib.rs:88:27
2026-09-12T10:51:22.4359263Z    [1m[94m|[0m
2026-09-12T10:51:22.4359782Z [1m[94m88[0m [1m[94m|[0m #[cfg(all(not(wgpu_core), naga))]
2026-09-12T10:51:22.4377788Z    [1m[94m|[0m                           [1m[33m^^^^[0m [1m[33mhelp: found config with similar value: `feature = "naga"`[0m
2026-09-12T10:51:22.4405127Z    [1m[94m|[0m
2026-09-12T10:51:22.4427568Z    [1m[94m= [0m[1mhelp[0m: consider using a Cargo feature instead
2026-09-12T10:51:22.4428596Z    [1m[94m= [0m[1mhelp[0m: or consider adding in `Cargo.toml` the `check-cfg` lint config for the lint:
2026-09-12T10:51:22.4429347Z             [lints.rust]
2026-09-12T10:51:22.4429888Z             unexpected_cfgs = { level = "warn", check-cfg = ['cfg(naga)'] }
2026-09-12T10:51:22.4431327Z    [1m[94m= [0m[1mhelp[0m: or consider adding `println!("cargo::rustc-check-cfg=cfg(naga)");` to the top of the `build.rs`
2026-09-12T10:51:22.4433053Z    [1m[94m= [0m[1mnote[0m: see <https://doc.rust-lang.org/nightly/rustc/check-cfg/cargo-specifics.html> for more information about checking conditional configuration
2026-09-12T10:51:22.4434058Z 
2026-09-12T10:51:22.4434465Z [1m[33mwarning[0m[1m: unexpected `cfg` condition name: `webgl`[0m
2026-09-12T10:51:22.4435215Z   [1m[94m--> [0mvendor/wgpu-0.20.1/src/lib.rs:99:11
2026-09-12T10:51:22.4435736Z    [1m[94m|[0m
2026-09-12T10:51:22.4436213Z [1m[94m99[0m [1m[94m|[0m #[cfg(any(webgl, webgpu))]
2026-09-12T10:51:22.4437323Z    [1m[94m|[0m           [1m[33m^^^^^[0m [1m[33mhelp: found config with similar value: `feature = "webgl"`[0m
2026-09-12T10:51:22.4438062Z    [1m[94m|[0m
2026-09-12T10:51:22.4438600Z    [1m[94m= [0m[1mhelp[0m: consider using a Cargo feature instead
2026-09-12T10:51:22.4439568Z    [1m[94m= [0m[1mhelp[0m: or consider adding in `Cargo.toml` the `check-cfg` lint config for the lint:
2026-09-12T10:51:22.4440306Z             [lints.rust]
2026-09-12T10:51:22.4440843Z             unexpected_cfgs = { level = "warn", check-cfg = ['cfg(webgl)'] }
2026-09-12T10:51:22.4467994Z    [1m[94m= [0m[1mhelp[0m: or consider adding `println!("cargo::rustc-check-cfg=cfg(webgl)");` to the top of the `build.rs`
2026-09-12T10:51:22.4498213Z    [1m[94m= [0m[1mnote[0m: see <https://doc.rust-lang.org/nightly/rustc/check-cfg/cargo-specifics.html> for more information about checking conditional configuration
2026-09-12T10:51:22.4527033Z 
2026-09-12T10:51:22.4557631Z [1m[33mwarning[0m[1m: unexpected `cfg` condition name: `webgpu`[0m
2026-09-12T10:51:22.4587709Z   [1m[94m--> [0mvendor/wgpu-0.20.1/src/lib.rs:99:18
2026-09-12T10:51:22.4617335Z    [1m[94m|[0m
2026-09-12T10:51:22.4647577Z [1m[94m99[0m [1m[94m|[0m #[cfg(any(webgl, webgpu))]
2026-09-12T10:51:22.4677863Z    [1m[94m|[0m                  [1m[33m^^^^^^[0m [1m[33mhelp: found config with similar value: `feature = "webgpu"`[0m
2026-09-12T10:51:22.4707348Z    [1m[94m|[0m
2026-09-12T10:51:22.4737577Z    [1m[94m= [0m[1mhelp[0m: consider using a Cargo feature instead
2026-09-12T10:51:22.4757758Z    [1m[94m= [0m[1mhelp[0m: or consider adding in `Cargo.toml` the `check-cfg` lint config for the lint:
2026-09-12T10:51:22.4758554Z             [lints.rust]
2026-09-12T10:51:22.4759127Z             unexpected_cfgs = { level = "warn", check-cfg = ['cfg(webgpu)'] }
2026-09-12T10:51:22.4760508Z    [1m[94m= [0m[1mhelp[0m: or consider adding `println!("cargo::rustc-check-cfg=cfg(webgpu)");` to the top of the `build.rs`
2026-09-12T10:51:22.4762323Z    [1m[94m= [0m[1mnote[0m: see <https://doc.rust-lang.org/nightly/rustc/check-cfg/cargo-specifics.html> for more information about checking conditional configuration
2026-09-12T10:51:22.4787078Z 
2026-09-12T10:51:22.4787636Z [1m[33mwarning[0m[1m: unexpected `cfg` condition name: `webgpu`[0m
2026-09-12T10:51:22.4788922Z    [1m[94m--> [0mvendor/wgpu-0.20.1/src/lib.rs:104:11
2026-09-12T10:51:22.4789488Z     [1m[94m|[0m
2026-09-12T10:51:22.4789989Z [1m[94m104[0m [1m[94m|[0m #[cfg(any(webgpu, webgl))]
2026-09-12T10:51:22.4790934Z     [1m[94m|[0m           [1m[33m^^^^^^[0m [1m[33mhelp: found config with similar value: `feature = "webgpu"`[0m
2026-09-12T10:51:22.4791691Z     [1m[94m|[0m
2026-09-12T10:51:22.4792260Z     [1m[94m= [0m[1mhelp[0m: consider using a Cargo feature instead
2026-09-12T10:51:22.4793254Z     [1m[94m= [0m[1mhelp[0m: or consider adding in `Cargo.toml` the `check-cfg` lint config for the lint:
2026-09-12T10:51:22.4793994Z              [lints.rust]
2026-09-12T10:51:22.4794522Z              unexpected_cfgs = { level = "warn", check-cfg = ['cfg(webgpu)'] }
2026-09-12T10:51:22.4795815Z     [1m[94m= [0m[1mhelp[0m: or consider adding `println!("cargo::rustc-check-cfg=cfg(webgpu)");` to the top of the `build.rs`
2026-09-12T10:51:22.4797760Z     [1m[94m= [0m[1mnote[0m: see <https://doc.rust-lang.org/nightly/rustc/check-cfg/cargo-specifics.html> for more information about checking conditional configuration
2026-09-12T10:51:22.4798758Z 
2026-09-12T10:51:22.4799147Z [1m[33mwarning[0m[1m: unexpected `cfg` condition name: `webgl`[0m
2026-09-12T10:51:22.4799877Z    [1m[94m--> [0mvendor/wgpu-0.20.1/src/lib.rs:104:19
2026-09-12T10:51:22.4800395Z     [1m[94m|[0m
2026-09-12T10:51:22.4800879Z [1m[94m104[0m [1m[94m|[0m #[cfg(any(webgpu, webgl))]
2026-09-12T10:51:22.4801822Z     [1m[94m|[0m                   [1m[33m^^^^^[0m [1m[33mhelp: found config with similar value: `feature = "webgl"`[0m
2026-09-12T10:51:22.4802566Z     [1m[94m|[0m
2026-09-12T10:51:22.4803080Z     [1m[94m= [0m[1mhelp[0m: consider using a Cargo feature instead
2026-09-12T10:51:22.4804048Z     [1m[94m= [0m[1mhelp[0m: or consider adding in `Cargo.toml` the `check-cfg` lint config for the lint:
2026-09-12T10:51:22.4804779Z              [lints.rust]
2026-09-12T10:51:22.4805304Z              unexpected_cfgs = { level = "warn", check-cfg = ['cfg(webgl)'] }
2026-09-12T10:51:22.4806511Z     [1m[94m= [0m[1mhelp[0m: or consider adding `println!("cargo::rustc-check-cfg=cfg(webgl)");` to the top of the `build.rs`
2026-09-12T10:51:22.4808375Z     [1m[94m= [0m[1mnote[0m: see <https://doc.rust-lang.org/nightly/rustc/check-cfg/cargo-specifics.html> for more information about checking conditional configuration
2026-09-12T10:51:22.4809640Z 
2026-09-12T10:51:22.4810049Z [1m[33mwarning[0m[1m: unexpected `cfg` condition name: `send_sync`[0m
2026-09-12T10:51:22.4810796Z    [1m[94m--> [0mvendor/wgpu-0.20.1/src/lib.rs:120:7
2026-09-12T10:51:22.4811312Z     [1m[94m|[0m
2026-09-12T10:51:22.4811770Z [1m[94m120[0m [1m[94m|[0m #[cfg(send_sync)]
2026-09-12T10:51:22.4812337Z     [1m[94m|[0m       [1m[33m^^^^^^^^^[0m
2026-09-12T10:51:22.4827374Z     [1m[94m|[0m
2026-09-12T10:51:22.4857574Z     [1m[94m= [0m[1mhelp[0m: consider using a Cargo feature instead
2026-09-12T10:51:22.4887917Z     [1m[94m= [0m[1mhelp[0m: or consider adding in `Cargo.toml` the `check-cfg` lint config for the lint:
2026-09-12T10:51:22.4917280Z              [lints.rust]
2026-09-12T10:51:22.4947454Z              unexpected_cfgs = { level = "warn", check-cfg = ['cfg(send_sync)'] }
2026-09-12T10:51:22.4978140Z     [1m[94m= [0m[1mhelp[0m: or consider adding `println!("cargo::rustc-check-cfg=cfg(send_sync)");` to the top of the `build.rs`
2026-09-12T10:51:22.5008261Z     [1m[94m= [0m[1mnote[0m: see <https://doc.rust-lang.org/nightly/rustc/check-cfg/cargo-specifics.html> for more information about checking conditional configuration
2026-09-12T10:51:22.5037040Z 
2026-09-12T10:51:22.5067634Z [1m[33mwarning[0m[1m: unexpected `cfg` condition name: `send_sync`[0m
2026-09-12T10:51:22.5097492Z    [1m[94m--> [0mvendor/wgpu-0.20.1/src/lib.rs:122:11
2026-09-12T10:51:22.5107346Z     [1m[94m|[0m
2026-09-12T10:51:22.5107896Z [1m[94m122[0m [1m[94m|[0m #[cfg(not(send_sync))]
2026-09-12T10:51:22.5108939Z     [1m[94m|[0m           [1m[33m^^^^^^^^^[0m
2026-09-12T10:51:22.5109478Z     [1m[94m|[0m
2026-09-12T10:51:22.5110060Z     [1m[94m= [0m[1mhelp[0m: consider using a Cargo feature instead
2026-09-12T10:51:22.5111074Z     [1m[94m= [0m[1mhelp[0m: or consider adding in `Cargo.toml` the `check-cfg` lint config for the lint:
2026-09-12T10:51:22.5111854Z              [lints.rust]
2026-09-12T10:51:22.5112414Z              unexpected_cfgs = { level = "warn", check-cfg = ['cfg(send_sync)'] }
2026-09-12T10:51:22.5113754Z     [1m[94m= [0m[1mhelp[0m: or consider adding `println!("cargo::rustc-check-cfg=cfg(send_sync)");` to the top of the `build.rs`
2026-09-12T10:51:22.5115588Z     [1m[94m= [0m[1mnote[0m: see <https://doc.rust-lang.org/nightly/rustc/check-cfg/cargo-specifics.html> for more information about checking conditional configuration
2026-09-12T10:51:22.5116593Z 
2026-09-12T10:51:22.5117168Z [1m[33mwarning[0m[1m: unexpected `cfg` condition name: `send_sync`[0m
2026-09-12T10:51:22.5117918Z    [1m[94m--> [0mvendor/wgpu-0.20.1/src/lib.rs:137:7
2026-09-12T10:51:22.5118988Z     [1m[94m|[0m
2026-09-12T10:51:22.5119609Z [1m[94m137[0m [1m[94m|[0m #[cfg(send_sync)]
2026-09-12T10:51:22.5120385Z     [1m[94m|[0m       [1m[33m^^^^^^^^^[0m
2026-09-12T10:51:22.5121312Z     [1m[94m|[0m
2026-09-12T10:51:22.5122059Z     [1m[94m= [0m[1mhelp[0m: consider using a Cargo feature instead
2026-09-12T10:51:22.5123273Z     [1m[94m= [0m[1mhelp[0m: or consider adding in `Cargo.toml` the `check-cfg` lint config for the lint:
2026-09-12T10:51:22.5124208Z              [lints.rust]
2026-09-12T10:51:22.5124953Z              unexpected_cfgs = { level = "warn", check-cfg = ['cfg(send_sync)'] }
2026-09-12T10:51:22.5126495Z     [1m[94m= [0m[1mhelp[0m: or consider adding `println!("cargo::rustc-check-cfg=cfg(send_sync)");` to the top of the `build.rs`
2026-09-12T10:51:22.5128887Z     [1m[94m= [0m[1mnote[0m: see <https://doc.rust-lang.org/nightly/rustc/check-cfg/cargo-specifics.html> for more information about checking conditional configuration
2026-09-12T10:51:22.5129957Z 
2026-09-12T10:51:22.5130502Z [1m[33mwarning[0m[1m: unexpected `cfg` condition name: `send_sync`[0m
2026-09-12T10:51:22.5131418Z    [1m[94m--> [0mvendor/wgpu-0.20.1/src/lib.rs:154:7
2026-09-12T10:51:22.5132153Z     [1m[94m|[0m
2026-09-12T10:51:22.5132876Z [1m[94m154[0m [1m[94m|[0m #[cfg(send_sync)]
2026-09-12T10:51:22.5133878Z     [1m[94m|[0m       [1m[33m^^^^^^^^^[0m
2026-09-12T10:51:22.5157409Z     [1m[94m|[0m
2026-09-12T10:51:22.5167747Z     [1m[94m= [0m[1mhelp[0m: consider using a Cargo feature instead
2026-09-12T10:51:22.5208227Z     [1m[94m= [0m[1mhelp[0m: or consider adding in `Cargo.toml` the `check-cfg` lint config for the lint:
2026-09-12T10:51:22.5227466Z              [lints.rust]
2026-09-12T10:51:22.5257611Z              unexpected_cfgs = { level = "warn", check-cfg = ['cfg(send_sync)'] }
2026-09-12T10:51:22.5288337Z     [1m[94m= [0m[1mhelp[0m: or consider adding `println!("cargo::rustc-check-cfg=cfg(send_sync)");` to the top of the `build.rs`
2026-09-12T10:51:22.5338369Z     [1m[94m= [0m[1mnote[0m: see <https://doc.rust-lang.org/nightly/rustc/check-cfg/cargo-specifics.html> for more information about checking conditional configuration
2026-09-12T10:51:22.5347134Z 
2026-09-12T10:51:22.5387953Z [1m[33mwarning[0m[1m: unexpected `cfg` condition name: `send_sync`[0m
2026-09-12T10:51:22.5427687Z    [1m[94m--> [0mvendor/wgpu-0.20.1/src/lib.rs:179:7
2026-09-12T10:51:22.5437590Z     [1m[94m|[0m
2026-09-12T10:51:22.5477731Z [1m[94m179[0m [1m[94m|[0m #[cfg(send_sync)]
2026-09-12T10:51:22.5507841Z     [1m[94m|[0m       [1m[33m^^^^^^^^^[0m
2026-09-12T10:51:22.5508665Z     [1m[94m|[0m
2026-09-12T10:51:22.5509371Z     [1m[94m= [0m[1mhelp[0m: consider using a Cargo feature instead
2026-09-12T10:51:22.5510742Z     [1m[94m= [0m[1mhelp[0m: or consider adding in `Cargo.toml` the `check-cfg` lint config for the lint:
2026-09-12T10:51:22.5547818Z              [lints.rust]
2026-09-12T10:51:22.5577836Z              unexpected_cfgs = { level = "warn", check-cfg = ['cfg(send_sync)'] }
2026-09-12T10:51:22.5608543Z     [1m[94m= [0m[1mhelp[0m: or consider adding `println!("cargo::rustc-check-cfg=cfg(send_sync)");` to the top of the `build.rs`
2026-09-12T10:51:22.5618473Z     [1m[94m= [0m[1mnote[0m: see <https://doc.rust-lang.org/nightly/rustc/check-cfg/cargo-specifics.html> for more information about checking conditional configuration
2026-09-12T10:51:22.5657306Z 
2026-09-12T10:51:22.5677748Z [1m[33mwarning[0m[1m: unexpected `cfg` condition name: `send_sync`[0m
2026-09-12T10:51:22.5678742Z    [1m[94m--> [0mvendor/wgpu-0.20.1/src/lib.rs:190:7
2026-09-12T10:51:22.5679651Z     [1m[94m|[0m
2026-09-12T10:51:22.5680272Z [1m[94m190[0m [1m[94m|[0m #[cfg(send_sync)]
2026-09-12T10:51:22.5681100Z     [1m[94m|[0m       [1m[33m^^^^^^^^^[0m
2026-09-12T10:51:22.5681774Z     [1m[94m|[0m
2026-09-12T10:51:22.5682496Z     [1m[94m= [0m[1mhelp[0m: consider using a Cargo feature instead
2026-09-12T10:51:22.5683766Z     [1m[94m= [0m[1mhelp[0m: or consider adding in `Cargo.toml` the `check-cfg` lint config for the lint:
2026-09-12T10:51:22.5684740Z              [lints.rust]
2026-09-12T10:51:22.5685489Z              unexpected_cfgs = { level = "warn", check-cfg = ['cfg(send_sync)'] }
2026-09-12T10:51:22.5707376Z     [1m[94m= [0m[1mhelp[0m: or consider adding `println!("cargo::rustc-check-cfg=cfg(send_sync)");` to the top of the `build.rs`
2026-09-12T10:51:22.5709862Z     [1m[94m= [0m[1mnote[0m: see <https://doc.rust-lang.org/nightly/rustc/check-cfg/cargo-specifics.html> for more information about checking conditional configuration
2026-09-12T10:51:22.5710966Z 
2026-09-12T10:51:22.5711521Z [1m[33mwarning[0m[1m: unexpected `cfg` condition name: `send_sync`[0m
2026-09-12T10:51:22.5712532Z    [1m[94m--> [0mvendor/wgpu-0.20.1/src/lib.rs:411:7
2026-09-12T10:51:22.5713176Z     [1m[94m|[0m
2026-09-12T10:51:22.5713868Z [1m[94m411[0m [1m[94m|[0m #[cfg(send_sync)]
2026-09-12T10:51:22.5714689Z     [1m[94m|[0m       [1m[33m^^^^^^^^^[0m
2026-09-12T10:51:22.5715390Z     [1m[94m|[0m
2026-09-12T10:51:22.5716070Z     [1m[94m= [0m[1mhelp[0m: consider using a Cargo feature instead
2026-09-12T10:51:22.5717496Z     [1m[94m= [0m[1mhelp[0m: or consider adding in `Cargo.toml` the `check-cfg` lint config for the lint:
2026-09-12T10:51:22.5718985Z              [lints.rust]
2026-09-12T10:51:22.5719681Z              unexpected_cfgs = { level = "warn", check-cfg = ['cfg(send_sync)'] }
2026-09-12T10:51:22.5721249Z     [1m[94m= [0m[1mhelp[0m: or consider adding `println!("cargo::rustc-check-cfg=cfg(send_sync)");` to the top of the `build.rs`
2026-09-12T10:51:22.5723252Z     [1m[94m= [0m[1mnote[0m: see <https://doc.rust-lang.org/nightly/rustc/check-cfg/cargo-specifics.html> for more information about checking conditional configuration
2026-09-12T10:51:22.5724323Z 
2026-09-12T10:51:22.5724889Z [1m[33mwarning[0m[1m: unexpected `cfg` condition name: `send_sync`[0m
2026-09-12T10:51:22.5725834Z    [1m[94m--> [0mvendor/wgpu-0.20.1/src/lib.rs:452:7
2026-09-12T10:51:22.5726508Z     [1m[94m|[0m
2026-09-12T10:51:22.5747794Z [1m[94m452[0m [1m[94m|[0m #[cfg(send_sync)]
2026-09-12T10:51:22.5748616Z     [1m[94m|[0m       [1m[33m^^^^^^^^^[0m
2026-09-12T10:51:22.5749254Z     [1m[94m|[0m
2026-09-12T10:51:22.5750120Z     [1m[94m= [0m[1mhelp[0m: consider using a Cargo feature instead
2026-09-12T10:51:22.5751355Z     [1m[94m= [0m[1mhelp[0m: or consider adding in `Cargo.toml` the `check-cfg` lint config for the lint:
2026-09-12T10:51:22.5752337Z              [lints.rust]
2026-09-12T10:51:22.5753033Z              unexpected_cfgs = { level = "warn", check-cfg = ['cfg(send_sync)'] }
2026-09-12T10:51:22.5754634Z     [1m[94m= [0m[1mhelp[0m: or consider adding `println!("cargo::rustc-check-cfg=cfg(send_sync)");` to the top of the `build.rs`
2026-09-12T10:51:22.5757136Z     [1m[94m= [0m[1mnote[0m: see <https://doc.rust-lang.org/nightly/rustc/check-cfg/cargo-specifics.html> for more information about checking conditional configuration
2026-09-12T10:51:22.5758287Z 
2026-09-12T10:51:22.5758754Z [1m[33mwarning[0m[1m: unexpected `cfg` condition name: `send_sync`[0m
2026-09-12T10:51:22.5759817Z    [1m[94m--> [0mvendor/wgpu-0.20.1/src/lib.rs:468:7
2026-09-12T10:51:22.5760490Z     [1m[94m|[0m
2026-09-12T10:51:22.5761183Z [1m[94m468[0m [1m[94m|[0m #[cfg(send_sync)]
2026-09-12T10:51:22.5761935Z     [1m[94m|[0m       [1m[33m^^^^^^^^^[0m
2026-09-12T10:51:22.5762603Z     [1m[94m|[0m
2026-09-12T10:51:22.5763395Z     [1m[94m= [0m[1mhelp[0m: consider using a Cargo feature instead
2026-09-12T10:51:22.5764574Z     [1m[94m= [0m[1mhelp[0m: or consider adding in `Cargo.toml` the `check-cfg` lint config for the lint:
2026-09-12T10:51:22.5765582Z              [lints.rust]
2026-09-12T10:51:22.5766380Z              unexpected_cfgs = { level = "warn", check-cfg = ['cfg(send_sync)'] }
2026-09-12T10:51:22.5768003Z     [1m[94m= [0m[1mhelp[0m: or consider adding `println!("cargo::rustc-check-cfg=cfg(send_sync)");` to the top of the `build.rs`
2026-09-12T10:51:22.5770065Z     [1m[94m= [0m[1mnote[0m: see <https://doc.rust-lang.org/nightly/rustc/check-cfg/cargo-specifics.html> for more information about checking conditional configuration
2026-09-12T10:51:22.5771183Z 
2026-09-12T10:51:22.5771744Z [1m[33mwarning[0m[1m: unexpected `cfg` condition name: `send_sync`[0m
2026-09-12T10:51:22.5772746Z    [1m[94m--> [0mvendor/wgpu-0.20.1/src/lib.rs:483:7
2026-09-12T10:51:22.5773464Z     [1m[94m|[0m
2026-09-12T10:51:22.5774162Z [1m[94m483[0m [1m[94m|[0m #[cfg(send_sync)]
2026-09-12T10:51:22.5774893Z     [1m[94m|[0m       [1m[33m^^^^^^^^^[0m
2026-09-12T10:51:22.5775573Z     [1m[94m|[0m
2026-09-12T10:51:22.5776360Z     [1m[94m= [0m[1mhelp[0m: consider using a Cargo feature instead
2026-09-12T10:51:22.5798108Z     [1m[94m= [0m[1mhelp[0m: or consider adding in `Cargo.toml` the `check-cfg` lint config for the lint:
2026-09-12T10:51:22.5799165Z              [lints.rust]
2026-09-12T10:51:22.5799919Z              unexpected_cfgs = { level = "warn", check-cfg = ['cfg(send_sync)'] }
2026-09-12T10:51:22.5801470Z     [1m[94m= [0m[1mhelp[0m: or consider adding `println!("cargo::rustc-check-cfg=cfg(send_sync)");` to the top of the `build.rs`
2026-09-12T10:51:22.5803359Z     [1m[94m= [0m[1mnote[0m: see <https://doc.rust-lang.org/nightly/rustc/check-cfg/cargo-specifics.html> for more information about checking conditional configuration
2026-09-12T10:51:22.5804651Z 
2026-09-12T10:51:22.5805057Z [1m[33mwarning[0m[1m: unexpected `cfg` condition name: `send_sync`[0m
2026-09-12T10:51:22.5805840Z    [1m[94m--> [0mvendor/wgpu-0.20.1/src/lib.rs:501:7
2026-09-12T10:51:22.5806346Z     [1m[94m|[0m
2026-09-12T10:51:22.5806962Z [1m[94m501[0m [1m[94m|[0m #[cfg(send_sync)]
2026-09-12T10:51:22.5807512Z     [1m[94m|[0m       [1m[33m^^^^^^^^^[0m
2026-09-12T10:51:22.5807977Z     [1m[94m|[0m
2026-09-12T10:51:22.5808506Z     [1m[94m= [0m[1mhelp[0m: consider using a Cargo feature instead
2026-09-12T10:51:22.5809491Z     [1m[94m= [0m[1mhelp[0m: or consider adding in `Cargo.toml` the `check-cfg` lint config for the lint:
2026-09-12T10:51:22.5810249Z              [lints.rust]
2026-09-12T10:51:22.5810776Z              unexpected_cfgs = { level = "warn", check-cfg = ['cfg(send_sync)'] }
2026-09-12T10:51:22.5812037Z     [1m[94m= [0m[1mhelp[0m: or consider adding `println!("cargo::rustc-check-cfg=cfg(send_sync)");` to the top of the `build.rs`
2026-09-12T10:51:22.5813802Z     [1m[94m= [0m[1mnote[0m: see <https://doc.rust-lang.org/nightly/rustc/check-cfg/cargo-specifics.html> for more information about checking conditional configuration
2026-09-12T10:51:22.5814770Z 
2026-09-12T10:51:22.5815172Z [1m[33mwarning[0m[1m: unexpected `cfg` condition name: `send_sync`[0m
2026-09-12T10:51:22.5815930Z    [1m[94m--> [0mvendor/wgpu-0.20.1/src/lib.rs:574:7
2026-09-12T10:51:22.5816439Z     [1m[94m|[0m
2026-09-12T10:51:22.5817276Z [1m[94m574[0m [1m[94m|[0m #[cfg(send_sync)]
2026-09-12T10:51:22.5817846Z     [1m[94m|[0m       [1m[33m^^^^^^^^^[0m
2026-09-12T10:51:22.5818316Z     [1m[94m|[0m
2026-09-12T10:51:22.5818837Z     [1m[94m= [0m[1mhelp[0m: consider using a Cargo feature instead
2026-09-12T10:51:22.5819813Z     [1m[94m= [0m[1mhelp[0m: or consider adding in `Cargo.toml` the `check-cfg` lint config for the lint:
2026-09-12T10:51:22.5820557Z              [lints.rust]
2026-09-12T10:51:22.5821084Z              unexpected_cfgs = { level = "warn", check-cfg = ['cfg(send_sync)'] }
2026-09-12T10:51:22.5822343Z     [1m[94m= [0m[1mhelp[0m: or consider adding `println!("cargo::rustc-check-cfg=cfg(send_sync)");` to the top of the `build.rs`
2026-09-12T10:51:22.5824085Z     [1m[94m= [0m[1mnote[0m: see <https://doc.rust-lang.org/nightly/rustc/check-cfg/cargo-specifics.html> for more information about checking conditional configuration
2026-09-12T10:51:22.5825072Z 
2026-09-12T10:51:22.5825467Z [1m[33mwarning[0m[1m: unexpected `cfg` condition name: `send_sync`[0m
2026-09-12T10:51:22.5826206Z    [1m[94m--> [0mvendor/wgpu-0.20.1/src/lib.rs:746:7
2026-09-12T10:51:22.5877060Z     [1m[94m|[0m
2026-09-12T10:51:22.5877699Z [1m[94m746[0m [1m[94m|[0m #[cfg(send_sync)]
2026-09-12T10:51:22.5878286Z     [1m[94m|[0m       [1m[33m^^^^^^^^^[0m
2026-09-12T10:51:22.5878781Z     [1m[94m|[0m
2026-09-12T10:51:22.5879334Z     [1m[94m= [0m[1mhelp[0m: consider using a Cargo feature instead
2026-09-12T10:51:22.5880333Z     [1m[94m= [0m[1mhelp[0m: or consider adding in `Cargo.toml` the `check-cfg` lint config for the lint:
2026-09-12T10:51:22.5881081Z              [lints.rust]
2026-09-12T10:51:22.5881623Z              unexpected_cfgs = { level = "warn", check-cfg = ['cfg(send_sync)'] }
2026-09-12T10:51:22.5882947Z     [1m[94m= [0m[1mhelp[0m: or consider adding `println!("cargo::rustc-check-cfg=cfg(send_sync)");` to the top of the `build.rs`
2026-09-12T10:51:22.5884724Z     [1m[94m= [0m[1mnote[0m: see <https://doc.rust-lang.org/nightly/rustc/check-cfg/cargo-specifics.html> for more information about checking conditional configuration
2026-09-12T10:51:22.5885708Z 
2026-09-12T10:51:22.5886111Z [1m[33mwarning[0m[1m: unexpected `cfg` condition name: `send_sync`[0m
2026-09-12T10:51:22.5887033Z    [1m[94m--> [0mvendor/wgpu-0.20.1/src/lib.rs:772:7
2026-09-12T10:51:22.5887824Z     [1m[94m|[0m
2026-09-12T10:51:22.5888254Z [1m[94m772[0m [1m[94m|[0m #[cfg(send_sync)]
2026-09-12T10:51:22.5888805Z     [1m[94m|[0m       [1m[33m^^^^^^^^^[0m
2026-09-12T10:51:22.5889276Z     [1m[94m|[0m
2026-09-12T10:51:22.5889813Z     [1m[94m= [0m[1mhelp[0m: consider using a Cargo feature instead
2026-09-12T10:51:22.5890805Z     [1m[94m= [0m[1mhelp[0m: or consider adding in `Cargo.toml` the `check-cfg` lint config for the lint:
2026-09-12T10:51:22.5891541Z              [lints.rust]
2026-09-12T10:51:22.5892084Z              unexpected_cfgs = { level = "warn", check-cfg = ['cfg(send_sync)'] }
2026-09-12T10:51:22.5893363Z     [1m[94m= [0m[1mhelp[0m: or consider adding `println!("cargo::rustc-check-cfg=cfg(send_sync)");` to the top of the `build.rs`
2026-09-12T10:51:22.5895124Z     [1m[94m= [0m[1mnote[0m: see <https://doc.rust-lang.org/nightly/rustc/check-cfg/cargo-specifics.html> for more information about checking conditional configuration
2026-09-12T10:51:22.5896151Z 
2026-09-12T10:51:22.5896569Z [1m[33mwarning[0m[1m: unexpected `cfg` condition name: `send_sync`[0m
2026-09-12T10:51:22.5897513Z    [1m[94m--> [0mvendor/wgpu-0.20.1/src/lib.rs:797:7
2026-09-12T10:51:22.5898021Z     [1m[94m|[0m
2026-09-12T10:51:22.5898450Z [1m[94m797[0m [1m[94m|[0m #[cfg(send_sync)]
2026-09-12T10:51:22.5899039Z     [1m[94m|[0m       [1m[33m^^^^^^^^^[0m
2026-09-12T10:51:22.5899504Z     [1m[94m|[0m
2026-09-12T10:51:22.5900007Z     [1m[94m= [0m[1mhelp[0m: consider using a Cargo feature instead
2026-09-12T10:51:22.5901219Z     [1m[94m= [0m[1mhelp[0m: or consider adding in `Cargo.toml` the `check-cfg` lint config for the lint:
2026-09-12T10:51:22.5901962Z              [lints.rust]
2026-09-12T10:51:22.5902491Z              unexpected_cfgs = { level = "warn", check-cfg = ['cfg(send_sync)'] }
2026-09-12T10:51:22.5903764Z     [1m[94m= [0m[1mhelp[0m: or consider adding `println!("cargo::rustc-check-cfg=cfg(send_sync)");` to the top of the `build.rs`
2026-09-12T10:51:22.5905531Z     [1m[94m= [0m[1mnote[0m: see <https://doc.rust-lang.org/nightly/rustc/check-cfg/cargo-specifics.html> for more information about checking conditional configuration
2026-09-12T10:51:22.5906506Z 
2026-09-12T10:51:22.5937292Z [1m[33mwarning[0m[1m: unexpected `cfg` condition name: `send_sync`[0m
2026-09-12T10:51:22.5938186Z    [1m[94m--> [0mvendor/wgpu-0.20.1/src/lib.rs:891:7
2026-09-12T10:51:22.5938721Z     [1m[94m|[0m
2026-09-12T10:51:22.5939164Z [1m[94m891[0m [1m[94m|[0m #[cfg(send_sync)]
2026-09-12T10:51:22.5939722Z     [1m[94m|[0m       [1m[33m^^^^^^^^^[0m
2026-09-12T10:51:22.5940203Z     [1m[94m|[0m
2026-09-12T10:51:22.5940745Z     [1m[94m= [0m[1mhelp[0m: consider using a Cargo feature instead
2026-09-12T10:51:22.5941736Z     [1m[94m= [0m[1mhelp[0m: or consider adding in `Cargo.toml` the `check-cfg` lint config for the lint:
2026-09-12T10:51:22.5942561Z              [lints.rust]
2026-09-12T10:51:22.5943105Z              unexpected_cfgs = { level = "warn", check-cfg = ['cfg(send_sync)'] }
2026-09-12T10:51:22.5944444Z     [1m[94m= [0m[1mhelp[0m: or consider adding `println!("cargo::rustc-check-cfg=cfg(send_sync)");` to the top of the `build.rs`
2026-09-12T10:51:22.5946216Z     [1m[94m= [0m[1mnote[0m: see <https://doc.rust-lang.org/nightly/rustc/check-cfg/cargo-specifics.html> for more information about checking conditional configuration
2026-09-12T10:51:22.5947368Z 
2026-09-12T10:51:22.5947767Z [1m[33mwarning[0m[1m: unexpected `cfg` condition name: `send_sync`[0m
2026-09-12T10:51:22.5948515Z    [1m[94m--> [0mvendor/wgpu-0.20.1/src/lib.rs:915:7
2026-09-12T10:51:22.5949024Z     [1m[94m|[0m
2026-09-12T10:51:22.5949445Z [1m[94m915[0m [1m[94m|[0m #[cfg(send_sync)]
2026-09-12T10:51:22.5950001Z     [1m[94m|[0m       [1m[33m^^^^^^^^^[0m
2026-09-12T10:51:22.5950489Z     [1m[94m|[0m
2026-09-12T10:51:22.5951016Z     [1m[94m= [0m[1mhelp[0m: consider using a Cargo feature instead
2026-09-12T10:51:22.5952335Z     [1m[94m= [0m[1mhelp[0m: or consider adding in `Cargo.toml` the `check-cfg` lint config for the lint:
2026-09-12T10:51:22.5953072Z              [lints.rust]
2026-09-12T10:51:22.5953608Z              unexpected_cfgs = { level = "warn", check-cfg = ['cfg(send_sync)'] }
2026-09-12T10:51:22.5954878Z     [1m[94m= [0m[1mhelp[0m: or consider adding `println!("cargo::rustc-check-cfg=cfg(send_sync)");` to the top of the `build.rs`
2026-09-12T10:51:22.5956675Z     [1m[94m= [0m[1mnote[0m: see <https://doc.rust-lang.org/nightly/rustc/check-cfg/cargo-specifics.html> for more information about checking conditional configuration
2026-09-12T10:51:22.5957867Z 
2026-09-12T10:51:22.5958264Z [1m[33mwarning[0m[1m: unexpected `cfg` condition name: `send_sync`[0m
2026-09-12T10:51:22.5959028Z    [1m[94m--> [0mvendor/wgpu-0.20.1/src/lib.rs:950:7
2026-09-12T10:51:22.5959558Z     [1m[94m|[0m
2026-09-12T10:51:22.5959983Z [1m[94m950[0m [1m[94m|[0m #[cfg(send_sync)]
2026-09-12T10:51:22.5960531Z     [1m[94m|[0m       [1m[33m^^^^^^^^^[0m
2026-09-12T10:51:22.5960982Z     [1m[94m|[0m
2026-09-12T10:51:22.5961507Z     [1m[94m= [0m[1mhelp[0m: consider using a Cargo feature instead
2026-09-12T10:51:22.5962478Z     [1m[94m= [0m[1mhelp[0m: or consider adding in `Cargo.toml` the `check-cfg` lint config for the lint:
2026-09-12T10:51:22.5963226Z              [lints.rust]
2026-09-12T10:51:22.5963756Z              unexpected_cfgs = { level = "warn", check-cfg = ['cfg(send_sync)'] }
2026-09-12T10:51:22.5965266Z     [1m[94m= [0m[1mhelp[0m: or consider adding `println!("cargo::rustc-check-cfg=cfg(send_sync)");` to the top of the `build.rs`
2026-09-12T10:51:22.5997441Z     [1m[94m= [0m[1mnote[0m: see <https://doc.rust-lang.org/nightly/rustc/check-cfg/cargo-specifics.html> for more information about checking conditional configuration
2026-09-12T10:51:22.5998553Z 
2026-09-12T10:51:22.5999049Z [1m[33mwarning[0m[1m: unexpected `cfg` condition name: `send_sync`[0m
2026-09-12T10:51:22.5999838Z    [1m[94m--> [0mvendor/wgpu-0.20.1/src/lib.rs:988:7
2026-09-12T10:51:22.6000356Z     [1m[94m|[0m
2026-09-12T10:51:22.6000804Z [1m[94m988[0m [1m[94m|[0m #[cfg(send_sync)]
2026-09-12T10:51:22.6001351Z     [1m[94m|[0m       [1m[33m^^^^^^^^^[0m
2026-09-12T10:51:22.6001829Z     [1m[94m|[0m
2026-09-12T10:51:22.6002369Z     [1m[94m= [0m[1mhelp[0m: consider using a Cargo feature instead
2026-09-12T10:51:22.6003348Z     [1m[94m= [0m[1mhelp[0m: or consider adding in `Cargo.toml` the `check-cfg` lint config for the lint:
2026-09-12T10:51:22.6004088Z              [lints.rust]
2026-09-12T10:51:22.6004636Z              unexpected_cfgs = { level = "warn", check-cfg = ['cfg(send_sync)'] }
2026-09-12T10:51:22.6005980Z     [1m[94m= [0m[1mhelp[0m: or consider adding `println!("cargo::rustc-check-cfg=cfg(send_sync)");` to the top of the `build.rs`
2026-09-12T10:51:22.6007897Z     [1m[94m= [0m[1mnote[0m: see <https://doc.rust-lang.org/nightly/rustc/check-cfg/cargo-specifics.html> for more information about checking conditional configuration
2026-09-12T10:51:22.6008887Z 
2026-09-12T10:51:22.6009294Z [1m[33mwarning[0m[1m: unexpected `cfg` condition name: `send_sync`[0m
2026-09-12T10:51:22.6010039Z     [1m[94m--> [0mvendor/wgpu-0.20.1/src/lib.rs:1017:7
2026-09-12T10:51:22.6010571Z      [1m[94m|[0m
2026-09-12T10:51:22.6011014Z [1m[94m1017[0m [1m[94m|[0m #[cfg(send_sync)]
2026-09-12T10:51:22.6011560Z      [1m[94m|[0m       [1m[33m^^^^^^^^^[0m
2026-09-12T10:51:22.6012022Z      [1m[94m|[0m
2026-09-12T10:51:22.6012547Z      [1m[94m= [0m[1mhelp[0m: consider using a Cargo feature instead
2026-09-12T10:51:22.6013554Z      [1m[94m= [0m[1mhelp[0m: or consider adding in `Cargo.toml` the `check-cfg` lint config for the lint:
2026-09-12T10:51:22.6014274Z               [lints.rust]
2026-09-12T10:51:22.6014811Z               unexpected_cfgs = { level = "warn", check-cfg = ['cfg(send_sync)'] }
2026-09-12T10:51:22.6016093Z      [1m[94m= [0m[1mhelp[0m: or consider adding `println!("cargo::rustc-check-cfg=cfg(send_sync)");` to the top of the `build.rs`
2026-09-12T10:51:22.6018333Z      [1m[94m= [0m[1mnote[0m: see <https://doc.rust-lang.org/nightly/rustc/check-cfg/cargo-specifics.html> for more information about checking conditional configuration
2026-09-12T10:51:22.6019325Z 
2026-09-12T10:51:22.6020093Z [1m[33mwarning[0m[1m: unexpected `cfg` condition name: `send_sync`[0m
2026-09-12T10:51:22.6020828Z     [1m[94m--> [0mvendor/wgpu-0.20.1/src/lib.rs:1106:7
2026-09-12T10:51:22.6021336Z      [1m[94m|[0m
2026-09-12T10:51:22.6021773Z [1m[94m1106[0m [1m[94m|[0m #[cfg(send_sync)]
2026-09-12T10:51:22.6022323Z      [1m[94m|[0m       [1m[33m^^^^^^^^^[0m
2026-09-12T10:51:22.6022798Z      [1m[94m|[0m
2026-09-12T10:51:22.6023321Z      [1m[94m= [0m[1mhelp[0m: consider using a Cargo feature instead
2026-09-12T10:51:22.6024288Z      [1m[94m= [0m[1mhelp[0m: or consider adding in `Cargo.toml` the `check-cfg` lint config for the lint:
2026-09-12T10:51:22.6025025Z               [lints.rust]
2026-09-12T10:51:22.6025560Z               unexpected_cfgs = { level = "warn", check-cfg = ['cfg(send_sync)'] }
2026-09-12T10:51:22.6057196Z      [1m[94m= [0m[1mhelp[0m: or consider adding `println!("cargo::rustc-check-cfg=cfg(send_sync)");` to the top of the `build.rs`
2026-09-12T10:51:22.6059157Z      [1m[94m= [0m[1mnote[0m: see <https://doc.rust-lang.org/nightly/rustc/check-cfg/cargo-specifics.html> for more information about checking conditional configuration
2026-09-12T10:51:22.6060166Z 
2026-09-12T10:51:22.6060863Z [1m[33mwarning[0m[1m: unexpected `cfg` condition name: `send_sync`[0m
2026-09-12T10:51:22.6061625Z     [1m[94m--> [0mvendor/wgpu-0.20.1/src/lib.rs:1129:7
2026-09-12T10:51:22.6062153Z      [1m[94m|[0m
2026-09-12T10:51:22.6062598Z [1m[94m1129[0m [1m[94m|[0m #[cfg(send_sync)]
2026-09-12T10:51:22.6063157Z      [1m[94m|[0m       [1m[33m^^^^^^^^^[0m
2026-09-12T10:51:22.6063617Z      [1m[94m|[0m
2026-09-12T10:51:22.6064159Z      [1m[94m= [0m[1mhelp[0m: consider using a Cargo feature instead
2026-09-12T10:51:22.6065134Z      [1m[94m= [0m[1mhelp[0m: or consider adding in `Cargo.toml` the `check-cfg` lint config for the lint:
2026-09-12T10:51:22.6065870Z               [lints.rust]
2026-09-12T10:51:22.6066399Z               unexpected_cfgs = { level = "warn", check-cfg = ['cfg(send_sync)'] }
2026-09-12T10:51:22.6067858Z      [1m[94m= [0m[1mhelp[0m: or consider adding `println!("cargo::rustc-check-cfg=cfg(send_sync)");` to the top of the `build.rs`
2026-09-12T10:51:22.6069626Z      [1m[94m= [0m[1mnote[0m: see <https://doc.rust-lang.org/nightly/rustc/check-cfg/cargo-specifics.html> for more information about checking conditional configuration
2026-09-12T10:51:22.6070597Z 
2026-09-12T10:51:22.6071006Z [1m[33mwarning[0m[1m: unexpected `cfg` condition name: `send_sync`[0m
2026-09-12T10:51:22.6071743Z     [1m[94m--> [0mvendor/wgpu-0.20.1/src/lib.rs:1130:7
2026-09-12T10:51:22.6072262Z      [1m[94m|[0m
2026-09-12T10:51:22.6072718Z [1m[94m1130[0m [1m[94m|[0m #[cfg(send_sync)]
2026-09-12T10:51:22.6073265Z      [1m[94m|[0m       [1m[33m^^^^^^^^^[0m
2026-09-12T10:51:22.6073729Z      [1m[94m|[0m
2026-09-12T10:51:22.6074247Z      [1m[94m= [0m[1mhelp[0m: consider using a Cargo feature instead
2026-09-12T10:51:22.6075224Z      [1m[94m= [0m[1mhelp[0m: or consider adding in `Cargo.toml` the `check-cfg` lint config for the lint:
2026-09-12T10:51:22.6075964Z               [lints.rust]
2026-09-12T10:51:22.6076512Z               unexpected_cfgs = { level = "warn", check-cfg = ['cfg(send_sync)'] }
2026-09-12T10:51:22.6078034Z      [1m[94m= [0m[1mhelp[0m: or consider adding `println!("cargo::rustc-check-cfg=cfg(send_sync)");` to the top of the `build.rs`
2026-09-12T10:51:22.6079856Z      [1m[94m= [0m[1mnote[0m: see <https://doc.rust-lang.org/nightly/rustc/check-cfg/cargo-specifics.html> for more information about checking conditional configuration
2026-09-12T10:51:22.6080890Z 
2026-09-12T10:51:22.6081503Z [1m[33mwarning[0m[1m: unexpected `cfg` condition name: `send_sync`[0m
2026-09-12T10:51:22.6082262Z     [1m[94m--> [0mvendor/wgpu-0.20.1/src/lib.rs:1154:7
2026-09-12T10:51:22.6082783Z      [1m[94m|[0m
2026-09-12T10:51:22.6083227Z [1m[94m1154[0m [1m[94m|[0m #[cfg(send_sync)]
2026-09-12T10:51:22.6083798Z      [1m[94m|[0m       [1m[33m^^^^^^^^^[0m
2026-09-12T10:51:22.6084265Z      [1m[94m|[0m
2026-09-12T10:51:22.6084798Z      [1m[94m= [0m[1mhelp[0m: consider using a Cargo feature instead
2026-09-12T10:51:22.6085788Z      [1m[94m= [0m[1mhelp[0m: or consider adding in `Cargo.toml` the `check-cfg` lint config for the lint:
2026-09-12T10:51:22.6086534Z               [lints.rust]
2026-09-12T10:51:22.6117519Z               unexpected_cfgs = { level = "warn", check-cfg = ['cfg(send_sync)'] }
2026-09-12T10:51:22.6118959Z      [1m[94m= [0m[1mhelp[0m: or consider adding `println!("cargo::rustc-check-cfg=cfg(send_sync)");` to the top of the `build.rs`
2026-09-12T10:51:22.6120772Z      [1m[94m= [0m[1mnote[0m: see <https://doc.rust-lang.org/nightly/rustc/check-cfg/cargo-specifics.html> for more information about checking conditional configuration
2026-09-12T10:51:22.6121776Z 
2026-09-12T10:51:22.6122186Z [1m[33mwarning[0m[1m: unexpected `cfg` condition name: `send_sync`[0m
2026-09-12T10:51:22.6122946Z     [1m[94m--> [0mvendor/wgpu-0.20.1/src/lib.rs:1208:7
2026-09-12T10:51:22.6123465Z      [1m[94m|[0m
2026-09-12T10:51:22.6123916Z [1m[94m1208[0m [1m[94m|[0m #[cfg(send_sync)]
2026-09-12T10:51:22.6124474Z      [1m[94m|[0m       [1m[33m^^^^^^^^^[0m
2026-09-12T10:51:22.6125229Z      [1m[94m|[0m
2026-09-12T10:51:22.6125760Z      [1m[94m= [0m[1mhelp[0m: consider using a Cargo feature instead
2026-09-12T10:51:22.6126881Z      [1m[94m= [0m[1mhelp[0m: or consider adding in `Cargo.toml` the `check-cfg` lint config for the lint:
2026-09-12T10:51:22.6127623Z               [lints.rust]
2026-09-12T10:51:22.6128163Z               unexpected_cfgs = { level = "warn", check-cfg = ['cfg(send_sync)'] }
2026-09-12T10:51:22.6129454Z      [1m[94m= [0m[1mhelp[0m: or consider adding `println!("cargo::rustc-check-cfg=cfg(send_sync)");` to the top of the `build.rs`
2026-09-12T10:51:22.6131196Z      [1m[94m= [0m[1mnote[0m: see <https://doc.rust-lang.org/nightly/rustc/check-cfg/cargo-specifics.html> for more information about checking conditional configuration
2026-09-12T10:51:22.6132189Z 
2026-09-12T10:51:22.6132640Z [1m[33mwarning[0m[1m: unexpected `cfg` condition name: `send_sync`[0m
2026-09-12T10:51:22.6133391Z     [1m[94m--> [0mvendor/wgpu-0.20.1/src/lib.rs:1240:7
2026-09-12T10:51:22.6133909Z      [1m[94m|[0m
2026-09-12T10:51:22.6134350Z [1m[94m1240[0m [1m[94m|[0m #[cfg(send_sync)]
2026-09-12T10:51:22.6134903Z      [1m[94m|[0m       [1m[33m^^^^^^^^^[0m
2026-09-12T10:51:22.6135368Z      [1m[94m|[0m
2026-09-12T10:51:22.6135883Z      [1m[94m= [0m[1mhelp[0m: consider using a Cargo feature instead
2026-09-12T10:51:22.6137040Z      [1m[94m= [0m[1mhelp[0m: or consider adding in `Cargo.toml` the `check-cfg` lint config for the lint:
2026-09-12T10:51:22.6137809Z               [lints.rust]
2026-09-12T10:51:22.6138362Z               unexpected_cfgs = { level = "warn", check-cfg = ['cfg(send_sync)'] }
2026-09-12T10:51:22.6139664Z      [1m[94m= [0m[1mhelp[0m: or consider adding `println!("cargo::rustc-check-cfg=cfg(send_sync)");` to the top of the `build.rs`
2026-09-12T10:51:22.6141491Z      [1m[94m= [0m[1mnote[0m: see <https://doc.rust-lang.org/nightly/rustc/check-cfg/cargo-specifics.html> for more information about checking conditional configuration
2026-09-12T10:51:22.6142549Z 
2026-09-12T10:51:22.6142966Z [1m[33mwarning[0m[1m: unexpected `cfg` condition name: `send_sync`[0m
2026-09-12T10:51:22.6143724Z     [1m[94m--> [0mvendor/wgpu-0.20.1/src/lib.rs:1334:7
2026-09-12T10:51:22.6144252Z      [1m[94m|[0m
2026-09-12T10:51:22.6144691Z [1m[94m1334[0m [1m[94m|[0m #[cfg(send_sync)]
2026-09-12T10:51:22.6145237Z      [1m[94m|[0m       [1m[33m^^^^^^^^^[0m
2026-09-12T10:51:22.6145986Z      [1m[94m|[0m
2026-09-12T10:51:22.6146509Z      [1m[94m= [0m[1mhelp[0m: consider using a Cargo feature instead
2026-09-12T10:51:22.6168027Z      [1m[94m= [0m[1mhelp[0m: or consider adding in `Cargo.toml` the `check-cfg` lint config for the lint:
2026-09-12T10:51:22.6168839Z               [lints.rust]
2026-09-12T10:51:22.6169410Z               unexpected_cfgs = { level = "warn", check-cfg = ['cfg(send_sync)'] }
2026-09-12T10:51:22.6170829Z      [1m[94m= [0m[1mhelp[0m: or consider adding `println!("cargo::rustc-check-cfg=cfg(send_sync)");` to the top of the `build.rs`
2026-09-12T10:51:22.6172637Z      [1m[94m= [0m[1mnote[0m: see <https://doc.rust-lang.org/nightly/rustc/check-cfg/cargo-specifics.html> for more information about checking conditional configuration
2026-09-12T10:51:22.6173667Z 
2026-09-12T10:51:22.6174097Z [1m[33mwarning[0m[1m: unexpected `cfg` condition name: `send_sync`[0m
2026-09-12T10:51:22.6174894Z     [1m[94m--> [0mvendor/wgpu-0.20.1/src/lib.rs:1354:7
2026-09-12T10:51:22.6175433Z      [1m[94m|[0m
2026-09-12T10:51:22.6175895Z [1m[94m1354[0m [1m[94m|[0m #[cfg(send_sync)]
2026-09-12T10:51:22.6176477Z      [1m[94m|[0m       [1m[33m^^^^^^^^^[0m
2026-09-12T10:51:22.6177189Z      [1m[94m|[0m
2026-09-12T10:51:22.6177719Z      [1m[94m= [0m[1mhelp[0m: consider using a Cargo feature instead
2026-09-12T10:51:22.6178728Z      [1m[94m= [0m[1mhelp[0m: or consider adding in `Cargo.toml` the `check-cfg` lint config for the lint:
2026-09-12T10:51:22.6179477Z               [lints.rust]
2026-09-12T10:51:22.6180362Z               unexpected_cfgs = { level = "warn", check-cfg = ['cfg(send_sync)'] }
2026-09-12T10:51:22.6181740Z      [1m[94m= [0m[1mhelp[0m: or consider adding `println!("cargo::rustc-check-cfg=cfg(send_sync)");` to the top of the `build.rs`
2026-09-12T10:51:22.6183622Z      [1m[94m= [0m[1mnote[0m: see <https://doc.rust-lang.org/nightly/rustc/check-cfg/cargo-specifics.html> for more information about checking conditional configuration
2026-09-12T10:51:22.6184701Z 
2026-09-12T10:51:22.6185125Z [1m[33mwarning[0m[1m: unexpected `cfg` condition name: `send_sync`[0m
2026-09-12T10:51:22.6185867Z     [1m[94m--> [0mvendor/wgpu-0.20.1/src/lib.rs:1372:7
2026-09-12T10:51:22.6186421Z      [1m[94m|[0m
2026-09-12T10:51:22.6187109Z [1m[94m1372[0m [1m[94m|[0m #[cfg(send_sync)]
2026-09-12T10:51:22.6187729Z      [1m[94m|[0m       [1m[33m^^^^^^^^^[0m
2026-09-12T10:51:22.6188248Z      [1m[94m|[0m
2026-09-12T10:51:22.6188796Z      [1m[94m= [0m[1mhelp[0m: consider using a Cargo feature instead
2026-09-12T10:51:22.6189768Z      [1m[94m= [0m[1mhelp[0m: or consider adding in `Cargo.toml` the `check-cfg` lint config for the lint:
2026-09-12T10:51:22.6190491Z               [lints.rust]
2026-09-12T10:51:22.6191035Z               unexpected_cfgs = { level = "warn", check-cfg = ['cfg(send_sync)'] }
2026-09-12T10:51:22.6192338Z      [1m[94m= [0m[1mhelp[0m: or consider adding `println!("cargo::rustc-check-cfg=cfg(send_sync)");` to the top of the `build.rs`
2026-09-12T10:51:22.6194133Z      [1m[94m= [0m[1mnote[0m: see <https://doc.rust-lang.org/nightly/rustc/check-cfg/cargo-specifics.html> for more information about checking conditional configuration
2026-09-12T10:51:22.6195138Z 
2026-09-12T10:51:22.6195579Z [1m[33mwarning[0m[1m: unexpected `cfg` condition name: `send_sync`[0m
2026-09-12T10:51:22.6196279Z     [1m[94m--> [0mvendor/wgpu-0.20.1/src/lib.rs:1387:7
2026-09-12T10:51:22.6227085Z      [1m[94m|[0m
2026-09-12T10:51:22.6227756Z [1m[94m1387[0m [1m[94m|[0m #[cfg(send_sync)]
2026-09-12T10:51:22.6228340Z      [1m[94m|[0m       [1m[33m^^^^^^^^^[0m
2026-09-12T10:51:22.6228812Z      [1m[94m|[0m
2026-09-12T10:51:22.6229358Z      [1m[94m= [0m[1mhelp[0m: consider using a Cargo feature instead
2026-09-12T10:51:22.6230374Z      [1m[94m= [0m[1mhelp[0m: or consider adding in `Cargo.toml` the `check-cfg` lint config for the lint:
2026-09-12T10:51:22.6231439Z               [lints.rust]
2026-09-12T10:51:22.6231996Z               unexpected_cfgs = { level = "warn", check-cfg = ['cfg(send_sync)'] }
2026-09-12T10:51:22.6233350Z      [1m[94m= [0m[1mhelp[0m: or consider adding `println!("cargo::rustc-check-cfg=cfg(send_sync)");` to the top of the `build.rs`
2026-09-12T10:51:22.6235090Z      [1m[94m= [0m[1mnote[0m: see <https://doc.rust-lang.org/nightly/rustc/check-cfg/cargo-specifics.html> for more information about checking conditional configuration
2026-09-12T10:51:22.6236095Z 
2026-09-12T10:51:22.6236530Z [1m[33mwarning[0m[1m: unexpected `cfg` condition name: `send_sync`[0m
2026-09-12T10:51:22.6237514Z     [1m[94m--> [0mvendor/wgpu-0.20.1/src/lib.rs:1440:7
2026-09-12T10:51:22.6238060Z      [1m[94m|[0m
2026-09-12T10:51:22.6238512Z [1m[94m1440[0m [1m[94m|[0m #[cfg(send_sync)]
2026-09-12T10:51:22.6239070Z      [1m[94m|[0m       [1m[33m^^^^^^^^^[0m
2026-09-12T10:51:22.6239542Z      [1m[94m|[0m
2026-09-12T10:51:22.6240110Z      [1m[94m= [0m[1mhelp[0m: consider using a Cargo feature instead
2026-09-12T10:51:22.6241136Z      [1m[94m= [0m[1mhelp[0m: or consider adding in `Cargo.toml` the `check-cfg` lint config for the lint:
2026-09-12T10:51:22.6241924Z               [lints.rust]
2026-09-12T10:51:22.6242473Z               unexpected_cfgs = { level = "warn", check-cfg = ['cfg(send_sync)'] }
2026-09-12T10:51:22.6243840Z      [1m[94m= [0m[1mhelp[0m: or consider adding `println!("cargo::rustc-check-cfg=cfg(send_sync)");` to the top of the `build.rs`
2026-09-12T10:51:22.6245887Z      [1m[94m= [0m[1mnote[0m: see <https://doc.rust-lang.org/nightly/rustc/check-cfg/cargo-specifics.html> for more information about checking conditional configuration
2026-09-12T10:51:22.6247090Z 
2026-09-12T10:51:22.6247525Z [1m[33mwarning[0m[1m: unexpected `cfg` condition name: `send_sync`[0m
2026-09-12T10:51:22.6248298Z     [1m[94m--> [0mvendor/wgpu-0.20.1/src/lib.rs:1496:7
2026-09-12T10:51:22.6248828Z      [1m[94m|[0m
2026-09-12T10:51:22.6249287Z [1m[94m1496[0m [1m[94m|[0m #[cfg(send_sync)]
2026-09-12T10:51:22.6249852Z      [1m[94m|[0m       [1m[33m^^^^^^^^^[0m
2026-09-12T10:51:22.6250327Z      [1m[94m|[0m
2026-09-12T10:51:22.6250847Z      [1m[94m= [0m[1mhelp[0m: consider using a Cargo feature instead
2026-09-12T10:51:22.6251826Z      [1m[94m= [0m[1mhelp[0m: or consider adding in `Cargo.toml` the `check-cfg` lint config for the lint:
2026-09-12T10:51:22.6252574Z               [lints.rust]
2026-09-12T10:51:22.6253117Z               unexpected_cfgs = { level = "warn", check-cfg = ['cfg(send_sync)'] }
2026-09-12T10:51:22.6254477Z      [1m[94m= [0m[1mhelp[0m: or consider adding `println!("cargo::rustc-check-cfg=cfg(send_sync)");` to the top of the `build.rs`
2026-09-12T10:51:22.6256332Z      [1m[94m= [0m[1mnote[0m: see <https://doc.rust-lang.org/nightly/rustc/check-cfg/cargo-specifics.html> for more information about checking conditional configuration
2026-09-12T10:51:22.6287789Z 
2026-09-12T10:51:22.6288341Z [1m[33mwarning[0m[1m: unexpected `cfg` condition name: `send_sync`[0m
2026-09-12T10:51:22.6289182Z     [1m[94m--> [0mvendor/wgpu-0.20.1/src/lib.rs:1566:7
2026-09-12T10:51:22.6289750Z      [1m[94m|[0m
2026-09-12T10:51:22.6290230Z [1m[94m1566[0m [1m[94m|[0m #[cfg(send_sync)]
2026-09-12T10:51:22.6290795Z      [1m[94m|[0m       [1m[33m^^^^^^^^^[0m
2026-09-12T10:51:22.6291264Z      [1m[94m|[0m
2026-09-12T10:51:22.6291820Z      [1m[94m= [0m[1mhelp[0m: consider using a Cargo feature instead
2026-09-12T10:51:22.6292822Z      [1m[94m= [0m[1mhelp[0m: or consider adding in `Cargo.toml` the `check-cfg` lint config for the lint:
2026-09-12T10:51:22.6293588Z               [lints.rust]
2026-09-12T10:51:22.6294141Z               unexpected_cfgs = { level = "warn", check-cfg = ['cfg(send_sync)'] }
2026-09-12T10:51:22.6295496Z      [1m[94m= [0m[1mhelp[0m: or consider adding `println!("cargo::rustc-check-cfg=cfg(send_sync)");` to the top of the `build.rs`
2026-09-12T10:51:22.6297771Z      [1m[94m= [0m[1mnote[0m: see <https://doc.rust-lang.org/nightly/rustc/check-cfg/cargo-specifics.html> for more information about checking conditional configuration
2026-09-12T10:51:22.6298786Z 
2026-09-12T10:51:22.6299214Z [1m[33mwarning[0m[1m: unexpected `cfg` condition name: `send_sync`[0m
2026-09-12T10:51:22.6299986Z     [1m[94m--> [0mvendor/wgpu-0.20.1/src/lib.rs:1584:7
2026-09-12T10:51:22.6300515Z      [1m[94m|[0m
2026-09-12T10:51:22.6300967Z [1m[94m1584[0m [1m[94m|[0m #[cfg(send_sync)]
2026-09-12T10:51:22.6301538Z      [1m[94m|[0m       [1m[33m^^^^^^^^^[0m
2026-09-12T10:51:22.6302031Z      [1m[94m|[0m
2026-09-12T10:51:22.6302571Z      [1m[94m= [0m[1mhelp[0m: consider using a Cargo feature instead
2026-09-12T10:51:22.6303596Z      [1m[94m= [0m[1mhelp[0m: or consider adding in `Cargo.toml` the `check-cfg` lint config for the lint:
2026-09-12T10:51:22.6304363Z               [lints.rust]
2026-09-12T10:51:22.6304931Z               unexpected_cfgs = { level = "warn", check-cfg = ['cfg(send_sync)'] }
2026-09-12T10:51:22.6306285Z      [1m[94m= [0m[1mhelp[0m: or consider adding `println!("cargo::rustc-check-cfg=cfg(send_sync)");` to the top of the `build.rs`
2026-09-12T10:51:22.6308323Z      [1m[94m= [0m[1mnote[0m: see <https://doc.rust-lang.org/nightly/rustc/check-cfg/cargo-specifics.html> for more information about checking conditional configuration
2026-09-12T10:51:22.6309381Z 
2026-09-12T10:51:22.6309803Z [1m[33mwarning[0m[1m: unexpected `cfg` condition name: `send_sync`[0m
2026-09-12T10:51:22.6310984Z     [1m[94m--> [0mvendor/wgpu-0.20.1/src/lib.rs:1611:7
2026-09-12T10:51:22.6311538Z      [1m[94m|[0m
2026-09-12T10:51:22.6312002Z [1m[94m1611[0m [1m[94m|[0m #[cfg(send_sync)]
2026-09-12T10:51:22.6312565Z      [1m[94m|[0m       [1m[33m^^^^^^^^^[0m
2026-09-12T10:51:22.6313060Z      [1m[94m|[0m
2026-09-12T10:51:22.6313607Z      [1m[94m= [0m[1mhelp[0m: consider using a Cargo feature instead
2026-09-12T10:51:22.6314622Z      [1m[94m= [0m[1mhelp[0m: or consider adding in `Cargo.toml` the `check-cfg` lint config for the lint:
2026-09-12T10:51:22.6315387Z               [lints.rust]
2026-09-12T10:51:22.6315950Z               unexpected_cfgs = { level = "warn", check-cfg = ['cfg(send_sync)'] }
2026-09-12T10:51:22.6347736Z      [1m[94m= [0m[1mhelp[0m: or consider adding `println!("cargo::rustc-check-cfg=cfg(send_sync)");` to the top of the `build.rs`
2026-09-12T10:51:22.6349761Z      [1m[94m= [0m[1mnote[0m: see <https://doc.rust-lang.org/nightly/rustc/check-cfg/cargo-specifics.html> for more information about checking conditional configuration
2026-09-12T10:51:22.6350860Z 
2026-09-12T10:51:22.6351308Z [1m[33mwarning[0m[1m: unexpected `cfg` condition name: `send_sync`[0m
2026-09-12T10:51:22.6352080Z     [1m[94m--> [0mvendor/wgpu-0.20.1/src/lib.rs:1651:7
2026-09-12T10:51:22.6352617Z      [1m[94m|[0m
2026-09-12T10:51:22.6353077Z [1m[94m1651[0m [1m[94m|[0m #[cfg(send_sync)]
2026-09-12T10:51:22.6353653Z      [1m[94m|[0m       [1m[33m^^^^^^^^^[0m
2026-09-12T10:51:22.6354131Z      [1m[94m|[0m
2026-09-12T10:51:22.6354685Z      [1m[94m= [0m[1mhelp[0m: consider using a Cargo feature instead
2026-09-12T10:51:22.6355692Z      [1m[94m= [0m[1mhelp[0m: or consider adding in `Cargo.toml` the `check-cfg` lint config for the lint:
2026-09-12T10:51:22.6356470Z               [lints.rust]
2026-09-12T10:51:22.6357258Z               unexpected_cfgs = { level = "warn", check-cfg = ['cfg(send_sync)'] }
2026-09-12T10:51:22.6358557Z      [1m[94m= [0m[1mhelp[0m: or consider adding `println!("cargo::rustc-check-cfg=cfg(send_sync)");` to the top of the `build.rs`
2026-09-12T10:51:22.6360348Z      [1m[94m= [0m[1mnote[0m: see <https://doc.rust-lang.org/nightly/rustc/check-cfg/cargo-specifics.html> for more information about checking conditional configuration
2026-09-12T10:51:22.6361364Z 
2026-09-12T10:51:22.6361792Z [1m[33mwarning[0m[1m: unexpected `cfg` condition name: `send_sync`[0m
2026-09-12T10:51:22.6362906Z     [1m[94m--> [0mvendor/wgpu-0.20.1/src/lib.rs:1674:7
2026-09-12T10:51:22.6363429Z      [1m[94m|[0m
2026-09-12T10:51:22.6363895Z [1m[94m1674[0m [1m[94m|[0m #[cfg(send_sync)]
2026-09-12T10:51:22.6364465Z      [1m[94m|[0m       [1m[33m^^^^^^^^^[0m
2026-09-12T10:51:22.6364931Z      [1m[94m|[0m
2026-09-12T10:51:22.6365491Z      [1m[94m= [0m[1mhelp[0m: consider using a Cargo feature instead
2026-09-12T10:51:22.6366499Z      [1m[94m= [0m[1mhelp[0m: or consider adding in `Cargo.toml` the `check-cfg` lint config for the lint:
2026-09-12T10:51:22.6367474Z               [lints.rust]
2026-09-12T10:51:22.6368035Z               unexpected_cfgs = { level = "warn", check-cfg = ['cfg(send_sync)'] }
2026-09-12T10:51:22.6369398Z      [1m[94m= [0m[1mhelp[0m: or consider adding `println!("cargo::rustc-check-cfg=cfg(send_sync)");` to the top of the `build.rs`
2026-09-12T10:51:22.6371208Z      [1m[94m= [0m[1mnote[0m: see <https://doc.rust-lang.org/nightly/rustc/check-cfg/cargo-specifics.html> for more information about checking conditional configuration
2026-09-12T10:51:22.6372225Z 
2026-09-12T10:51:22.6372641Z [1m[33mwarning[0m[1m: unexpected `cfg` condition name: `send_sync`[0m
2026-09-12T10:51:22.6373397Z     [1m[94m--> [0mvendor/wgpu-0.20.1/src/lib.rs:1703:7
2026-09-12T10:51:22.6373945Z      [1m[94m|[0m
2026-09-12T10:51:22.6374425Z [1m[94m1703[0m [1m[94m|[0m #[cfg(send_sync)]
2026-09-12T10:51:22.6374983Z      [1m[94m|[0m       [1m[33m^^^^^^^^^[0m
2026-09-12T10:51:22.6375454Z      [1m[94m|[0m
2026-09-12T10:51:22.6376263Z      [1m[94m= [0m[1mhelp[0m: consider using a Cargo feature instead
2026-09-12T10:51:22.6407764Z      [1m[94m= [0m[1mhelp[0m: or consider adding in `Cargo.toml` the `check-cfg` lint config for the lint:
2026-09-12T10:51:22.6408578Z               [lints.rust]
2026-09-12T10:51:22.6409167Z               unexpected_cfgs = { level = "warn", check-cfg = ['cfg(send_sync)'] }
2026-09-12T10:51:22.6410576Z      [1m[94m= [0m[1mhelp[0m: or consider adding `println!("cargo::rustc-check-cfg=cfg(send_sync)");` to the top of the `build.rs`
2026-09-12T10:51:22.6412495Z      [1m[94m= [0m[1mnote[0m: see <https://doc.rust-lang.org/nightly/rustc/check-cfg/cargo-specifics.html> for more information about checking conditional configuration
2026-09-12T10:51:22.6413547Z 
2026-09-12T10:51:22.6413974Z [1m[33mwarning[0m[1m: unexpected `cfg` condition name: `send_sync`[0m
2026-09-12T10:51:22.6414725Z     [1m[94m--> [0mvendor/wgpu-0.20.1/src/lib.rs:1722:7
2026-09-12T10:51:22.6415258Z      [1m[94m|[0m
2026-09-12T10:51:22.6494680Z [1m[94m1722[0m [1m[94m|[0m #[cfg(send_sync)]
2026-09-12T10:51:22.6495336Z      [1m[94m|[0m       [1m[33m^^^^^^^^^[0m
2026-09-12T10:51:22.6495868Z      [1m[94m|[0m
2026-09-12T10:51:22.6496445Z      [1m[94m= [0m[1mhelp[0m: consider using a Cargo feature instead
2026-09-12T10:51:22.6497649Z      [1m[94m= [0m[1mhelp[0m: or consider adding in `Cargo.toml` the `check-cfg` lint config for the lint:
2026-09-12T10:51:22.6498406Z               [lints.rust]
2026-09-12T10:51:22.6498984Z               unexpected_cfgs = { level = "warn", check-cfg = ['cfg(send_sync)'] }
2026-09-12T10:51:22.6500363Z      [1m[94m= [0m[1mhelp[0m: or consider adding `println!("cargo::rustc-check-cfg=cfg(send_sync)");` to the top of the `build.rs`
2026-09-12T10:51:22.6502186Z      [1m[94m= [0m[1mnote[0m: see <https://doc.rust-lang.org/nightly/rustc/check-cfg/cargo-specifics.html> for more information about checking conditional configuration
2026-09-12T10:51:22.6503225Z 
2026-09-12T10:51:22.6503637Z [1m[33mwarning[0m[1m: unexpected `cfg` condition name: `send_sync`[0m
2026-09-12T10:51:22.6504388Z     [1m[94m--> [0mvendor/wgpu-0.20.1/src/lib.rs:1740:7
2026-09-12T10:51:22.6504910Z      [1m[94m|[0m
2026-09-12T10:51:22.6505364Z [1m[94m1740[0m [1m[94m|[0m #[cfg(send_sync)]
2026-09-12T10:51:22.6505931Z      [1m[94m|[0m       [1m[33m^^^^^^^^^[0m
2026-09-12T10:51:22.6506398Z      [1m[94m|[0m
2026-09-12T10:51:22.6507592Z      [1m[94m= [0m[1mhelp[0m: consider using a Cargo feature instead
2026-09-12T10:51:22.6508594Z      [1m[94m= [0m[1mhelp[0m: or consider adding in `Cargo.toml` the `check-cfg` lint config for the lint:
2026-09-12T10:51:22.6509340Z               [lints.rust]
2026-09-12T10:51:22.6509889Z               unexpected_cfgs = { level = "warn", check-cfg = ['cfg(send_sync)'] }
2026-09-12T10:51:22.6511239Z      [1m[94m= [0m[1mhelp[0m: or consider adding `println!("cargo::rustc-check-cfg=cfg(send_sync)");` to the top of the `build.rs`
2026-09-12T10:51:22.6513042Z      [1m[94m= [0m[1mnote[0m: see <https://doc.rust-lang.org/nightly/rustc/check-cfg/cargo-specifics.html> for more information about checking conditional configuration
2026-09-12T10:51:22.6514079Z 
2026-09-12T10:51:22.6514482Z [1m[33mwarning[0m[1m: unexpected `cfg` condition name: `send_sync`[0m
2026-09-12T10:51:22.6515248Z     [1m[94m--> [0mvendor/wgpu-0.20.1/src/lib.rs:1800:7
2026-09-12T10:51:22.6515749Z      [1m[94m|[0m
2026-09-12T10:51:22.6516198Z [1m[94m1800[0m [1m[94m|[0m #[cfg(send_sync)]
2026-09-12T10:51:22.6547105Z      [1m[94m|[0m       [1m[33m^^^^^^^^^[0m
2026-09-12T10:51:22.6547790Z      [1m[94m|[0m
2026-09-12T10:51:22.6548373Z      [1m[94m= [0m[1mhelp[0m: consider using a Cargo feature instead
2026-09-12T10:51:22.6549433Z      [1m[94m= [0m[1mhelp[0m: or consider adding in `Cargo.toml` the `check-cfg` lint config for the lint:
2026-09-12T10:51:22.6550194Z               [lints.rust]
2026-09-12T10:51:22.6550759Z               unexpected_cfgs = { level = "warn", check-cfg = ['cfg(send_sync)'] }
2026-09-12T10:51:22.6552398Z      [1m[94m= [0m[1mhelp[0m: or consider adding `println!("cargo::rustc-check-cfg=cfg(send_sync)");` to the top of the `build.rs`
2026-09-12T10:51:22.6554307Z      [1m[94m= [0m[1mnote[0m: see <https://doc.rust-lang.org/nightly/rustc/check-cfg/cargo-specifics.html> for more information about checking conditional configuration
2026-09-12T10:51:22.6555312Z 
2026-09-12T10:51:22.6555753Z [1m[33mwarning[0m[1m: unexpected `cfg` condition name: `send_sync`[0m
2026-09-12T10:51:22.6556520Z     [1m[94m--> [0mvendor/wgpu-0.20.1/src/lib.rs:1809:7
2026-09-12T10:51:22.6557283Z      [1m[94m|[0m
2026-09-12T10:51:22.6557732Z [1m[94m1809[0m [1m[94m|[0m #[cfg(send_sync)]
2026-09-12T10:51:22.6558304Z      [1m[94m|[0m       [1m[33m^^^^^^^^^[0m
2026-09-12T10:51:22.6558790Z      [1m[94m|[0m
2026-09-12T10:51:22.6559334Z      [1m[94m= [0m[1mhelp[0m: consider using a Cargo feature instead
2026-09-12T10:51:22.6560347Z      [1m[94m= [0m[1mhelp[0m: or consider adding in `Cargo.toml` the `check-cfg` lint config for the lint:
2026-09-12T10:51:22.6561115Z               [lints.rust]
2026-09-12T10:51:22.6561666Z               unexpected_cfgs = { level = "warn", check-cfg = ['cfg(send_sync)'] }
2026-09-12T10:51:22.6563033Z      [1m[94m= [0m[1mhelp[0m: or consider adding `println!("cargo::rustc-check-cfg=cfg(send_sync)");` to the top of the `build.rs`
2026-09-12T10:51:22.6564811Z      [1m[94m= [0m[1mnote[0m: see <https://doc.rust-lang.org/nightly/rustc/check-cfg/cargo-specifics.html> for more information about checking conditional configuration
2026-09-12T10:51:22.6565816Z 
2026-09-12T10:51:22.6566267Z [1m[33mwarning[0m[1m: unexpected `cfg` condition name: `send_sync`[0m
2026-09-12T10:51:22.6567254Z     [1m[94m--> [0mvendor/wgpu-0.20.1/src/lib.rs:1818:7
2026-09-12T10:51:22.6567792Z      [1m[94m|[0m
2026-09-12T10:51:22.6568254Z [1m[94m1818[0m [1m[94m|[0m #[cfg(send_sync)]
2026-09-12T10:51:22.6568801Z      [1m[94m|[0m       [1m[33m^^^^^^^^^[0m
2026-09-12T10:51:22.6569267Z      [1m[94m|[0m
2026-09-12T10:51:22.6569766Z      [1m[94m= [0m[1mhelp[0m: consider using a Cargo feature instead
2026-09-12T10:51:22.6570692Z      [1m[94m= [0m[1mhelp[0m: or consider adding in `Cargo.toml` the `check-cfg` lint config for the lint:
2026-09-12T10:51:22.6571405Z               [lints.rust]
2026-09-12T10:51:22.6571912Z               unexpected_cfgs = { level = "warn", check-cfg = ['cfg(send_sync)'] }
2026-09-12T10:51:22.6573512Z      [1m[94m= [0m[1mhelp[0m: or consider adding `println!("cargo::rustc-check-cfg=cfg(send_sync)");` to the top of the `build.rs`
2026-09-12T10:51:22.6575260Z      [1m[94m= [0m[1mnote[0m: see <https://doc.rust-lang.org/nightly/rustc/check-cfg/cargo-specifics.html> for more information about checking conditional configuration
2026-09-12T10:51:22.6576240Z 
2026-09-12T10:51:22.6576651Z [1m[33mwarning[0m[1m: unexpected `cfg` condition name: `send_sync`[0m
2026-09-12T10:51:22.6607950Z     [1m[94m--> [0mvendor/wgpu-0.20.1/src/lib.rs:1828:7
2026-09-12T10:51:22.6608528Z      [1m[94m|[0m
2026-09-12T10:51:22.6608988Z [1m[94m1828[0m [1m[94m|[0m #[cfg(send_sync)]
2026-09-12T10:51:22.6609568Z      [1m[94m|[0m       [1m[33m^^^^^^^^^[0m
2026-09-12T10:51:22.6610046Z      [1m[94m|[0m
2026-09-12T10:51:22.6610602Z      [1m[94m= [0m[1mhelp[0m: consider using a Cargo feature instead
2026-09-12T10:51:22.6611623Z      [1m[94m= [0m[1mhelp[0m: or consider adding in `Cargo.toml` the `check-cfg` lint config for the lint:
2026-09-12T10:51:22.6612392Z               [lints.rust]
2026-09-12T10:51:22.6612959Z               unexpected_cfgs = { level = "warn", check-cfg = ['cfg(send_sync)'] }
2026-09-12T10:51:22.6614329Z      [1m[94m= [0m[1mhelp[0m: or consider adding `println!("cargo::rustc-check-cfg=cfg(send_sync)");` to the top of the `build.rs`
2026-09-12T10:51:22.6616379Z      [1m[94m= [0m[1mnote[0m: see <https://doc.rust-lang.org/nightly/rustc/check-cfg/cargo-specifics.html> for more information about checking conditional configuration
2026-09-12T10:51:22.6617619Z 
2026-09-12T10:51:22.6618068Z [1m[33mwarning[0m[1m: unexpected `cfg` condition name: `send_sync`[0m
2026-09-12T10:51:22.6618838Z     [1m[94m--> [0mvendor/wgpu-0.20.1/src/lib.rs:1887:7
2026-09-12T10:51:22.6619370Z      [1m[94m|[0m
2026-09-12T10:51:22.6619818Z [1m[94m1887[0m [1m[94m|[0m #[cfg(send_sync)]
2026-09-12T10:51:22.6620396Z      [1m[94m|[0m       [1m[33m^^^^^^^^^[0m
2026-09-12T10:51:22.6620886Z      [1m[94m|[0m
2026-09-12T10:51:22.6621413Z      [1m[94m= [0m[1mhelp[0m: consider using a Cargo feature instead
2026-09-12T10:51:22.6622405Z      [1m[94m= [0m[1mhelp[0m: or consider adding in `Cargo.toml` the `check-cfg` lint config for the lint:
2026-09-12T10:51:22.6623140Z               [lints.rust]
2026-09-12T10:51:22.6623738Z               unexpected_cfgs = { level = "warn", check-cfg = ['cfg(send_sync)'] }
2026-09-12T10:51:22.6625117Z      [1m[94m= [0m[1mhelp[0m: or consider adding `println!("cargo::rustc-check-cfg=cfg(send_sync)");` to the top of the `build.rs`
2026-09-12T10:51:22.6627082Z      [1m[94m= [0m[1mnote[0m: see <https://doc.rust-lang.org/nightly/rustc/check-cfg/cargo-specifics.html> for more information about checking conditional configuration
2026-09-12T10:51:22.6628069Z 
2026-09-12T10:51:22.6628502Z [1m[33mwarning[0m[1m: unexpected `cfg` condition name: `send_sync`[0m
2026-09-12T10:51:22.6629267Z     [1m[94m--> [0mvendor/wgpu-0.20.1/src/lib.rs:2979:7
2026-09-12T10:51:22.6629778Z      [1m[94m|[0m
2026-09-12T10:51:22.6630221Z [1m[94m2979[0m [1m[94m|[0m #[cfg(send_sync)]
2026-09-12T10:51:22.6630769Z      [1m[94m|[0m       [1m[33m^^^^^^^^^[0m
2026-09-12T10:51:22.6631225Z      [1m[94m|[0m
2026-09-12T10:51:22.6631732Z      [1m[94m= [0m[1mhelp[0m: consider using a Cargo feature instead
2026-09-12T10:51:22.6632703Z      [1m[94m= [0m[1mhelp[0m: or consider adding in `Cargo.toml` the `check-cfg` lint config for the lint:
2026-09-12T10:51:22.6633470Z               [lints.rust]
2026-09-12T10:51:22.6634026Z               unexpected_cfgs = { level = "warn", check-cfg = ['cfg(send_sync)'] }
2026-09-12T10:51:22.6635369Z      [1m[94m= [0m[1mhelp[0m: or consider adding `println!("cargo::rustc-check-cfg=cfg(send_sync)");` to the top of the `build.rs`
2026-09-12T10:51:22.6667531Z      [1m[94m= [0m[1mnote[0m: see <https://doc.rust-lang.org/nightly/rustc/check-cfg/cargo-specifics.html> for more information about checking conditional configuration
2026-09-12T10:51:22.6668914Z 
2026-09-12T10:51:22.6669411Z [1m[33mwarning[0m[1m: unexpected `cfg` condition name: `send_sync`[0m
2026-09-12T10:51:22.6670227Z     [1m[94m--> [0mvendor/wgpu-0.20.1/src/lib.rs:2981:7
2026-09-12T10:51:22.6670774Z      [1m[94m|[0m
2026-09-12T10:51:22.6671240Z [1m[94m2981[0m [1m[94m|[0m #[cfg(send_sync)]
2026-09-12T10:51:22.6671806Z      [1m[94m|[0m       [1m[33m^^^^^^^^^[0m
2026-09-12T10:51:22.6672288Z      [1m[94m|[0m
2026-09-12T10:51:22.6672827Z      [1m[94m= [0m[1mhelp[0m: consider using a Cargo feature instead
2026-09-12T10:51:22.6673829Z      [1m[94m= [0m[1mhelp[0m: or consider adding in `Cargo.toml` the `check-cfg` lint config for the lint:
2026-09-12T10:51:22.6674575Z               [lints.rust]
2026-09-12T10:51:22.6675107Z               unexpected_cfgs = { level = "warn", check-cfg = ['cfg(send_sync)'] }
2026-09-12T10:51:22.6676445Z      [1m[94m= [0m[1mhelp[0m: or consider adding `println!("cargo::rustc-check-cfg=cfg(send_sync)");` to the top of the `build.rs`
2026-09-12T10:51:22.6678479Z      [1m[94m= [0m[1mnote[0m: see <https://doc.rust-lang.org/nightly/rustc/check-cfg/cargo-specifics.html> for more information about checking conditional configuration
2026-09-12T10:51:22.6679505Z 
2026-09-12T10:51:22.6679923Z [1m[33mwarning[0m[1m: unexpected `cfg` condition name: `send_sync`[0m
2026-09-12T10:51:22.6680667Z     [1m[94m--> [0mvendor/wgpu-0.20.1/src/lib.rs:2984:7
2026-09-12T10:51:22.6681214Z      [1m[94m|[0m
2026-09-12T10:51:22.6681945Z [1m[94m2984[0m [1m[94m|[0m #[cfg(send_sync)]
2026-09-12T10:51:22.6682517Z      [1m[94m|[0m       [1m[33m^^^^^^^^^[0m
2026-09-12T10:51:22.6682994Z      [1m[94m|[0m
2026-09-12T10:51:22.6683535Z      [1m[94m= [0m[1mhelp[0m: consider using a Cargo feature instead
2026-09-12T10:51:22.6684523Z      [1m[94m= [0m[1mhelp[0m: or consider adding in `Cargo.toml` the `check-cfg` lint config for the lint:
2026-09-12T10:51:22.6685295Z               [lints.rust]
2026-09-12T10:51:22.6685841Z               unexpected_cfgs = { level = "warn", check-cfg = ['cfg(send_sync)'] }
2026-09-12T10:51:22.6687386Z      [1m[94m= [0m[1mhelp[0m: or consider adding `println!("cargo::rustc-check-cfg=cfg(send_sync)");` to the top of the `build.rs`
2026-09-12T10:51:22.6689191Z      [1m[94m= [0m[1mnote[0m: see <https://doc.rust-lang.org/nightly/rustc/check-cfg/cargo-specifics.html> for more information about checking conditional configuration
2026-09-12T10:51:22.6690196Z 
2026-09-12T10:51:22.6690636Z [1m[33mwarning[0m[1m: unexpected `cfg` condition name: `wgpu_core`[0m
2026-09-12T10:51:22.6691409Z     [1m[94m--> [0mvendor/wgpu-0.20.1/src/lib.rs:3016:7
2026-09-12T10:51:22.6691948Z      [1m[94m|[0m
2026-09-12T10:51:22.6692396Z [1m[94m3016[0m [1m[94m|[0m #[cfg(wgpu_core)]
2026-09-12T10:51:22.6692964Z      [1m[94m|[0m       [1m[33m^^^^^^^^^[0m
2026-09-12T10:51:22.6693452Z      [1m[94m|[0m
2026-09-12T10:51:22.6693990Z      [1m[94m= [0m[1mhelp[0m: consider using a Cargo feature instead
2026-09-12T10:51:22.6694984Z      [1m[94m= [0m[1mhelp[0m: or consider adding in `Cargo.toml` the `check-cfg` lint config for the lint:
2026-09-12T10:51:22.6695731Z               [lints.rust]
2026-09-12T10:51:22.6696293Z               unexpected_cfgs = { level = "warn", check-cfg = ['cfg(wgpu_core)'] }
2026-09-12T10:51:22.6728123Z      [1m[94m= [0m[1mhelp[0m: or consider adding `println!("cargo::rustc-check-cfg=cfg(wgpu_core)");` to the top of the `build.rs`
2026-09-12T10:51:22.6730020Z      [1m[94m= [0m[1mnote[0m: see <https://doc.rust-lang.org/nightly/rustc/check-cfg/cargo-specifics.html> for more information about checking conditional configuration
2026-09-12T10:51:22.6731047Z 
2026-09-12T10:51:22.6731490Z [1m[33mwarning[0m[1m: unexpected `cfg` condition name: `wgpu_core`[0m
2026-09-12T10:51:22.6732278Z     [1m[94m--> [0mvendor/wgpu-0.20.1/src/lib.rs:3069:7
2026-09-12T10:51:22.6733101Z      [1m[94m|[0m
2026-09-12T10:51:22.6733556Z [1m[94m3069[0m [1m[94m|[0m #[cfg(wgpu_core)]
2026-09-12T10:51:22.6734134Z      [1m[94m|[0m       [1m[33m^^^^^^^^^[0m
2026-09-12T10:51:22.6734608Z      [1m[94m|[0m
2026-09-12T10:51:22.6735155Z      [1m[94m= [0m[1mhelp[0m: consider using a Cargo feature instead
2026-09-12T10:51:22.6736135Z      [1m[94m= [0m[1mhelp[0m: or consider adding in `Cargo.toml` the `check-cfg` lint config for the lint:
2026-09-12T10:51:22.6737104Z               [lints.rust]
2026-09-12T10:51:22.6737664Z               unexpected_cfgs = { level = "warn", check-cfg = ['cfg(wgpu_core)'] }
2026-09-12T10:51:22.6739042Z      [1m[94m= [0m[1mhelp[0m: or consider adding `println!("cargo::rustc-check-cfg=cfg(wgpu_core)");` to the top of the `build.rs`
2026-09-12T10:51:22.6740845Z      [1m[94m= [0m[1mnote[0m: see <https://doc.rust-lang.org/nightly/rustc/check-cfg/cargo-specifics.html> for more information about checking conditional configuration
2026-09-12T10:51:22.6741847Z 
2026-09-12T10:51:22.6742269Z [1m[33mwarning[0m[1m: unexpected `cfg` condition name: `send_sync`[0m
2026-09-12T10:51:22.6743162Z     [1m[94m--> [0mvendor/wgpu-0.20.1/src/lib.rs:4814:7
2026-09-12T10:51:22.6743691Z      [1m[94m|[0m
2026-09-12T10:51:22.6744138Z [1m[94m4814[0m [1m[94m|[0m #[cfg(send_sync)]
2026-09-12T10:51:22.6744691Z      [1m[94m|[0m       [1m[33m^^^^^^^^^[0m
2026-09-12T10:51:22.6745155Z      [1m[94m|[0m
2026-09-12T10:51:22.6745704Z      [1m[94m= [0m[1mhelp[0m: consider using a Cargo feature instead
2026-09-12T10:51:22.6747140Z      [1m[94m= [0m[1mhelp[0m: or consider adding in `Cargo.toml` the `check-cfg` lint config for the lint:
2026-09-12T10:51:22.6747936Z               [lints.rust]
2026-09-12T10:51:22.6748490Z               unexpected_cfgs = { level = "warn", check-cfg = ['cfg(send_sync)'] }
2026-09-12T10:51:22.6749860Z      [1m[94m= [0m[1mhelp[0m: or consider adding `println!("cargo::rustc-check-cfg=cfg(send_sync)");` to the top of the `build.rs`
2026-09-12T10:51:22.6751675Z      [1m[94m= [0m[1mnote[0m: see <https://doc.rust-lang.org/nightly/rustc/check-cfg/cargo-specifics.html> for more information about checking conditional configuration
2026-09-12T10:51:22.6752642Z 
2026-09-12T10:51:22.6753061Z [1m[33mwarning[0m[1m: unexpected `cfg` condition name: `send_sync`[0m
2026-09-12T10:51:22.6753865Z     [1m[94m--> [0mvendor/wgpu-0.20.1/src/lib.rs:5505:7
2026-09-12T10:51:22.6754373Z      [1m[94m|[0m
2026-09-12T10:51:22.6754824Z [1m[94m5505[0m [1m[94m|[0m #[cfg(send_sync)]
2026-09-12T10:51:22.6755398Z      [1m[94m|[0m       [1m[33m^^^^^^^^^[0m
2026-09-12T10:51:22.6755888Z      [1m[94m|[0m
2026-09-12T10:51:22.6756414Z      [1m[94m= [0m[1mhelp[0m: consider using a Cargo feature instead
2026-09-12T10:51:22.6787894Z      [1m[94m= [0m[1mhelp[0m: or consider adding in `Cargo.toml` the `check-cfg` lint config for the lint:
2026-09-12T10:51:22.6788695Z               [lints.rust]
2026-09-12T10:51:22.6789267Z               unexpected_cfgs = { level = "warn", check-cfg = ['cfg(send_sync)'] }
2026-09-12T10:51:22.6790663Z      [1m[94m= [0m[1mhelp[0m: or consider adding `println!("cargo::rustc-check-cfg=cfg(send_sync)");` to the top of the `build.rs`
2026-09-12T10:51:22.6792490Z      [1m[94m= [0m[1mnote[0m: see <https://doc.rust-lang.org/nightly/rustc/check-cfg/cargo-specifics.html> for more information about checking conditional configuration
2026-09-12T10:51:22.6793497Z 
2026-09-12T10:51:22.6793955Z [1m[33mwarning[0m[1m: unexpected `cfg` condition name: `wgpu_core`[0m
2026-09-12T10:51:22.6794766Z     [1m[94m--> [0mvendor/wgpu-0.20.1/src/lib.rs:2969:11
2026-09-12T10:51:22.6795302Z      [1m[94m|[0m
2026-09-12T10:51:22.6795799Z [1m[94m2969[0m [1m[94m|[0m     #[cfg(wgpu_core)]
2026-09-12T10:51:22.6796414Z      [1m[94m|[0m           [1m[33m^^^^^^^^^[0m
2026-09-12T10:51:22.6797130Z      [1m[94m|[0m
2026-09-12T10:51:22.6797680Z      [1m[94m= [0m[1mhelp[0m: consider using a Cargo feature instead
2026-09-12T10:51:22.6798976Z      [1m[94m= [0m[1mhelp[0m: or consider adding in `Cargo.toml` the `check-cfg` lint config for the lint:
2026-09-12T10:51:22.6799762Z               [lints.rust]
2026-09-12T10:51:22.6800310Z               unexpected_cfgs = { level = "warn", check-cfg = ['cfg(wgpu_core)'] }
2026-09-12T10:51:22.6801670Z      [1m[94m= [0m[1mhelp[0m: or consider adding `println!("cargo::rustc-check-cfg=cfg(wgpu_core)");` to the top of the `build.rs`
2026-09-12T10:51:22.6803485Z      [1m[94m= [0m[1mnote[0m: see <https://doc.rust-lang.org/nightly/rustc/check-cfg/cargo-specifics.html> for more information about checking conditional configuration
2026-09-12T10:51:22.6804488Z 
2026-09-12T10:51:22.6804904Z [1m[33mwarning[0m[1m: unexpected `cfg` condition name: `webgpu`[0m
2026-09-12T10:51:22.6805669Z     [1m[94m--> [0mvendor/wgpu-0.20.1/src/lib.rs:2975:11
2026-09-12T10:51:22.6806221Z      [1m[94m|[0m
2026-09-12T10:51:22.6806669Z [1m[94m2975[0m [1m[94m|[0m     #[cfg(webgpu)]
2026-09-12T10:51:22.6807829Z      [1m[94m|[0m           [1m[33m^^^^^^[0m [1m[33mhelp: found config with similar value: `feature = "webgpu"`[0m
2026-09-12T10:51:22.6808594Z      [1m[94m|[0m
2026-09-12T10:51:22.6809125Z      [1m[94m= [0m[1mhelp[0m: consider using a Cargo feature instead
2026-09-12T10:51:22.6810135Z      [1m[94m= [0m[1mhelp[0m: or consider adding in `Cargo.toml` the `check-cfg` lint config for the lint:
2026-09-12T10:51:22.6810901Z               [lints.rust]
2026-09-12T10:51:22.6811458Z               unexpected_cfgs = { level = "warn", check-cfg = ['cfg(webgpu)'] }
2026-09-12T10:51:22.6813064Z      [1m[94m= [0m[1mhelp[0m: or consider adding `println!("cargo::rustc-check-cfg=cfg(webgpu)");` to the top of the `build.rs`
2026-09-12T10:51:22.6814868Z      [1m[94m= [0m[1mnote[0m: see <https://doc.rust-lang.org/nightly/rustc/check-cfg/cargo-specifics.html> for more information about checking conditional configuration
2026-09-12T10:51:22.6815875Z 
2026-09-12T10:51:22.6816313Z [1m[33mwarning[0m[1m: unexpected `cfg` condition name: `wgpu_core`[0m
2026-09-12T10:51:22.6847553Z     [1m[94m--> [0mvendor/wgpu-0.20.1/src/lib.rs:3034:11
2026-09-12T10:51:22.6848143Z      [1m[94m|[0m
2026-09-12T10:51:22.6848649Z [1m[94m3034[0m [1m[94m|[0m     #[cfg(wgpu_core)]
2026-09-12T10:51:22.6849264Z      [1m[94m|[0m           [1m[33m^^^^^^^^^[0m
2026-09-12T10:51:22.6849776Z      [1m[94m|[0m
2026-09-12T10:51:22.6850326Z      [1m[94m= [0m[1mhelp[0m: consider using a Cargo feature instead
2026-09-12T10:51:22.6851342Z      [1m[94m= [0m[1mhelp[0m: or consider adding in `Cargo.toml` the `check-cfg` lint config for the lint:
2026-09-12T10:51:22.6852095Z               [lints.rust]
2026-09-12T10:51:22.6852664Z               unexpected_cfgs = { level = "warn", check-cfg = ['cfg(wgpu_core)'] }
2026-09-12T10:51:22.6854042Z      [1m[94m= [0m[1mhelp[0m: or consider adding `println!("cargo::rustc-check-cfg=cfg(wgpu_core)");` to the top of the `build.rs`
2026-09-12T10:51:22.6855871Z      [1m[94m= [0m[1mnote[0m: see <https://doc.rust-lang.org/nightly/rustc/check-cfg/cargo-specifics.html> for more information about checking conditional configuration
2026-09-12T10:51:22.6857090Z 
2026-09-12T10:51:22.6857554Z [1m[33mwarning[0m[1m: unexpected `cfg` condition name: `send_sync`[0m
2026-09-12T10:51:22.6858335Z     [1m[94m--> [0mvendor/wgpu-0.20.1/src/lib.rs:5468:15
2026-09-12T10:51:22.6858877Z      [1m[94m|[0m
2026-09-12T10:51:22.6859373Z [1m[94m5468[0m [1m[94m|[0m         #[cfg(send_sync)]
2026-09-12T10:51:22.6860015Z      [1m[94m|[0m               [1m[33m^^^^^^^^^[0m
2026-09-12T10:51:22.6860513Z      [1m[94m|[0m
2026-09-12T10:51:22.6861057Z      [1m[94m= [0m[1mhelp[0m: consider using a Cargo feature instead
2026-09-12T10:51:22.6862042Z      [1m[94m= [0m[1mhelp[0m: or consider adding in `Cargo.toml` the `check-cfg` lint config for the lint:
2026-09-12T10:51:22.6862795Z               [lints.rust]
2026-09-12T10:51:22.6863347Z               unexpected_cfgs = { level = "warn", check-cfg = ['cfg(send_sync)'] }
2026-09-12T10:51:22.6864981Z      [1m[94m= [0m[1mhelp[0m: or consider adding `println!("cargo::rustc-check-cfg=cfg(send_sync)");` to the top of the `build.rs`
2026-09-12T10:51:22.6867020Z      [1m[94m= [0m[1mnote[0m: see <https://doc.rust-lang.org/nightly/rustc/check-cfg/cargo-specifics.html> for more information about checking conditional configuration
2026-09-12T10:51:22.6868046Z 
2026-09-12T10:51:22.6868473Z [1m[33mwarning[0m[1m: unexpected `cfg` condition name: `send_sync`[0m
2026-09-12T10:51:22.6869248Z     [1m[94m--> [0mvendor/wgpu-0.20.1/src/lib.rs:5472:19
2026-09-12T10:51:22.6869782Z      [1m[94m|[0m
2026-09-12T10:51:22.6870312Z [1m[94m5472[0m [1m[94m|[0m         #[cfg(not(send_sync))]
2026-09-12T10:51:22.6870983Z      [1m[94m|[0m                   [1m[33m^^^^^^^^^[0m
2026-09-12T10:51:22.6871503Z      [1m[94m|[0m
2026-09-12T10:51:22.6872074Z      [1m[94m= [0m[1mhelp[0m: consider using a Cargo feature instead
2026-09-12T10:51:22.6873111Z      [1m[94m= [0m[1mhelp[0m: or consider adding in `Cargo.toml` the `check-cfg` lint config for the lint:
2026-09-12T10:51:22.6873936Z               [lints.rust]
2026-09-12T10:51:22.6874494Z               unexpected_cfgs = { level = "warn", check-cfg = ['cfg(send_sync)'] }
2026-09-12T10:51:22.6875790Z      [1m[94m= [0m[1mhelp[0m: or consider adding `println!("cargo::rustc-check-cfg=cfg(send_sync)");` to the top of the `build.rs`
2026-09-12T10:51:22.6908262Z      [1m[94m= [0m[1mnote[0m: see <https://doc.rust-lang.org/nightly/rustc/check-cfg/cargo-specifics.html> for more information about checking conditional configuration
2026-09-12T10:51:22.6909327Z 
2026-09-12T10:51:22.6909827Z [1m[33mwarning[0m[1m: unexpected `cfg` condition name: `send_sync`[0m
2026-09-12T10:51:22.6910664Z     [1m[94m--> [0mvendor/wgpu-0.20.1/src/lib.rs:5479:15
2026-09-12T10:51:22.6911236Z      [1m[94m|[0m
2026-09-12T10:51:22.6911740Z [1m[94m5479[0m [1m[94m|[0m         #[cfg(send_sync)]
2026-09-12T10:51:22.6912384Z      [1m[94m|[0m               [1m[33m^^^^^^^^^[0m
2026-09-12T10:51:22.6912872Z      [1m[94m|[0m
2026-09-12T10:51:22.6913444Z      [1m[94m= [0m[1mhelp[0m: consider using a Cargo feature instead
2026-09-12T10:51:22.6914443Z      [1m[94m= [0m[1mhelp[0m: or consider adding in `Cargo.toml` the `check-cfg` lint config for the lint:
2026-09-12T10:51:22.6915194Z               [lints.rust]
2026-09-12T10:51:22.6915772Z               unexpected_cfgs = { level = "warn", check-cfg = ['cfg(send_sync)'] }
2026-09-12T10:51:22.6917332Z      [1m[94m= [0m[1mhelp[0m: or consider adding `println!("cargo::rustc-check-cfg=cfg(send_sync)");` to the top of the `build.rs`
2026-09-12T10:51:22.6919163Z      [1m[94m= [0m[1mnote[0m: see <https://doc.rust-lang.org/nightly/rustc/check-cfg/cargo-specifics.html> for more information about checking conditional configuration
2026-09-12T10:51:22.6920159Z 
2026-09-12T10:51:22.6920589Z [1m[33mwarning[0m[1m: unexpected `cfg` condition name: `send_sync`[0m
2026-09-12T10:51:22.6921427Z     [1m[94m--> [0mvendor/wgpu-0.20.1/src/lib.rs:5483:19
2026-09-12T10:51:22.6921962Z      [1m[94m|[0m
2026-09-12T10:51:22.6922518Z [1m[94m5483[0m [1m[94m|[0m         #[cfg(not(send_sync))]
2026-09-12T10:51:22.6923209Z      [1m[94m|[0m                   [1m[33m^^^^^^^^^[0m
2026-09-12T10:51:22.6923748Z      [1m[94m|[0m
2026-09-12T10:51:22.6924319Z      [1m[94m= [0m[1mhelp[0m: consider using a Cargo feature instead
2026-09-12T10:51:22.6925328Z      [1m[94m= [0m[1mhelp[0m: or consider adding in `Cargo.toml` the `check-cfg` lint config for the lint:
2026-09-12T10:51:22.6926097Z               [lints.rust]
2026-09-12T10:51:22.6926674Z               unexpected_cfgs = { level = "warn", check-cfg = ['cfg(send_sync)'] }
2026-09-12T10:51:22.6928225Z      [1m[94m= [0m[1mhelp[0m: or consider adding `println!("cargo::rustc-check-cfg=cfg(send_sync)");` to the top of the `build.rs`
2026-09-12T10:51:22.6930323Z      [1m[94m= [0m[1mnote[0m: see <https://doc.rust-lang.org/nightly/rustc/check-cfg/cargo-specifics.html> for more information about checking conditional configuration
2026-09-12T10:51:22.6931312Z 
2026-09-12T10:51:22.6931762Z [1m[33mwarning[0m[1m: unexpected `cfg` condition name: `send_sync`[0m
2026-09-12T10:51:22.6932529Z     [1m[94m--> [0mvendor/wgpu-0.20.1/src/lib.rs:5494:15
2026-09-12T10:51:22.6933073Z      [1m[94m|[0m
2026-09-12T10:51:22.6933559Z [1m[94m5494[0m [1m[94m|[0m         #[cfg(send_sync)]
2026-09-12T10:51:22.6934180Z      [1m[94m|[0m               [1m[33m^^^^^^^^^[0m
2026-09-12T10:51:22.6934687Z      [1m[94m|[0m
2026-09-12T10:51:22.6935228Z      [1m[94m= [0m[1mhelp[0m: consider using a Cargo feature instead
2026-09-12T10:51:22.6936216Z      [1m[94m= [0m[1mhelp[0m: or consider adding in `Cargo.toml` the `check-cfg` lint config for the lint:
2026-09-12T10:51:22.6967382Z               [lints.rust]
2026-09-12T10:51:22.6967984Z               unexpected_cfgs = { level = "warn", check-cfg = ['cfg(send_sync)'] }
2026-09-12T10:51:22.6969427Z      [1m[94m= [0m[1mhelp[0m: or consider adding `println!("cargo::rustc-check-cfg=cfg(send_sync)");` to the top of the `build.rs`
2026-09-12T10:51:22.6971201Z      [1m[94m= [0m[1mnote[0m: see <https://doc.rust-lang.org/nightly/rustc/check-cfg/cargo-specifics.html> for more information about checking conditional configuration
2026-09-12T10:51:22.6972173Z 
2026-09-12T10:51:22.6972603Z [1m[33mwarning[0m[1m: unexpected `cfg` condition name: `send_sync`[0m
2026-09-12T10:51:22.6973633Z     [1m[94m--> [0mvendor/wgpu-0.20.1/src/lib.rs:5498:19
2026-09-12T10:51:22.6974217Z      [1m[94m|[0m
2026-09-12T10:51:22.6974736Z [1m[94m5498[0m [1m[94m|[0m         #[cfg(not(send_sync))]
2026-09-12T10:51:22.6975417Z      [1m[94m|[0m                   [1m[33m^^^^^^^^^[0m
2026-09-12T10:51:22.6975933Z      [1m[94m|[0m
2026-09-12T10:51:22.6976464Z      [1m[94m= [0m[1mhelp[0m: consider using a Cargo feature instead
2026-09-12T10:51:22.6977708Z      [1m[94m= [0m[1mhelp[0m: or consider adding in `Cargo.toml` the `check-cfg` lint config for the lint:
2026-09-12T10:51:22.6978477Z               [lints.rust]
2026-09-12T10:51:22.6979013Z               unexpected_cfgs = { level = "warn", check-cfg = ['cfg(send_sync)'] }
2026-09-12T10:51:22.6980324Z      [1m[94m= [0m[1mhelp[0m: or consider adding `println!("cargo::rustc-check-cfg=cfg(send_sync)");` to the top of the `build.rs`
2026-09-12T10:51:22.6982142Z      [1m[94m= [0m[1mnote[0m: see <https://doc.rust-lang.org/nightly/rustc/check-cfg/cargo-specifics.html> for more information about checking conditional configuration
2026-09-12T10:51:22.6983162Z 
2026-09-12T10:51:22.6983561Z [1m[33mwarning[0m[1m: unexpected `cfg` condition name: `webgpu`[0m
2026-09-12T10:51:22.6984333Z  [1m[94m--> [0mvendor/wgpu-0.20.1/src/backend/mod.rs:1:7
2026-09-12T10:51:22.6984886Z   [1m[94m|[0m
2026-09-12T10:51:22.6985322Z [1m[94m1[0m [1m[94m|[0m #[cfg(webgpu)]
2026-09-12T10:51:22.6986235Z   [1m[94m|[0m       [1m[33m^^^^^^[0m [1m[33mhelp: found config with similar value: `feature = "webgpu"`[0m
2026-09-12T10:51:22.6987233Z   [1m[94m|[0m
2026-09-12T10:51:22.6987744Z   [1m[94m= [0m[1mhelp[0m: consider using a Cargo feature instead
2026-09-12T10:51:22.6988724Z   [1m[94m= [0m[1mhelp[0m: or consider adding in `Cargo.toml` the `check-cfg` lint config for the lint:
2026-09-12T10:51:22.6989494Z            [lints.rust]
2026-09-12T10:51:22.6990214Z            unexpected_cfgs = { level = "warn", check-cfg = ['cfg(webgpu)'] }
2026-09-12T10:51:22.6991528Z   [1m[94m= [0m[1mhelp[0m: or consider adding `println!("cargo::rustc-check-cfg=cfg(webgpu)");` to the top of the `build.rs`
2026-09-12T10:51:22.6993298Z   [1m[94m= [0m[1mnote[0m: see <https://doc.rust-lang.org/nightly/rustc/check-cfg/cargo-specifics.html> for more information about checking conditional configuration
2026-09-12T10:51:22.6994302Z 
2026-09-12T10:51:22.6994719Z [1m[33mwarning[0m[1m: unexpected `cfg` condition name: `webgpu`[0m
2026-09-12T10:51:22.6995765Z  [1m[94m--> [0mvendor/wgpu-0.20.1/src/backend/mod.rs:3:7
2026-09-12T10:51:22.6996312Z   [1m[94m|[0m
2026-09-12T10:51:22.7027065Z [1m[94m3[0m [1m[94m|[0m #[cfg(webgpu)]
2026-09-12T10:51:22.7028131Z   [1m[94m|[0m       [1m[33m^^^^^^[0m [1m[33mhelp: found config with similar value: `feature = "webgpu"`[0m
2026-09-12T10:51:22.7028901Z   [1m[94m|[0m
2026-09-12T10:51:22.7029461Z   [1m[94m= [0m[1mhelp[0m: consider using a Cargo feature instead
2026-09-12T10:51:22.7030458Z   [1m[94m= [0m[1mhelp[0m: or consider adding in `Cargo.toml` the `check-cfg` lint config for the lint:
2026-09-12T10:51:22.7031225Z            [lints.rust]
2026-09-12T10:51:22.7031758Z            unexpected_cfgs = { level = "warn", check-cfg = ['cfg(webgpu)'] }
2026-09-12T10:51:22.7033104Z   [1m[94m= [0m[1mhelp[0m: or consider adding `println!("cargo::rustc-check-cfg=cfg(webgpu)");` to the top of the `build.rs`
2026-09-12T10:51:22.7034900Z   [1m[94m= [0m[1mnote[0m: see <https://doc.rust-lang.org/nightly/rustc/check-cfg/cargo-specifics.html> for more information about checking conditional configuration
2026-09-12T10:51:22.7035930Z 
2026-09-12T10:51:22.7036383Z [1m[33mwarning[0m[1m: unexpected `cfg` condition name: `wgpu_core`[0m
2026-09-12T10:51:22.7037393Z  [1m[94m--> [0mvendor/wgpu-0.20.1/src/backend/mod.rs:6:7
2026-09-12T10:51:22.7037952Z   [1m[94m|[0m
2026-09-12T10:51:22.7038403Z [1m[94m6[0m [1m[94m|[0m #[cfg(wgpu_core)]
2026-09-12T10:51:22.7038962Z   [1m[94m|[0m       [1m[33m^^^^^^^^^[0m
2026-09-12T10:51:22.7039429Z   [1m[94m|[0m
2026-09-12T10:51:22.7040327Z   [1m[94m= [0m[1mhelp[0m: consider using a Cargo feature instead
2026-09-12T10:51:22.7041359Z   [1m[94m= [0m[1mhelp[0m: or consider adding in `Cargo.toml` the `check-cfg` lint config for the lint:
2026-09-12T10:51:22.7042099Z            [lints.rust]
2026-09-12T10:51:22.7042657Z            unexpected_cfgs = { level = "warn", check-cfg = ['cfg(wgpu_core)'] }
2026-09-12T10:51:22.7044097Z   [1m[94m= [0m[1mhelp[0m: or consider adding `println!("cargo::rustc-check-cfg=cfg(wgpu_core)");` to the top of the `build.rs`
2026-09-12T10:51:22.7045902Z   [1m[94m= [0m[1mnote[0m: see <https://doc.rust-lang.org/nightly/rustc/check-cfg/cargo-specifics.html> for more information about checking conditional configuration
2026-09-12T10:51:22.7047128Z 
2026-09-12T10:51:22.7047565Z [1m[33mwarning[0m[1m: unexpected `cfg` condition name: `wgpu_core`[0m
2026-09-12T10:51:22.7048368Z  [1m[94m--> [0mvendor/wgpu-0.20.1/src/backend/mod.rs:9:7
2026-09-12T10:51:22.7048959Z   [1m[94m|[0m
2026-09-12T10:51:22.7049398Z [1m[94m9[0m [1m[94m|[0m #[cfg(wgpu_core)]
2026-09-12T10:51:22.7049928Z   [1m[94m|[0m       [1m[33m^^^^^^^^^[0m
2026-09-12T10:51:22.7050389Z   [1m[94m|[0m
2026-09-12T10:51:22.7050914Z   [1m[94m= [0m[1mhelp[0m: consider using a Cargo feature instead
2026-09-12T10:51:22.7051866Z   [1m[94m= [0m[1mhelp[0m: or consider adding in `Cargo.toml` the `check-cfg` lint config for the lint:
2026-09-12T10:51:22.7052621Z            [lints.rust]
2026-09-12T10:51:22.7053158Z            unexpected_cfgs = { level = "warn", check-cfg = ['cfg(wgpu_core)'] }
2026-09-12T10:51:22.7054525Z   [1m[94m= [0m[1mhelp[0m: or consider adding `println!("cargo::rustc-check-cfg=cfg(wgpu_core)");` to the top of the `build.rs`
2026-09-12T10:51:22.7056323Z   [1m[94m= [0m[1mnote[0m: see <https://doc.rust-lang.org/nightly/rustc/check-cfg/cargo-specifics.html> for more information about checking conditional configuration
2026-09-12T10:51:22.7087746Z 
2026-09-12T10:51:22.7088286Z [1m[33mwarning[0m[1m: unexpected `cfg` condition name: `send_sync`[0m
2026-09-12T10:51:22.7089198Z     [1m[94m--> [0mvendor/wgpu-0.20.1/src/backend/wgpu_core.rs:3027:7
2026-09-12T10:51:22.7089833Z      [1m[94m|[0m
2026-09-12T10:51:22.7090307Z [1m[94m3027[0m [1m[94m|[0m #[cfg(send_sync)]
2026-09-12T10:51:22.7090886Z      [1m[94m|[0m       [1m[33m^^^^^^^^^[0m
2026-09-12T10:51:22.7091742Z      [1m[94m|[0m
2026-09-12T10:51:22.7092390Z      [1m[94m= [0m[1mhelp[0m: consider using a Cargo feature instead
2026-09-12T10:51:22.7093914Z      [1m[94m= [0m[1mhelp[0m: or consider adding in `Cargo.toml` the `check-cfg` lint config for the lint:
2026-09-12T10:51:22.7094837Z               [lints.rust]
2026-09-12T10:51:22.7095449Z               unexpected_cfgs = { level = "warn", check-cfg = ['cfg(send_sync)'] }
2026-09-12T10:51:22.7097977Z      [1m[94m= [0m[1mhelp[0m: or consider adding `println!("cargo::rustc-check-cfg=cfg(send_sync)");` to the top of the `build.rs`
2026-09-12T10:51:22.7100024Z      [1m[94m= [0m[1mnote[0m: see <https://doc.rust-lang.org/nightly/rustc/check-cfg/cargo-specifics.html> for more information about checking conditional configuration
2026-09-12T10:51:22.7101057Z 
2026-09-12T10:51:22.7101471Z [1m[33mwarning[0m[1m: unexpected `cfg` condition name: `send_sync`[0m
2026-09-12T10:51:22.7102448Z     [1m[94m--> [0mvendor/wgpu-0.20.1/src/backend/wgpu_core.rs:3029:7
2026-09-12T10:51:22.7103162Z      [1m[94m|[0m
2026-09-12T10:51:22.7103623Z [1m[94m3029[0m [1m[94m|[0m #[cfg(send_sync)]
2026-09-12T10:51:22.7104288Z      [1m[94m|[0m       [1m[33m^^^^^^^^^[0m
2026-09-12T10:51:22.7104807Z      [1m[94m|[0m
2026-09-12T10:51:22.7105416Z      [1m[94m= [0m[1mhelp[0m: consider using a Cargo feature instead
2026-09-12T10:51:22.7106384Z      [1m[94m= [0m[1mhelp[0m: or consider adding in `Cargo.toml` the `check-cfg` lint config for the lint:
2026-09-12T10:51:22.7107445Z               [lints.rust]
2026-09-12T10:51:22.7108350Z               unexpected_cfgs = { level = "warn", check-cfg = ['cfg(send_sync)'] }
2026-09-12T10:51:22.7109722Z      [1m[94m= [0m[1mhelp[0m: or consider adding `println!("cargo::rustc-check-cfg=cfg(send_sync)");` to the top of the `build.rs`
2026-09-12T10:51:22.7111745Z      [1m[94m= [0m[1mnote[0m: see <https://doc.rust-lang.org/nightly/rustc/check-cfg/cargo-specifics.html> for more information about checking conditional configuration
2026-09-12T10:51:22.7113182Z 
2026-09-12T10:51:22.7113844Z [1m[33mwarning[0m[1m: unexpected `cfg` condition name: `native`[0m
2026-09-12T10:51:22.7115075Z     [1m[94m--> [0mvendor/wgpu-0.20.1/src/backend/wgpu_core.rs:1406:24
2026-09-12T10:51:22.7115783Z      [1m[94m|[0m
2026-09-12T10:51:22.7116646Z [1m[94m1406[0m [1m[94m|[0m     #[cfg_attr(not(any(native, Emscripten)), allow(unused))]
2026-09-12T10:51:22.7148353Z      [1m[94m|[0m                        [1m[33m^^^^^^[0m
2026-09-12T10:51:22.7148929Z      [1m[94m|[0m
2026-09-12T10:51:22.7149507Z      [1m[94m= [0m[1mhelp[0m: consider using a Cargo feature instead
2026-09-12T10:51:22.7150541Z      [1m[94m= [0m[1mhelp[0m: or consider adding in `Cargo.toml` the `check-cfg` lint config for the lint:
2026-09-12T10:51:22.7151300Z               [lints.rust]
2026-09-12T10:51:22.7151850Z               unexpected_cfgs = { level = "warn", check-cfg = ['cfg(native)'] }
2026-09-12T10:51:22.7153369Z      [1m[94m= [0m[1mhelp[0m: or consider adding `println!("cargo::rustc-check-cfg=cfg(native)");` to the top of the `build.rs`
2026-09-12T10:51:22.7155776Z      [1m[94m= [0m[1mnote[0m: see <https://doc.rust-lang.org/nightly/rustc/check-cfg/cargo-specifics.html> for more information about checking conditional configuration
2026-09-12T10:51:22.7156767Z 
2026-09-12T10:51:22.7157355Z [1m[33mwarning[0m[1m: unexpected `cfg` condition name: `Emscripten`[0m
2026-09-12T10:51:22.7158219Z     [1m[94m--> [0mvendor/wgpu-0.20.1/src/backend/wgpu_core.rs:1406:32
2026-09-12T10:51:22.7158783Z      [1m[94m|[0m
2026-09-12T10:51:22.7159461Z [1m[94m1406[0m [1m[94m|[0m     #[cfg_attr(not(any(native, Emscripten)), allow(unused))]
2026-09-12T10:51:22.7160306Z      [1m[94m|[0m                                [1m[33m^^^^^^^^^^[0m
2026-09-12T10:51:22.7160840Z      [1m[94m|[0m
2026-09-12T10:51:22.7161364Z      [1m[94m= [0m[1mhelp[0m: consider using a Cargo feature instead
2026-09-12T10:51:22.7162350Z      [1m[94m= [0m[1mhelp[0m: or consider adding in `Cargo.toml` the `check-cfg` lint config for the lint:
2026-09-12T10:51:22.7163415Z               [lints.rust]
2026-09-12T10:51:22.7163971Z               unexpected_cfgs = { level = "warn", check-cfg = ['cfg(Emscripten)'] }
2026-09-12T10:51:22.7165366Z      [1m[94m= [0m[1mhelp[0m: or consider adding `println!("cargo::rustc-check-cfg=cfg(Emscripten)");` to the top of the `build.rs`
2026-09-12T10:51:22.7167390Z      [1m[94m= [0m[1mnote[0m: see <https://doc.rust-lang.org/nightly/rustc/check-cfg/cargo-specifics.html> for more information about checking conditional configuration
2026-09-12T10:51:22.7168418Z 
2026-09-12T10:51:22.7168836Z [1m[33mwarning[0m[1m: unexpected `cfg` condition name: `webgpu`[0m
2026-09-12T10:51:22.7169650Z     [1m[94m--> [0mvendor/wgpu-0.20.1/src/backend/wgpu_core.rs:2226:15
2026-09-12T10:51:22.7170264Z      [1m[94m|[0m
2026-09-12T10:51:22.7170779Z [1m[94m2226[0m [1m[94m|[0m     #[cfg(any(webgpu, webgl))]
2026-09-12T10:51:22.7171763Z      [1m[94m|[0m               [1m[33m^^^^^^[0m [1m[33mhelp: found config with similar value: `feature = "webgpu"`[0m
2026-09-12T10:51:22.7172527Z      [1m[94m|[0m
2026-09-12T10:51:22.7173059Z      [1m[94m= [0m[1mhelp[0m: consider using a Cargo feature instead
2026-09-12T10:51:22.7174327Z      [1m[94m= [0m[1mhelp[0m: or consider adding in `Cargo.toml` the `check-cfg` lint config for the lint:
2026-09-12T10:51:22.7175328Z               [lints.rust]
2026-09-12T10:51:22.7175869Z               unexpected_cfgs = { level = "warn", check-cfg = ['cfg(webgpu)'] }
2026-09-12T10:51:22.7207840Z      [1m[94m= [0m[1mhelp[0m: or consider adding `println!("cargo::rustc-check-cfg=cfg(webgpu)");` to the top of the `build.rs`
2026-09-12T10:51:22.7209846Z      [1m[94m= [0m[1mnote[0m: see <https://doc.rust-lang.org/nightly/rustc/check-cfg/cargo-specifics.html> for more information about checking conditional configuration
2026-09-12T10:51:22.7210860Z 
2026-09-12T10:51:22.7211301Z [1m[33mwarning[0m[1m: unexpected `cfg` condition name: `webgl`[0m
2026-09-12T10:51:22.7212183Z     [1m[94m--> [0mvendor/wgpu-0.20.1/src/backend/wgpu_core.rs:2226:23
2026-09-12T10:51:22.7212799Z      [1m[94m|[0m
2026-09-12T10:51:22.7213322Z [1m[94m2226[0m [1m[94m|[0m     #[cfg(any(webgpu, webgl))]
2026-09-12T10:51:22.7214321Z      [1m[94m|[0m                       [1m[33m^^^^^[0m [1m[33mhelp: found config with similar value: `feature = "webgl"`[0m
2026-09-12T10:51:22.7215110Z      [1m[94m|[0m
2026-09-12T10:51:22.7215637Z      [1m[94m= [0m[1mhelp[0m: consider using a Cargo feature instead
2026-09-12T10:51:22.7216634Z      [1m[94m= [0m[1mhelp[0m: or consider adding in `Cargo.toml` the `check-cfg` lint config for the lint:
2026-09-12T10:51:22.7217602Z               [lints.rust]
2026-09-12T10:51:22.7218149Z               unexpected_cfgs = { level = "warn", check-cfg = ['cfg(webgl)'] }
2026-09-12T10:51:22.7219468Z      [1m[94m= [0m[1mhelp[0m: or consider adding `println!("cargo::rustc-check-cfg=cfg(webgl)");` to the top of the `build.rs`
2026-09-12T10:51:22.7221245Z      [1m[94m= [0m[1mnote[0m: see <https://doc.rust-lang.org/nightly/rustc/check-cfg/cargo-specifics.html> for more information about checking conditional configuration
2026-09-12T10:51:22.7222293Z 
2026-09-12T10:51:22.7222696Z [1m[33mwarning[0m[1m: unexpected `cfg` condition name: `metal`[0m
2026-09-12T10:51:22.7223489Z    [1m[94m--> [0mvendor/wgpu-0.20.1/src/backend/wgpu_core.rs:560:19
2026-09-12T10:51:22.7224066Z     [1m[94m|[0m
2026-09-12T10:51:22.7224550Z [1m[94m560[0m [1m[94m|[0m             #[cfg(metal)]
2026-09-12T10:51:22.7225491Z     [1m[94m|[0m                   [1m[33m^^^^^[0m [1m[33mhelp: found config with similar value: `feature = "metal"`[0m
2026-09-12T10:51:22.7226268Z     [1m[94m|[0m
2026-09-12T10:51:22.7227035Z     [1m[94m= [0m[1mhelp[0m: consider using a Cargo feature instead
2026-09-12T10:51:22.7228014Z     [1m[94m= [0m[1mhelp[0m: or consider adding in `Cargo.toml` the `check-cfg` lint config for the lint:
2026-09-12T10:51:22.7229066Z              [lints.rust]
2026-09-12T10:51:22.7229592Z              unexpected_cfgs = { level = "warn", check-cfg = ['cfg(metal)'] }
2026-09-12T10:51:22.7230860Z     [1m[94m= [0m[1mhelp[0m: or consider adding `println!("cargo::rustc-check-cfg=cfg(metal)");` to the top of the `build.rs`
2026-09-12T10:51:22.7232585Z     [1m[94m= [0m[1mnote[0m: see <https://doc.rust-lang.org/nightly/rustc/check-cfg/cargo-specifics.html> for more information about checking conditional configuration
2026-09-12T10:51:22.7233569Z 
2026-09-12T10:51:22.7233976Z [1m[33mwarning[0m[1m: unexpected `cfg` condition name: `dx12`[0m
2026-09-12T10:51:22.7234793Z    [1m[94m--> [0mvendor/wgpu-0.20.1/src/backend/wgpu_core.rs:565:19
2026-09-12T10:51:22.7235383Z     [1m[94m|[0m
2026-09-12T10:51:22.7235857Z [1m[94m565[0m [1m[94m|[0m             #[cfg(dx12)]
2026-09-12T10:51:22.7267126Z     [1m[94m|[0m                   [1m[33m^^^^[0m [1m[33mhelp: found config with similar value: `feature = "dx12"`[0m
2026-09-12T10:51:22.7268125Z     [1m[94m|[0m
2026-09-12T10:51:22.7268716Z     [1m[94m= [0m[1mhelp[0m: consider using a Cargo feature instead
2026-09-12T10:51:22.7269745Z     [1m[94m= [0m[1mhelp[0m: or consider adding in `Cargo.toml` the `check-cfg` lint config for the lint:
2026-09-12T10:51:22.7270503Z              [lints.rust]
2026-09-12T10:51:22.7271042Z              unexpected_cfgs = { level = "warn", check-cfg = ['cfg(dx12)'] }
2026-09-12T10:51:22.7272687Z     [1m[94m= [0m[1mhelp[0m: or consider adding `println!("cargo::rustc-check-cfg=cfg(dx12)");` to the top of the `build.rs`
2026-09-12T10:51:22.7274502Z     [1m[94m= [0m[1mnote[0m: see <https://doc.rust-lang.org/nightly/rustc/check-cfg/cargo-specifics.html> for more information about checking conditional configuration
2026-09-12T10:51:22.7275501Z 
2026-09-12T10:51:22.7275925Z [1m[33mwarning[0m[1m: unexpected `cfg` condition name: `dx12`[0m
2026-09-12T10:51:22.7276988Z    [1m[94m--> [0mvendor/wgpu-0.20.1/src/backend/wgpu_core.rs:570:19
2026-09-12T10:51:22.7277599Z     [1m[94m|[0m
2026-09-12T10:51:22.7278067Z [1m[94m570[0m [1m[94m|[0m             #[cfg(dx12)]
2026-09-12T10:51:22.7279009Z     [1m[94m|[0m                   [1m[33m^^^^[0m [1m[33mhelp: found config with similar value: `feature = "dx12"`[0m
2026-09-12T10:51:22.7279776Z     [1m[94m|[0m
2026-09-12T10:51:22.7280327Z     [1m[94m= [0m[1mhelp[0m: consider using a Cargo feature instead
2026-09-12T10:51:22.7281337Z     [1m[94m= [0m[1mhelp[0m: or consider adding in `Cargo.toml` the `check-cfg` lint config for the lint:
2026-09-12T10:51:22.7282099Z              [lints.rust]
2026-09-12T10:51:22.7282633Z              unexpected_cfgs = { level = "warn", check-cfg = ['cfg(dx12)'] }
2026-09-12T10:51:22.7283904Z     [1m[94m= [0m[1mhelp[0m: or consider adding `println!("cargo::rustc-check-cfg=cfg(dx12)");` to the top of the `build.rs`
2026-09-12T10:51:22.7285683Z     [1m[94m= [0m[1mnote[0m: see <https://doc.rust-lang.org/nightly/rustc/check-cfg/cargo-specifics.html> for more information about checking conditional configuration
2026-09-12T10:51:22.7286970Z 
2026-09-12T10:51:22.7287391Z [1m[33mwarning[0m[1m: unexpected `cfg` condition name: `dx12`[0m
2026-09-12T10:51:22.7288211Z    [1m[94m--> [0mvendor/wgpu-0.20.1/src/backend/wgpu_core.rs:576:19
2026-09-12T10:51:22.7288811Z     [1m[94m|[0m
2026-09-12T10:51:22.7289296Z [1m[94m576[0m [1m[94m|[0m             #[cfg(dx12)]
2026-09-12T10:51:22.7290234Z     [1m[94m|[0m                   [1m[33m^^^^[0m [1m[33mhelp: found config with similar value: `feature = "dx12"`[0m
2026-09-12T10:51:22.7291016Z     [1m[94m|[0m
2026-09-12T10:51:22.7291555Z     [1m[94m= [0m[1mhelp[0m: consider using a Cargo feature instead
2026-09-12T10:51:22.7292562Z     [1m[94m= [0m[1mhelp[0m: or consider adding in `Cargo.toml` the `check-cfg` lint config for the lint:
2026-09-12T10:51:22.7293313Z              [lints.rust]
2026-09-12T10:51:22.7294125Z              unexpected_cfgs = { level = "warn", check-cfg = ['cfg(dx12)'] }
2026-09-12T10:51:22.7295410Z     [1m[94m= [0m[1mhelp[0m: or consider adding `println!("cargo::rustc-check-cfg=cfg(dx12)");` to the top of the `build.rs`
2026-09-12T10:51:22.7327513Z     [1m[94m= [0m[1mnote[0m: see <https://doc.rust-lang.org/nightly/rustc/check-cfg/cargo-specifics.html> for more information about checking conditional configuration
2026-09-12T10:51:22.7328624Z 
2026-09-12T10:51:22.7329100Z [1m[33mwarning[0m[1m: unexpected `cfg` condition name: `native`[0m
2026-09-12T10:51:22.7329978Z     [1m[94m--> [0mvendor/wgpu-0.20.1/src/backend/wgpu_core.rs:1408:19
2026-09-12T10:51:22.7330609Z      [1m[94m|[0m
2026-09-12T10:51:22.7331188Z [1m[94m1408[0m [1m[94m|[0m         #[cfg(any(native, Emscripten))]
2026-09-12T10:51:22.7331882Z      [1m[94m|[0m                   [1m[33m^^^^^^[0m
2026-09-12T10:51:22.7332400Z      [1m[94m|[0m
2026-09-12T10:51:22.7332964Z      [1m[94m= [0m[1mhelp[0m: consider using a Cargo feature instead
2026-09-12T10:51:22.7333972Z      [1m[94m= [0m[1mhelp[0m: or consider adding in `Cargo.toml` the `check-cfg` lint config for the lint:
2026-09-12T10:51:22.7334712Z               [lints.rust]
2026-09-12T10:51:22.7335278Z               unexpected_cfgs = { level = "warn", check-cfg = ['cfg(native)'] }
2026-09-12T10:51:22.7336593Z      [1m[94m= [0m[1mhelp[0m: or consider adding `println!("cargo::rustc-check-cfg=cfg(native)");` to the top of the `build.rs`
2026-09-12T10:51:22.7338951Z      [1m[94m= [0m[1mnote[0m: see <https://doc.rust-lang.org/nightly/rustc/check-cfg/cargo-specifics.html> for more information about checking conditional configuration
2026-09-12T10:51:22.7340013Z 
2026-09-12T10:51:22.7340473Z [1m[33mwarning[0m[1m: unexpected `cfg` condition name: `Emscripten`[0m
2026-09-12T10:51:22.7341340Z     [1m[94m--> [0mvendor/wgpu-0.20.1/src/backend/wgpu_core.rs:1408:27
2026-09-12T10:51:22.7341943Z      [1m[94m|[0m
2026-09-12T10:51:22.7342515Z [1m[94m1408[0m [1m[94m|[0m         #[cfg(any(native, Emscripten))]
2026-09-12T10:51:22.7343348Z      [1m[94m|[0m                           [1m[33m^^^^^^^^^^[0m
2026-09-12T10:51:22.7343894Z      [1m[94m|[0m
2026-09-12T10:51:22.7344435Z      [1m[94m= [0m[1mhelp[0m: consider using a Cargo feature instead
2026-09-12T10:51:22.7345437Z      [1m[94m= [0m[1mhelp[0m: or consider adding in `Cargo.toml` the `check-cfg` lint config for the lint:
2026-09-12T10:51:22.7346200Z               [lints.rust]
2026-09-12T10:51:22.7346998Z               unexpected_cfgs = { level = "warn", check-cfg = ['cfg(Emscripten)'] }
2026-09-12T10:51:22.7348408Z      [1m[94m= [0m[1mhelp[0m: or consider adding `println!("cargo::rustc-check-cfg=cfg(Emscripten)");` to the top of the `build.rs`
2026-09-12T10:51:22.7350247Z      [1m[94m= [0m[1mnote[0m: see <https://doc.rust-lang.org/nightly/rustc/check-cfg/cargo-specifics.html> for more information about checking conditional configuration
2026-09-12T10:51:22.7351283Z 
2026-09-12T10:51:22.7351729Z [1m[33mwarning[0m[1m: unexpected `cfg` condition name: `send_sync`[0m
2026-09-12T10:51:22.7352548Z     [1m[94m--> [0mvendor/wgpu-0.20.1/src/context.rs:1061:7
2026-09-12T10:51:22.7353097Z      [1m[94m|[0m
2026-09-12T10:51:22.7353547Z [1m[94m1061[0m [1m[94m|[0m #[cfg(send_sync)]
2026-09-12T10:51:22.7354113Z      [1m[94m|[0m       [1m[33m^^^^^^^^^[0m
2026-09-12T10:51:22.7354593Z      [1m[94m|[0m
2026-09-12T10:51:22.7355140Z      [1m[94m= [0m[1mhelp[0m: consider using a Cargo feature instead
2026-09-12T10:51:22.7356147Z      [1m[94m= [0m[1mhelp[0m: or consider adding in `Cargo.toml` the `check-cfg` lint config for the lint:
2026-09-12T10:51:22.7387317Z               [lints.rust]
2026-09-12T10:51:22.7387932Z               unexpected_cfgs = { level = "warn", check-cfg = ['cfg(send_sync)'] }
2026-09-12T10:51:22.7389361Z      [1m[94m= [0m[1mhelp[0m: or consider adding `println!("cargo::rustc-check-cfg=cfg(send_sync)");` to the top of the `build.rs`
2026-09-12T10:51:22.7391674Z      [1m[94m= [0m[1mnote[0m: see <https://doc.rust-lang.org/nightly/rustc/check-cfg/cargo-specifics.html> for more information about checking conditional configuration
2026-09-12T10:51:22.7392685Z 
2026-09-12T10:51:22.7393114Z [1m[33mwarning[0m[1m: unexpected `cfg` condition name: `send_sync`[0m
2026-09-12T10:51:22.7393917Z     [1m[94m--> [0mvendor/wgpu-0.20.1/src/context.rs:1102:7
2026-09-12T10:51:22.7394452Z      [1m[94m|[0m
2026-09-12T10:51:22.7394916Z [1m[94m1102[0m [1m[94m|[0m #[cfg(send_sync)]
2026-09-12T10:51:22.7395489Z      [1m[94m|[0m       [1m[33m^^^^^^^^^[0m
2026-09-12T10:51:22.7395968Z      [1m[94m|[0m
2026-09-12T10:51:22.7396529Z      [1m[94m= [0m[1mhelp[0m: consider using a Cargo feature instead
2026-09-12T10:51:22.7397723Z      [1m[94m= [0m[1mhelp[0m: or consider adding in `Cargo.toml` the `check-cfg` lint config for the lint:
2026-09-12T10:51:22.7398483Z               [lints.rust]
2026-09-12T10:51:22.7399037Z               unexpected_cfgs = { level = "warn", check-cfg = ['cfg(send_sync)'] }
2026-09-12T10:51:22.7400364Z      [1m[94m= [0m[1mhelp[0m: or consider adding `println!("cargo::rustc-check-cfg=cfg(send_sync)");` to the top of the `build.rs`
2026-09-12T10:51:22.7402168Z      [1m[94m= [0m[1mnote[0m: see <https://doc.rust-lang.org/nightly/rustc/check-cfg/cargo-specifics.html> for more information about checking conditional configuration
2026-09-12T10:51:22.7403158Z 
2026-09-12T10:51:22.7403578Z [1m[33mwarning[0m[1m: unexpected `cfg` condition name: `send_sync`[0m
2026-09-12T10:51:22.7404696Z     [1m[94m--> [0mvendor/wgpu-0.20.1/src/context.rs:1104:11
2026-09-12T10:51:22.7405255Z      [1m[94m|[0m
2026-09-12T10:51:22.7405729Z [1m[94m1104[0m [1m[94m|[0m #[cfg(not(send_sync))]
2026-09-12T10:51:22.7406338Z      [1m[94m|[0m           [1m[33m^^^^^^^^^[0m
2026-09-12T10:51:22.7407054Z      [1m[94m|[0m
2026-09-12T10:51:22.7407595Z      [1m[94m= [0m[1mhelp[0m: consider using a Cargo feature instead
2026-09-12T10:51:22.7408602Z      [1m[94m= [0m[1mhelp[0m: or consider adding in `Cargo.toml` the `check-cfg` lint config for the lint:
2026-09-12T10:51:22.7409359Z               [lints.rust]
2026-09-12T10:51:22.7409923Z               unexpected_cfgs = { level = "warn", check-cfg = ['cfg(send_sync)'] }
2026-09-12T10:51:22.7411228Z      [1m[94m= [0m[1mhelp[0m: or consider adding `println!("cargo::rustc-check-cfg=cfg(send_sync)");` to the top of the `build.rs`
2026-09-12T10:51:22.7413074Z      [1m[94m= [0m[1mnote[0m: see <https://doc.rust-lang.org/nightly/rustc/check-cfg/cargo-specifics.html> for more information about checking conditional configuration
2026-09-12T10:51:22.7414089Z 
2026-09-12T10:51:22.7414502Z [1m[33mwarning[0m[1m: unexpected `cfg` condition name: `send_sync`[0m
2026-09-12T10:51:22.7415293Z     [1m[94m--> [0mvendor/wgpu-0.20.1/src/context.rs:1107:7
2026-09-12T10:51:22.7415817Z      [1m[94m|[0m
2026-09-12T10:51:22.7416263Z [1m[94m1107[0m [1m[94m|[0m #[cfg(send_sync)]
2026-09-12T10:51:22.7447196Z      [1m[94m|[0m       [1m[33m^^^^^^^^^[0m
2026-09-12T10:51:22.7447816Z      [1m[94m|[0m
2026-09-12T10:51:22.7448393Z      [1m[94m= [0m[1mhelp[0m: consider using a Cargo feature instead
2026-09-12T10:51:22.7449412Z      [1m[94m= [0m[1mhelp[0m: or consider adding in `Cargo.toml` the `check-cfg` lint config for the lint:
2026-09-12T10:51:22.7450140Z               [lints.rust]
2026-09-12T10:51:22.7450690Z               unexpected_cfgs = { level = "warn", check-cfg = ['cfg(send_sync)'] }
2026-09-12T10:51:22.7452004Z      [1m[94m= [0m[1mhelp[0m: or consider adding `println!("cargo::rustc-check-cfg=cfg(send_sync)");` to the top of the `build.rs`
2026-09-12T10:51:22.7453819Z      [1m[94m= [0m[1mnote[0m: see <https://doc.rust-lang.org/nightly/rustc/check-cfg/cargo-specifics.html> for more information about checking conditional configuration
2026-09-12T10:51:22.7454827Z 
2026-09-12T10:51:22.7455254Z [1m[33mwarning[0m[1m: unexpected `cfg` condition name: `send_sync`[0m
2026-09-12T10:51:22.7456360Z     [1m[94m--> [0mvendor/wgpu-0.20.1/src/context.rs:1110:11
2026-09-12T10:51:22.7457135Z      [1m[94m|[0m
2026-09-12T10:51:22.7457627Z [1m[94m1110[0m [1m[94m|[0m #[cfg(not(send_sync))]
2026-09-12T10:51:22.7458233Z      [1m[94m|[0m           [1m[33m^^^^^^^^^[0m
2026-09-12T10:51:22.7458703Z      [1m[94m|[0m
2026-09-12T10:51:22.7459245Z      [1m[94m= [0m[1mhelp[0m: consider using a Cargo feature instead
2026-09-12T10:51:22.7460256Z      [1m[94m= [0m[1mhelp[0m: or consider adding in `Cargo.toml` the `check-cfg` lint config for the lint:
2026-09-12T10:51:22.7460991Z               [lints.rust]
2026-09-12T10:51:22.7461544Z               unexpected_cfgs = { level = "warn", check-cfg = ['cfg(send_sync)'] }
2026-09-12T10:51:22.7462889Z      [1m[94m= [0m[1mhelp[0m: or consider adding `println!("cargo::rustc-check-cfg=cfg(send_sync)");` to the top of the `build.rs`
2026-09-12T10:51:22.7464703Z      [1m[94m= [0m[1mnote[0m: see <https://doc.rust-lang.org/nightly/rustc/check-cfg/cargo-specifics.html> for more information about checking conditional configuration
2026-09-12T10:51:22.7465705Z 
2026-09-12T10:51:22.7466133Z [1m[33mwarning[0m[1m: unexpected `cfg` condition name: `send_sync`[0m
2026-09-12T10:51:22.7467194Z     [1m[94m--> [0mvendor/wgpu-0.20.1/src/context.rs:1114:7
2026-09-12T10:51:22.7467749Z      [1m[94m|[0m
2026-09-12T10:51:22.7468206Z [1m[94m1114[0m [1m[94m|[0m #[cfg(send_sync)]
2026-09-12T10:51:22.7468760Z      [1m[94m|[0m       [1m[33m^^^^^^^^^[0m
2026-09-12T10:51:22.7469239Z      [1m[94m|[0m
2026-09-12T10:51:22.7470044Z      [1m[94m= [0m[1mhelp[0m: consider using a Cargo feature instead
2026-09-12T10:51:22.7471027Z      [1m[94m= [0m[1mhelp[0m: or consider adding in `Cargo.toml` the `check-cfg` lint config for the lint:
2026-09-12T10:51:22.7471772Z               [lints.rust]
2026-09-12T10:51:22.7472322Z               unexpected_cfgs = { level = "warn", check-cfg = ['cfg(send_sync)'] }
2026-09-12T10:51:22.7473662Z      [1m[94m= [0m[1mhelp[0m: or consider adding `println!("cargo::rustc-check-cfg=cfg(send_sync)");` to the top of the `build.rs`
2026-09-12T10:51:22.7475466Z      [1m[94m= [0m[1mnote[0m: see <https://doc.rust-lang.org/nightly/rustc/check-cfg/cargo-specifics.html> for more information about checking conditional configuration
2026-09-12T10:51:22.7476462Z 
2026-09-12T10:51:22.7507230Z [1m[33mwarning[0m[1m: unexpected `cfg` condition name: `send_sync`[0m
2026-09-12T10:51:22.7508166Z     [1m[94m--> [0mvendor/wgpu-0.20.1/src/context.rs:1117:11
2026-09-12T10:51:22.7508754Z      [1m[94m|[0m
2026-09-12T10:51:22.7509258Z [1m[94m1117[0m [1m[94m|[0m #[cfg(not(send_sync))]
2026-09-12T10:51:22.7509870Z      [1m[94m|[0m           [1m[33m^^^^^^^^^[0m
2026-09-12T10:51:22.7510375Z      [1m[94m|[0m
2026-09-12T10:51:22.7510935Z      [1m[94m= [0m[1mhelp[0m: consider using a Cargo feature instead
2026-09-12T10:51:22.7511950Z      [1m[94m= [0m[1mhelp[0m: or consider adding in `Cargo.toml` the `check-cfg` lint config for the lint:
2026-09-12T10:51:22.7512709Z               [lints.rust]
2026-09-12T10:51:22.7513256Z               unexpected_cfgs = { level = "warn", check-cfg = ['cfg(send_sync)'] }
2026-09-12T10:51:22.7514652Z      [1m[94m= [0m[1mhelp[0m: or consider adding `println!("cargo::rustc-check-cfg=cfg(send_sync)");` to the top of the `build.rs`
2026-09-12T10:51:22.7516431Z      [1m[94m= [0m[1mnote[0m: see <https://doc.rust-lang.org/nightly/rustc/check-cfg/cargo-specifics.html> for more information about checking conditional configuration
2026-09-12T10:51:22.7517675Z 
2026-09-12T10:51:22.7518135Z [1m[33mwarning[0m[1m: unexpected `cfg` condition name: `send_sync`[0m
2026-09-12T10:51:22.7518935Z     [1m[94m--> [0mvendor/wgpu-0.20.1/src/context.rs:1121:7
2026-09-12T10:51:22.7519477Z      [1m[94m|[0m
2026-09-12T10:51:22.7519948Z [1m[94m1121[0m [1m[94m|[0m #[cfg(send_sync)]
2026-09-12T10:51:22.7520513Z      [1m[94m|[0m       [1m[33m^^^^^^^^^[0m
2026-09-12T10:51:22.7521306Z      [1m[94m|[0m
2026-09-12T10:51:22.7521841Z      [1m[94m= [0m[1mhelp[0m: consider using a Cargo feature instead
2026-09-12T10:51:22.7522829Z      [1m[94m= [0m[1mhelp[0m: or consider adding in `Cargo.toml` the `check-cfg` lint config for the lint:
2026-09-12T10:51:22.7523574Z               [lints.rust]
2026-09-12T10:51:22.7524114Z               unexpected_cfgs = { level = "warn", check-cfg = ['cfg(send_sync)'] }
2026-09-12T10:51:22.7525449Z      [1m[94m= [0m[1mhelp[0m: or consider adding `println!("cargo::rustc-check-cfg=cfg(send_sync)");` to the top of the `build.rs`
2026-09-12T10:51:22.7527511Z      [1m[94m= [0m[1mnote[0m: see <https://doc.rust-lang.org/nightly/rustc/check-cfg/cargo-specifics.html> for more information about checking conditional configuration
2026-09-12T10:51:22.7528486Z 
2026-09-12T10:51:22.7528927Z [1m[33mwarning[0m[1m: unexpected `cfg` condition name: `send_sync`[0m
2026-09-12T10:51:22.7529720Z     [1m[94m--> [0mvendor/wgpu-0.20.1/src/context.rs:1123:11
2026-09-12T10:51:22.7530265Z      [1m[94m|[0m
2026-09-12T10:51:22.7530724Z [1m[94m1123[0m [1m[94m|[0m #[cfg(not(send_sync))]
2026-09-12T10:51:22.7531314Z      [1m[94m|[0m           [1m[33m^^^^^^^^^[0m
2026-09-12T10:51:22.7531776Z      [1m[94m|[0m
2026-09-12T10:51:22.7532293Z      [1m[94m= [0m[1mhelp[0m: consider using a Cargo feature instead
2026-09-12T10:51:22.7533253Z      [1m[94m= [0m[1mhelp[0m: or consider adding in `Cargo.toml` the `check-cfg` lint config for the lint:
2026-09-12T10:51:22.7533958Z               [lints.rust]
2026-09-12T10:51:22.7534761Z               unexpected_cfgs = { level = "warn", check-cfg = ['cfg(send_sync)'] }
2026-09-12T10:51:22.7536091Z      [1m[94m= [0m[1mhelp[0m: or consider adding `println!("cargo::rustc-check-cfg=cfg(send_sync)");` to the top of the `build.rs`
2026-09-12T10:51:22.7568445Z      [1m[94m= [0m[1mnote[0m: see <https://doc.rust-lang.org/nightly/rustc/check-cfg/cargo-specifics.html> for more information about checking conditional configuration
2026-09-12T10:51:22.7569511Z 
2026-09-12T10:51:22.7569931Z [1m[33mwarning[0m[1m: unexpected `cfg` condition name: `send_sync`[0m
2026-09-12T10:51:22.7570732Z     [1m[94m--> [0mvendor/wgpu-0.20.1/src/context.rs:1126:7
2026-09-12T10:51:22.7571294Z      [1m[94m|[0m
2026-09-12T10:51:22.7571768Z [1m[94m1126[0m [1m[94m|[0m #[cfg(send_sync)]
2026-09-12T10:51:22.7572349Z      [1m[94m|[0m       [1m[33m^^^^^^^^^[0m
2026-09-12T10:51:22.7572828Z      [1m[94m|[0m
2026-09-12T10:51:22.7573383Z      [1m[94m= [0m[1mhelp[0m: consider using a Cargo feature instead
2026-09-12T10:51:22.7574390Z      [1m[94m= [0m[1mhelp[0m: or consider adding in `Cargo.toml` the `check-cfg` lint config for the lint:
2026-09-12T10:51:22.7575109Z               [lints.rust]
2026-09-12T10:51:22.7575667Z               unexpected_cfgs = { level = "warn", check-cfg = ['cfg(send_sync)'] }
2026-09-12T10:51:22.7577256Z      [1m[94m= [0m[1mhelp[0m: or consider adding `println!("cargo::rustc-check-cfg=cfg(send_sync)");` to the top of the `build.rs`
2026-09-12T10:51:22.7579063Z      [1m[94m= [0m[1mnote[0m: see <https://doc.rust-lang.org/nightly/rustc/check-cfg/cargo-specifics.html> for more information about checking conditional configuration
2026-09-12T10:51:22.7580058Z 
2026-09-12T10:51:22.7580476Z [1m[33mwarning[0m[1m: unexpected `cfg` condition name: `send_sync`[0m
2026-09-12T10:51:22.7581267Z     [1m[94m--> [0mvendor/wgpu-0.20.1/src/context.rs:1128:11
2026-09-12T10:51:22.7581826Z      [1m[94m|[0m
2026-09-12T10:51:22.7582298Z [1m[94m1128[0m [1m[94m|[0m #[cfg(not(send_sync))]
2026-09-12T10:51:22.7582903Z      [1m[94m|[0m           [1m[33m^^^^^^^^^[0m
2026-09-12T10:51:22.7583386Z      [1m[94m|[0m
2026-09-12T10:51:22.7583919Z      [1m[94m= [0m[1mhelp[0m: consider using a Cargo feature instead
2026-09-12T10:51:22.7584916Z      [1m[94m= [0m[1mhelp[0m: or consider adding in `Cargo.toml` the `check-cfg` lint config for the lint:
2026-09-12T10:51:22.7586042Z               [lints.rust]
2026-09-12T10:51:22.7586584Z               unexpected_cfgs = { level = "warn", check-cfg = ['cfg(send_sync)'] }
2026-09-12T10:51:22.7588194Z      [1m[94m= [0m[1mhelp[0m: or consider adding `println!("cargo::rustc-check-cfg=cfg(send_sync)");` to the top of the `build.rs`
2026-09-12T10:51:22.7589941Z      [1m[94m= [0m[1mnote[0m: see <https://doc.rust-lang.org/nightly/rustc/check-cfg/cargo-specifics.html> for more information about checking conditional configuration
2026-09-12T10:51:22.7590931Z 
2026-09-12T10:51:22.7591368Z [1m[33mwarning[0m[1m: unexpected `cfg` condition name: `send_sync`[0m
2026-09-12T10:51:22.7592138Z     [1m[94m--> [0mvendor/wgpu-0.20.1/src/context.rs:1130:7
2026-09-12T10:51:22.7592675Z      [1m[94m|[0m
2026-09-12T10:51:22.7593137Z [1m[94m1130[0m [1m[94m|[0m #[cfg(send_sync)]
2026-09-12T10:51:22.7593707Z      [1m[94m|[0m       [1m[33m^^^^^^^^^[0m
2026-09-12T10:51:22.7594187Z      [1m[94m|[0m
2026-09-12T10:51:22.7594699Z      [1m[94m= [0m[1mhelp[0m: consider using a Cargo feature instead
2026-09-12T10:51:22.7595673Z      [1m[94m= [0m[1mhelp[0m: or consider adding in `Cargo.toml` the `check-cfg` lint config for the lint:
2026-09-12T10:51:22.7596408Z               [lints.rust]
2026-09-12T10:51:22.7627369Z               unexpected_cfgs = { level = "warn", check-cfg = ['cfg(send_sync)'] }
2026-09-12T10:51:22.7628886Z      [1m[94m= [0m[1mhelp[0m: or consider adding `println!("cargo::rustc-check-cfg=cfg(send_sync)");` to the top of the `build.rs`
2026-09-12T10:51:22.7631051Z      [1m[94m= [0m[1mnote[0m: see <https://doc.rust-lang.org/nightly/rustc/check-cfg/cargo-specifics.html> for more information about checking conditional configuration
2026-09-12T10:51:22.7632050Z 
2026-09-12T10:51:22.7632471Z [1m[33mwarning[0m[1m: unexpected `cfg` condition name: `send_sync`[0m
2026-09-12T10:51:22.7633276Z     [1m[94m--> [0mvendor/wgpu-0.20.1/src/context.rs:1132:11
2026-09-12T10:51:22.7633857Z      [1m[94m|[0m
2026-09-12T10:51:22.7634346Z [1m[94m1132[0m [1m[94m|[0m #[cfg(not(send_sync))]
2026-09-12T10:51:22.7634941Z      [1m[94m|[0m           [1m[33m^^^^^^^^^[0m
2026-09-12T10:51:22.7635427Z      [1m[94m|[0m
2026-09-12T10:51:22.7635976Z      [1m[94m= [0m[1mhelp[0m: consider using a Cargo feature instead
2026-09-12T10:51:22.7637161Z      [1m[94m= [0m[1mhelp[0m: or consider adding in `Cargo.toml` the `check-cfg` lint config for the lint:
2026-09-12T10:51:22.7637312Z               [lints.rust]
2026-09-12T10:51:22.7637640Z               unexpected_cfgs = { level = "warn", check-cfg = ['cfg(send_sync)'] }
2026-09-12T10:51:22.7638478Z      [1m[94m= [0m[1mhelp[0m: or consider adding `println!("cargo::rustc-check-cfg=cfg(send_sync)");` to the top of the `build.rs`
2026-09-12T10:51:22.7639503Z      [1m[94m= [0m[1mnote[0m: see <https://doc.rust-lang.org/nightly/rustc/check-cfg/cargo-specifics.html> for more information about checking conditional configuration
2026-09-12T10:51:22.7639522Z 
2026-09-12T10:51:22.7639893Z [1m[33mwarning[0m[1m: unexpected `cfg` condition name: `webgl`[0m
2026-09-12T10:51:22.7640208Z    [1m[94m--> [0mvendor/wgpu-0.20.1/src/context.rs:579:15
2026-09-12T10:51:22.7640372Z     [1m[94m|[0m
2026-09-12T10:51:22.7640669Z [1m[94m579[0m [1m[94m|[0m     #[cfg(any(webgl, webgpu))]
2026-09-12T10:51:22.7641249Z     [1m[94m|[0m               [1m[33m^^^^^[0m [1m[33mhelp: found config with similar value: `feature = "webgl"`[0m
2026-09-12T10:51:22.7641419Z     [1m[94m|[0m
2026-09-12T10:51:22.7641793Z     [1m[94m= [0m[1mhelp[0m: consider using a Cargo feature instead
2026-09-12T10:51:22.7687149Z     [1m[94m= [0m[1mhelp[0m: or consider adding in `Cargo.toml` the `check-cfg` lint config for the lint:
2026-09-12T10:51:22.7687365Z              [lints.rust]
2026-09-12T10:51:22.7687691Z              unexpected_cfgs = { level = "warn", check-cfg = ['cfg(webgl)'] }
2026-09-12T10:51:22.7688693Z     [1m[94m= [0m[1mhelp[0m: or consider adding `println!("cargo::rustc-check-cfg=cfg(webgl)");` to the top of the `build.rs`
2026-09-12T10:51:22.7690070Z     [1m[94m= [0m[1mnote[0m: see <https://doc.rust-lang.org/nightly/rustc/check-cfg/cargo-specifics.html> for more information about checking conditional configuration
2026-09-12T10:51:22.7690084Z 
2026-09-12T10:51:22.7690498Z [1m[33mwarning[0m[1m: unexpected `cfg` condition name: `webgpu`[0m
2026-09-12T10:51:22.7690834Z    [1m[94m--> [0mvendor/wgpu-0.20.1/src/context.rs:579:22
2026-09-12T10:51:22.7691020Z     [1m[94m|[0m
2026-09-12T10:51:22.7691355Z [1m[94m579[0m [1m[94m|[0m     #[cfg(any(webgl, webgpu))]
2026-09-12T10:51:22.7692006Z     [1m[94m|[0m                      [1m[33m^^^^^^[0m [1m[33mhelp: found config with similar value: `feature = "webgpu"`[0m
2026-09-12T10:51:22.7692198Z     [1m[94m|[0m
2026-09-12T10:51:22.7692547Z     [1m[94m= [0m[1mhelp[0m: consider using a Cargo feature instead
2026-09-12T10:51:22.7693129Z     [1m[94m= [0m[1mhelp[0m: or consider adding in `Cargo.toml` the `check-cfg` lint config for the lint:
2026-09-12T10:51:22.7693295Z              [lints.rust]
2026-09-12T10:51:22.7693620Z              unexpected_cfgs = { level = "warn", check-cfg = ['cfg(webgpu)'] }
2026-09-12T10:51:22.7694473Z     [1m[94m= [0m[1mhelp[0m: or consider adding `println!("cargo::rustc-check-cfg=cfg(webgpu)");` to the top of the `build.rs`
2026-09-12T10:51:22.7695537Z     [1m[94m= [0m[1mnote[0m: see <https://doc.rust-lang.org/nightly/rustc/check-cfg/cargo-specifics.html> for more information about checking conditional configuration
2026-09-12T10:51:22.7695808Z 
2026-09-12T10:51:22.7696227Z [1m[33mwarning[0m[1m: unexpected `cfg` condition name: `webgpu`[0m
2026-09-12T10:51:22.7696566Z     [1m[94m--> [0mvendor/wgpu-0.20.1/src/context.rs:1561:15
2026-09-12T10:51:22.7696949Z      [1m[94m|[0m
2026-09-12T10:51:22.7697275Z [1m[94m1561[0m [1m[94m|[0m     #[cfg(any(webgpu, webgl))]
2026-09-12T10:51:22.7697881Z      [1m[94m|[0m               [1m[33m^^^^^^[0m [1m[33mhelp: found config with similar value: `feature = "webgpu"`[0m
2026-09-12T10:51:22.7698069Z      [1m[94m|[0m
2026-09-12T10:51:22.7698409Z      [1m[94m= [0m[1mhelp[0m: consider using a Cargo feature instead
2026-09-12T10:51:22.7698995Z      [1m[94m= [0m[1mhelp[0m: or consider adding in `Cargo.toml` the `check-cfg` lint config for the lint:
2026-09-12T10:51:22.7699149Z               [lints.rust]
2026-09-12T10:51:22.7699472Z               unexpected_cfgs = { level = "warn", check-cfg = ['cfg(webgpu)'] }
2026-09-12T10:51:22.7700312Z      [1m[94m= [0m[1mhelp[0m: or consider adding `println!("cargo::rustc-check-cfg=cfg(webgpu)");` to the top of the `build.rs`
2026-09-12T10:51:22.7701376Z      [1m[94m= [0m[1mnote[0m: see <https://doc.rust-lang.org/nightly/rustc/check-cfg/cargo-specifics.html> for more information about checking conditional configuration
2026-09-12T10:51:22.7701388Z 
2026-09-12T10:51:22.7701789Z [1m[33mwarning[0m[1m: unexpected `cfg` condition name: `webgl`[0m
2026-09-12T10:51:22.7702112Z     [1m[94m--> [0mvendor/wgpu-0.20.1/src/context.rs:1561:23
2026-09-12T10:51:22.7702281Z      [1m[94m|[0m
2026-09-12T10:51:22.7702600Z [1m[94m1561[0m [1m[94m|[0m     #[cfg(any(webgpu, webgl))]
2026-09-12T10:51:22.7703202Z      [1m[94m|[0m                       [1m[33m^^^^^[0m [1m[33mhelp: found config with similar value: `feature = "webgl"`[0m
2026-09-12T10:51:22.7703374Z      [1m[94m|[0m
2026-09-12T10:51:22.7703716Z      [1m[94m= [0m[1mhelp[0m: consider using a Cargo feature instead
2026-09-12T10:51:22.7704291Z      [1m[94m= [0m[1mhelp[0m: or consider adding in `Cargo.toml` the `check-cfg` lint config for the lint:
2026-09-12T10:51:22.7704429Z               [lints.rust]
2026-09-12T10:51:22.7704733Z               unexpected_cfgs = { level = "warn", check-cfg = ['cfg(webgl)'] }
2026-09-12T10:51:22.7705535Z      [1m[94m= [0m[1mhelp[0m: or consider adding `println!("cargo::rustc-check-cfg=cfg(webgl)");` to the top of the `build.rs`
2026-09-12T10:51:22.7707104Z      [1m[94m= [0m[1mnote[0m: see <https://doc.rust-lang.org/nightly/rustc/check-cfg/cargo-specifics.html> for more information about checking conditional configuration
2026-09-12T10:51:22.7707118Z 
2026-09-12T10:51:22.7707525Z [1m[33mwarning[0m[1m: unexpected `cfg` condition name: `webgpu`[0m
2026-09-12T10:51:22.7707833Z     [1m[94m--> [0mvendor/wgpu-0.20.1/src/context.rs:2998:15
2026-09-12T10:51:22.7708007Z      [1m[94m|[0m
2026-09-12T10:51:22.7708335Z [1m[94m2998[0m [1m[94m|[0m     #[cfg(any(webgpu, webgl))]
2026-09-12T10:51:22.7708943Z      [1m[94m|[0m               [1m[33m^^^^^^[0m [1m[33mhelp: found config with similar value: `feature = "webgpu"`[0m
2026-09-12T10:51:22.7709120Z      [1m[94m|[0m
2026-09-12T10:51:22.7709476Z      [1m[94m= [0m[1mhelp[0m: consider using a Cargo feature instead
2026-09-12T10:51:22.7710066Z      [1m[94m= [0m[1mhelp[0m: or consider adding in `Cargo.toml` the `check-cfg` lint config for the lint:
2026-09-12T10:51:22.7710224Z               [lints.rust]
2026-09-12T10:51:22.7710514Z               unexpected_cfgs = { level = "warn", check-cfg = ['cfg(webgpu)'] }
2026-09-12T10:51:22.7711328Z      [1m[94m= [0m[1mhelp[0m: or consider adding `println!("cargo::rustc-check-cfg=cfg(webgpu)");` to the top of the `build.rs`
2026-09-12T10:51:22.7712381Z      [1m[94m= [0m[1mnote[0m: see <https://doc.rust-lang.org/nightly/rustc/check-cfg/cargo-specifics.html> for more information about checking conditional configuration
2026-09-12T10:51:22.7712392Z 
2026-09-12T10:51:22.7713035Z [1m[33mwarning[0m[1m: unexpected `cfg` condition name: `webgl`[0m
2026-09-12T10:51:22.7713369Z     [1m[94m--> [0mvendor/wgpu-0.20.1/src/context.rs:2998:23
2026-09-12T10:51:22.7713541Z      [1m[94m|[0m
2026-09-12T10:51:22.7713836Z [1m[94m2998[0m [1m[94m|[0m     #[cfg(any(webgpu, webgl))]
2026-09-12T10:51:22.7714429Z      [1m[94m|[0m                       [1m[33m^^^^^[0m [1m[33mhelp: found config with similar value: `feature = "webgl"`[0m
2026-09-12T10:51:22.7714600Z      [1m[94m|[0m
2026-09-12T10:51:22.7714926Z      [1m[94m= [0m[1mhelp[0m: consider using a Cargo feature instead
2026-09-12T10:51:22.7715491Z      [1m[94m= [0m[1mhelp[0m: or consider adding in `Cargo.toml` the `check-cfg` lint config for the lint:
2026-09-12T10:51:22.7715638Z               [lints.rust]
2026-09-12T10:51:22.7715934Z               unexpected_cfgs = { level = "warn", check-cfg = ['cfg(webgl)'] }
2026-09-12T10:51:22.7722372Z      [1m[94m= [0m[1mhelp[0m: or consider adding `println!("cargo::rustc-check-cfg=cfg(webgl)");` to the top of the `build.rs`
2026-09-12T10:51:22.7723603Z      [1m[94m= [0m[1mnote[0m: see <https://doc.rust-lang.org/nightly/rustc/check-cfg/cargo-specifics.html> for more information about checking conditional configuration
2026-09-12T10:51:22.7723615Z 
2026-09-12T10:51:22.7724043Z [1m[33mwarning[0m[1m: unexpected `cfg` condition name: `wgpu_core`[0m
2026-09-12T10:51:22.7724351Z  [1m[94m--> [0mvendor/wgpu-0.20.1/src/util/init.rs:5:7
2026-09-12T10:51:22.7724531Z   [1m[94m|[0m
2026-09-12T10:51:22.7724786Z [1m[94m5[0m [1m[94m|[0m #[cfg(wgpu_core)]
2026-09-12T10:51:22.7725018Z   [1m[94m|[0m       [1m[33m^^^^^^^^^[0m
2026-09-12T10:51:22.7725188Z   [1m[94m|[0m
2026-09-12T10:51:22.7725541Z   [1m[94m= [0m[1mhelp[0m: consider using a Cargo feature instead
2026-09-12T10:51:22.7726125Z   [1m[94m= [0m[1mhelp[0m: or consider adding in `Cargo.toml` the `check-cfg` lint config for the lint:
2026-09-12T10:51:22.7726276Z            [lints.rust]
2026-09-12T10:51:22.7726611Z            unexpected_cfgs = { level = "warn", check-cfg = ['cfg(wgpu_core)'] }
2026-09-12T10:51:22.7727734Z   [1m[94m= [0m[1mhelp[0m: or consider adding `println!("cargo::rustc-check-cfg=cfg(wgpu_core)");` to the top of the `build.rs`
2026-09-12T10:51:22.7728786Z   [1m[94m= [0m[1mnote[0m: see <https://doc.rust-lang.org/nightly/rustc/check-cfg/cargo-specifics.html> for more information about checking conditional configuration
2026-09-12T10:51:22.7729136Z 
2026-09-12T10:51:22.7729573Z [1m[33mwarning[0m[1m: unexpected `cfg` condition name: `wgpu_core`[0m
2026-09-12T10:51:22.7729884Z  [1m[94m--> [0mvendor/wgpu-0.20.1/src/util/init.rs:9:11
2026-09-12T10:51:22.7730061Z   [1m[94m|[0m
2026-09-12T10:51:22.7730329Z [1m[94m9[0m [1m[94m|[0m #[cfg(not(wgpu_core))]
2026-09-12T10:51:22.7730577Z   [1m[94m|[0m           [1m[33m^^^^^^^^^[0m
2026-09-12T10:51:22.7730746Z   [1m[94m|[0m
2026-09-12T10:51:22.7731099Z   [1m[94m= [0m[1mhelp[0m: consider using a Cargo feature instead
2026-09-12T10:51:22.7731675Z   [1m[94m= [0m[1mhelp[0m: or consider adding in `Cargo.toml` the `check-cfg` lint config for the lint:
2026-09-12T10:51:22.7731824Z            [lints.rust]
2026-09-12T10:51:22.7732130Z            unexpected_cfgs = { level = "warn", check-cfg = ['cfg(wgpu_core)'] }
2026-09-12T10:51:22.7732974Z   [1m[94m= [0m[1mhelp[0m: or consider adding `println!("cargo::rustc-check-cfg=cfg(wgpu_core)");` to the top of the `build.rs`
2026-09-12T10:51:22.7734030Z   [1m[94m= [0m[1mnote[0m: see <https://doc.rust-lang.org/nightly/rustc/check-cfg/cargo-specifics.html> for more information about checking conditional configuration
2026-09-12T10:51:22.7734041Z 
2026-09-12T10:51:22.7734430Z [1m[33mwarning[0m[1m: unexpected `cfg` condition name: `native`[0m
2026-09-12T10:51:22.7734745Z   [1m[94m--> [0mvendor/wgpu-0.20.1/src/util/init.rs:41:7
2026-09-12T10:51:22.7734921Z    [1m[94m|[0m
2026-09-12T10:51:22.7735162Z [1m[94m41[0m [1m[94m|[0m #[cfg(native)]
2026-09-12T10:51:22.7735645Z    [1m[94m|[0m       [1m[33m^^^^^^[0m
2026-09-12T10:51:22.7735822Z    [1m[94m|[0m
2026-09-12T10:51:22.7736171Z    [1m[94m= [0m[1mhelp[0m: consider using a Cargo feature instead
2026-09-12T10:51:22.7757055Z    [1m[94m= [0m[1mhelp[0m: or consider adding in `Cargo.toml` the `check-cfg` lint config for the lint:
2026-09-12T10:51:22.7757255Z             [lints.rust]
2026-09-12T10:51:22.7757600Z             unexpected_cfgs = { level = "warn", check-cfg = ['cfg(native)'] }
2026-09-12T10:51:22.7758517Z    [1m[94m= [0m[1mhelp[0m: or consider adding `println!("cargo::rustc-check-cfg=cfg(native)");` to the top of the `build.rs`
2026-09-12T10:51:22.7759596Z    [1m[94m= [0m[1mnote[0m: see <https://doc.rust-lang.org/nightly/rustc/check-cfg/cargo-specifics.html> for more information about checking conditional configuration
2026-09-12T10:51:22.7759610Z 
2026-09-12T10:51:22.7759998Z [1m[33mwarning[0m[1m: unexpected `cfg` condition name: `native`[0m
2026-09-12T10:51:22.7760328Z   [1m[94m--> [0mvendor/wgpu-0.20.1/src/util/init.rs:73:11
2026-09-12T10:51:22.7760497Z    [1m[94m|[0m
2026-09-12T10:51:22.7760736Z [1m[94m73[0m [1m[94m|[0m #[cfg(not(native))]
2026-09-12T10:51:22.7760971Z    [1m[94m|[0m           [1m[33m^^^^^^[0m
2026-09-12T10:51:22.7761139Z    [1m[94m|[0m
2026-09-12T10:51:22.7761482Z    [1m[94m= [0m[1mhelp[0m: consider using a Cargo feature instead
2026-09-12T10:51:22.7762057Z    [1m[94m= [0m[1mhelp[0m: or consider adding in `Cargo.toml` the `check-cfg` lint config for the lint:
2026-09-12T10:51:22.7762206Z             [lints.rust]
2026-09-12T10:51:22.7762510Z             unexpected_cfgs = { level = "warn", check-cfg = ['cfg(native)'] }
2026-09-12T10:51:22.7763324Z    [1m[94m= [0m[1mhelp[0m: or consider adding `println!("cargo::rustc-check-cfg=cfg(native)");` to the top of the `build.rs`
2026-09-12T10:51:22.7764372Z    [1m[94m= [0m[1mnote[0m: see <https://doc.rust-lang.org/nightly/rustc/check-cfg/cargo-specifics.html> for more information about checking conditional configuration
2026-09-12T10:51:22.7764386Z 
2026-09-12T10:51:22.7764787Z [1m[33mwarning[0m[1m: unexpected `cfg` condition name: `webgpu`[0m
2026-09-12T10:51:22.7765079Z    [1m[94m--> [0mvendor/wgpu-0.20.1/src/lib.rs:626:15
2026-09-12T10:51:22.7765252Z     [1m[94m|[0m
2026-09-12T10:51:22.7765560Z [1m[94m626[0m [1m[94m|[0m     #[cfg(any(webgpu, webgl))]
2026-09-12T10:51:22.7766450Z     [1m[94m|[0m               [1m[33m^^^^^^[0m [1m[33mhelp: found config with similar value: `feature = "webgpu"`[0m
2026-09-12T10:51:22.7766631Z     [1m[94m|[0m
2026-09-12T10:51:22.7767190Z     [1m[94m= [0m[1mhelp[0m: consider using a Cargo feature instead
2026-09-12T10:51:22.7767752Z     [1m[94m= [0m[1mhelp[0m: or consider adding in `Cargo.toml` the `check-cfg` lint config for the lint:
2026-09-12T10:51:22.7767892Z              [lints.rust]
2026-09-12T10:51:22.7768229Z              unexpected_cfgs = { level = "warn", check-cfg = ['cfg(webgpu)'] }
2026-09-12T10:51:22.7769060Z     [1m[94m= [0m[1mhelp[0m: or consider adding `println!("cargo::rustc-check-cfg=cfg(webgpu)");` to the top of the `build.rs`
2026-09-12T10:51:22.7770093Z     [1m[94m= [0m[1mnote[0m: see <https://doc.rust-lang.org/nightly/rustc/check-cfg/cargo-specifics.html> for more information about checking conditional configuration
2026-09-12T10:51:22.7770106Z 
2026-09-12T10:51:22.7770497Z [1m[33mwarning[0m[1m: unexpected `cfg` condition name: `webgl`[0m
2026-09-12T10:51:22.7770793Z    [1m[94m--> [0mvendor/wgpu-0.20.1/src/lib.rs:626:23
2026-09-12T10:51:22.7770967Z     [1m[94m|[0m
2026-09-12T10:51:22.7771270Z [1m[94m626[0m [1m[94m|[0m     #[cfg(any(webgpu, webgl))]
2026-09-12T10:51:22.7771894Z     [1m[94m|[0m                       [1m[33m^^^^^[0m [1m[33mhelp: found config with similar value: `feature = "webgl"`[0m
2026-09-12T10:51:22.7772067Z     [1m[94m|[0m
2026-09-12T10:51:22.7772446Z     [1m[94m= [0m[1mhelp[0m: consider using a Cargo feature instead
2026-09-12T10:51:22.7773258Z     [1m[94m= [0m[1mhelp[0m: or consider adding in `Cargo.toml` the `check-cfg` lint config for the lint:
2026-09-12T10:51:22.7773408Z              [lints.rust]
2026-09-12T10:51:22.7773712Z              unexpected_cfgs = { level = "warn", check-cfg = ['cfg(webgl)'] }
2026-09-12T10:51:22.7774534Z     [1m[94m= [0m[1mhelp[0m: or consider adding `println!("cargo::rustc-check-cfg=cfg(webgl)");` to the top of the `build.rs`
2026-09-12T10:51:22.7775504Z     [1m[94m= [0m[1mnote[0m: see <https://doc.rust-lang.org/nightly/rustc/check-cfg/cargo-specifics.html> for more information about checking conditional configuration
2026-09-12T10:51:22.7775520Z 
2026-09-12T10:51:22.7775870Z [1m[33mwarning[0m[1m: unexpected `cfg` condition name: `webgpu`[0m
2026-09-12T10:51:22.7776139Z    [1m[94m--> [0mvendor/wgpu-0.20.1/src/lib.rs:638:15
2026-09-12T10:51:22.7776291Z     [1m[94m|[0m
2026-09-12T10:51:22.7776599Z [1m[94m638[0m [1m[94m|[0m     #[cfg(any(webgpu, webgl))]
2026-09-12T10:51:22.7777411Z     [1m[94m|[0m               [1m[33m^^^^^^[0m [1m[33mhelp: found config with similar value: `feature = "webgpu"`[0m
2026-09-12T10:51:22.7777573Z     [1m[94m|[0m
2026-09-12T10:51:22.7777899Z     [1m[94m= [0m[1mhelp[0m: consider using a Cargo feature instead
2026-09-12T10:51:22.7778449Z     [1m[94m= [0m[1mhelp[0m: or consider adding in `Cargo.toml` the `check-cfg` lint config for the lint:
2026-09-12T10:51:22.7778592Z              [lints.rust]
2026-09-12T10:51:22.7778899Z              unexpected_cfgs = { level = "warn", check-cfg = ['cfg(webgpu)'] }
2026-09-12T10:51:22.7779731Z     [1m[94m= [0m[1mhelp[0m: or consider adding `println!("cargo::rustc-check-cfg=cfg(webgpu)");` to the top of the `build.rs`
2026-09-12T10:51:22.7780766Z     [1m[94m= [0m[1mnote[0m: see <https://doc.rust-lang.org/nightly/rustc/check-cfg/cargo-specifics.html> for more information about checking conditional configuration
2026-09-12T10:51:22.7780785Z 
2026-09-12T10:51:22.7781167Z [1m[33mwarning[0m[1m: unexpected `cfg` condition name: `webgl`[0m
2026-09-12T10:51:22.7781462Z    [1m[94m--> [0mvendor/wgpu-0.20.1/src/lib.rs:638:23
2026-09-12T10:51:22.7781601Z     [1m[94m|[0m
2026-09-12T10:51:22.7781894Z [1m[94m638[0m [1m[94m|[0m     #[cfg(any(webgpu, webgl))]
2026-09-12T10:51:22.7782485Z     [1m[94m|[0m                       [1m[33m^^^^^[0m [1m[33mhelp: found config with similar value: `feature = "webgl"`[0m
2026-09-12T10:51:22.7782925Z     [1m[94m|[0m
2026-09-12T10:51:22.7783267Z     [1m[94m= [0m[1mhelp[0m: consider using a Cargo feature instead
2026-09-12T10:51:22.7783833Z     [1m[94m= [0m[1mhelp[0m: or consider adding in `Cargo.toml` the `check-cfg` lint config for the lint:
2026-09-12T10:51:22.7783978Z              [lints.rust]
2026-09-12T10:51:22.7784285Z              unexpected_cfgs = { level = "warn", check-cfg = ['cfg(webgl)'] }
2026-09-12T10:51:22.7785079Z     [1m[94m= [0m[1mhelp[0m: or consider adding `println!("cargo::rustc-check-cfg=cfg(webgl)");` to the top of the `build.rs`
2026-09-12T10:51:22.7786093Z     [1m[94m= [0m[1mnote[0m: see <https://doc.rust-lang.org/nightly/rustc/check-cfg/cargo-specifics.html> for more information about checking conditional configuration
2026-09-12T10:51:22.7786114Z 
2026-09-12T10:51:22.7786498Z [1m[33mwarning[0m[1m: unexpected `cfg` condition name: `metal`[0m
2026-09-12T10:51:22.7817096Z    [1m[94m--> [0mvendor/wgpu-0.20.1/src/lib.rs:683:11
2026-09-12T10:51:22.7817414Z     [1m[94m|[0m
2026-09-12T10:51:22.7817704Z [1m[94m683[0m [1m[94m|[0m     #[cfg(metal)]
2026-09-12T10:51:22.7818305Z     [1m[94m|[0m           [1m[33m^^^^^[0m [1m[33mhelp: found config with similar value: `feature = "metal"`[0m
2026-09-12T10:51:22.7818476Z     [1m[94m|[0m
2026-09-12T10:51:22.7818834Z     [1m[94m= [0m[1mhelp[0m: consider using a Cargo feature instead
2026-09-12T10:51:22.7819411Z     [1m[94m= [0m[1mhelp[0m: or consider adding in `Cargo.toml` the `check-cfg` lint config for the lint:
2026-09-12T10:51:22.7819829Z              [lints.rust]
2026-09-12T10:51:22.7820153Z              unexpected_cfgs = { level = "warn", check-cfg = ['cfg(metal)'] }
2026-09-12T10:51:22.7820989Z     [1m[94m= [0m[1mhelp[0m: or consider adding `println!("cargo::rustc-check-cfg=cfg(metal)");` to the top of the `build.rs`
2026-09-12T10:51:22.7822023Z     [1m[94m= [0m[1mnote[0m: see <https://doc.rust-lang.org/nightly/rustc/check-cfg/cargo-specifics.html> for more information about checking conditional configuration
2026-09-12T10:51:22.7822052Z 
2026-09-12T10:51:22.7822457Z [1m[33mwarning[0m[1m: unexpected `cfg` condition name: `dx12`[0m
2026-09-12T10:51:22.7822763Z    [1m[94m--> [0mvendor/wgpu-0.20.1/src/lib.rs:691:11
2026-09-12T10:51:22.7822934Z     [1m[94m|[0m
2026-09-12T10:51:22.7823196Z [1m[94m691[0m [1m[94m|[0m     #[cfg(dx12)]
2026-09-12T10:51:22.7823753Z     [1m[94m|[0m           [1m[33m^^^^[0m [1m[33mhelp: found config with similar value: `feature = "dx12"`[0m
2026-09-12T10:51:22.7823917Z     [1m[94m|[0m
2026-09-12T10:51:22.7824278Z     [1m[94m= [0m[1mhelp[0m: consider using a Cargo feature instead
2026-09-12T10:51:22.7824860Z     [1m[94m= [0m[1mhelp[0m: or consider adding in `Cargo.toml` the `check-cfg` lint config for the lint:
2026-09-12T10:51:22.7825002Z              [lints.rust]
2026-09-12T10:51:22.7825298Z              unexpected_cfgs = { level = "warn", check-cfg = ['cfg(dx12)'] }
2026-09-12T10:51:22.7826146Z     [1m[94m= [0m[1mhelp[0m: or consider adding `println!("cargo::rustc-check-cfg=cfg(dx12)");` to the top of the `build.rs`
2026-09-12T10:51:22.7827371Z     [1m[94m= [0m[1mnote[0m: see <https://doc.rust-lang.org/nightly/rustc/check-cfg/cargo-specifics.html> for more information about checking conditional configuration
2026-09-12T10:51:22.7827385Z 
2026-09-12T10:51:22.7827785Z [1m[33mwarning[0m[1m: unexpected `cfg` condition name: `dx12`[0m
2026-09-12T10:51:22.7828082Z    [1m[94m--> [0mvendor/wgpu-0.20.1/src/lib.rs:699:11
2026-09-12T10:51:22.7828248Z     [1m[94m|[0m
2026-09-12T10:51:22.7828501Z [1m[94m699[0m [1m[94m|[0m     #[cfg(dx12)]
2026-09-12T10:51:22.7829054Z     [1m[94m|[0m           [1m[33m^^^^[0m [1m[33mhelp: found config with similar value: `feature = "dx12"`[0m
2026-09-12T10:51:22.7829217Z     [1m[94m|[0m
2026-09-12T10:51:22.7829565Z     [1m[94m= [0m[1mhelp[0m: consider using a Cargo feature instead
2026-09-12T10:51:22.7830427Z     [1m[94m= [0m[1mhelp[0m: or consider adding in `Cargo.toml` the `check-cfg` lint config for the lint:
2026-09-12T10:51:22.7830567Z              [lints.rust]
2026-09-12T10:51:22.7830863Z              unexpected_cfgs = { level = "warn", check-cfg = ['cfg(dx12)'] }
2026-09-12T10:51:22.7831663Z     [1m[94m= [0m[1mhelp[0m: or consider adding `println!("cargo::rustc-check-cfg=cfg(dx12)");` to the top of the `build.rs`
2026-09-12T10:51:22.7832680Z     [1m[94m= [0m[1mnote[0m: see <https://doc.rust-lang.org/nightly/rustc/check-cfg/cargo-specifics.html> for more information about checking conditional configuration
2026-09-12T10:51:22.7832699Z 
2026-09-12T10:51:22.7833085Z [1m[33mwarning[0m[1m: unexpected `cfg` condition name: `dx12`[0m
2026-09-12T10:51:22.7833380Z    [1m[94m--> [0mvendor/wgpu-0.20.1/src/lib.rs:707:11
2026-09-12T10:51:22.7833546Z     [1m[94m|[0m
2026-09-12T10:51:22.7833793Z [1m[94m707[0m [1m[94m|[0m     #[cfg(dx12)]
2026-09-12T10:51:22.7834346Z     [1m[94m|[0m           [1m[33m^^^^[0m [1m[33mhelp: found config with similar value: `feature = "dx12"`[0m
2026-09-12T10:51:22.7834517Z     [1m[94m|[0m
2026-09-12T10:51:22.7834862Z     [1m[94m= [0m[1mhelp[0m: consider using a Cargo feature instead
2026-09-12T10:51:22.7835442Z     [1m[94m= [0m[1mhelp[0m: or consider adding in `Cargo.toml` the `check-cfg` lint config for the lint:
2026-09-12T10:51:22.7835576Z              [lints.rust]
2026-09-12T10:51:22.7835865Z              unexpected_cfgs = { level = "warn", check-cfg = ['cfg(dx12)'] }
2026-09-12T10:51:22.7837093Z     [1m[94m= [0m[1mhelp[0m: or consider adding `println!("cargo::rustc-check-cfg=cfg(dx12)");` to the top of the `build.rs`
2026-09-12T10:51:22.7838179Z     [1m[94m= [0m[1mnote[0m: see <https://doc.rust-lang.org/nightly/rustc/check-cfg/cargo-specifics.html> for more information about checking conditional configuration
2026-09-12T10:51:22.7838192Z 
2026-09-12T10:51:22.7838613Z [1m[33mwarning[0m[1m: unexpected `cfg` condition name: `wgpu_core`[0m
2026-09-12T10:51:22.7838921Z     [1m[94m--> [0mvendor/wgpu-0.20.1/src/lib.rs:2047:11
2026-09-12T10:51:22.7839090Z      [1m[94m|[0m
2026-09-12T10:51:22.7839374Z [1m[94m2047[0m [1m[94m|[0m     #[cfg(wgpu_core)]
2026-09-12T10:51:22.7839632Z      [1m[94m|[0m           [1m[33m^^^^^^^^^[0m
2026-09-12T10:51:22.7839794Z      [1m[94m|[0m
2026-09-12T10:51:22.7840137Z      [1m[94m= [0m[1mhelp[0m: consider using a Cargo feature instead
2026-09-12T10:51:22.7840719Z      [1m[94m= [0m[1mhelp[0m: or consider adding in `Cargo.toml` the `check-cfg` lint config for the lint:
2026-09-12T10:51:22.7840879Z               [lints.rust]
2026-09-12T10:51:22.7841206Z               unexpected_cfgs = { level = "warn", check-cfg = ['cfg(wgpu_core)'] }
2026-09-12T10:51:22.7842048Z      [1m[94m= [0m[1mhelp[0m: or consider adding `println!("cargo::rustc-check-cfg=cfg(wgpu_core)");` to the top of the `build.rs`
2026-09-12T10:51:22.7843168Z      [1m[94m= [0m[1mnote[0m: see <https://doc.rust-lang.org/nightly/rustc/check-cfg/cargo-specifics.html> for more information about checking conditional configuration
2026-09-12T10:51:22.7843189Z 
2026-09-12T10:51:22.7843609Z [1m[33mwarning[0m[1m: unexpected `cfg` condition name: `wgpu_core`[0m
2026-09-12T10:51:22.7843919Z     [1m[94m--> [0mvendor/wgpu-0.20.1/src/lib.rs:2066:11
2026-09-12T10:51:22.7844088Z      [1m[94m|[0m
2026-09-12T10:51:22.7844367Z [1m[94m2066[0m [1m[94m|[0m     #[cfg(wgpu_core)]
2026-09-12T10:51:22.7844607Z      [1m[94m|[0m           [1m[33m^^^^^^^^^[0m
2026-09-12T10:51:22.7844820Z      [1m[94m|[0m
2026-09-12T10:51:22.7845174Z      [1m[94m= [0m[1mhelp[0m: consider using a Cargo feature instead
2026-09-12T10:51:22.7845758Z      [1m[94m= [0m[1mhelp[0m: or consider adding in `Cargo.toml` the `check-cfg` lint config for the lint:
2026-09-12T10:51:22.7845905Z               [lints.rust]
2026-09-12T10:51:22.7846212Z               unexpected_cfgs = { level = "warn", check-cfg = ['cfg(wgpu_core)'] }
2026-09-12T10:51:22.7877765Z      [1m[94m= [0m[1mhelp[0m: or consider adding `println!("cargo::rustc-check-cfg=cfg(wgpu_core)");` to the top of the `build.rs`
2026-09-12T10:51:22.7878908Z      [1m[94m= [0m[1mnote[0m: see <https://doc.rust-lang.org/nightly/rustc/check-cfg/cargo-specifics.html> for more information about checking conditional configuration
2026-09-12T10:51:22.7878921Z 
2026-09-12T10:51:22.7879355Z [1m[33mwarning[0m[1m: unexpected `cfg` condition name: `wgpu_core`[0m
2026-09-12T10:51:22.7879674Z     [1m[94m--> [0mvendor/wgpu-0.20.1/src/lib.rs:2084:11
2026-09-12T10:51:22.7879850Z      [1m[94m|[0m
2026-09-12T10:51:22.7880149Z [1m[94m2084[0m [1m[94m|[0m     #[cfg(wgpu_core)]
2026-09-12T10:51:22.7880405Z      [1m[94m|[0m           [1m[33m^^^^^^^^^[0m
2026-09-12T10:51:22.7880580Z      [1m[94m|[0m
2026-09-12T10:51:22.7880947Z      [1m[94m= [0m[1mhelp[0m: consider using a Cargo feature instead
2026-09-12T10:51:22.7881528Z      [1m[94m= [0m[1mhelp[0m: or consider adding in `Cargo.toml` the `check-cfg` lint config for the lint:
2026-09-12T10:51:22.7881685Z               [lints.rust]
2026-09-12T10:51:22.7882017Z               unexpected_cfgs = { level = "warn", check-cfg = ['cfg(wgpu_core)'] }
2026-09-12T10:51:22.7882876Z      [1m[94m= [0m[1mhelp[0m: or consider adding `println!("cargo::rustc-check-cfg=cfg(wgpu_core)");` to the top of the `build.rs`
2026-09-12T10:51:22.7883925Z      [1m[94m= [0m[1mnote[0m: see <https://doc.rust-lang.org/nightly/rustc/check-cfg/cargo-specifics.html> for more information about checking conditional configuration
2026-09-12T10:51:22.7883936Z 
2026-09-12T10:51:22.7884623Z [1m[33mwarning[0m[1m: unexpected `cfg` condition name: `wgpu_core`[0m
2026-09-12T10:51:22.7884943Z     [1m[94m--> [0mvendor/wgpu-0.20.1/src/lib.rs:2101:11
2026-09-12T10:51:22.7885129Z      [1m[94m|[0m
2026-09-12T10:51:22.7885415Z [1m[94m2101[0m [1m[94m|[0m     #[cfg(wgpu_core)]
2026-09-12T10:51:22.7885661Z      [1m[94m|[0m           [1m[33m^^^^^^^^^[0m
2026-09-12T10:51:22.7885845Z      [1m[94m|[0m
2026-09-12T10:51:22.7886187Z      [1m[94m= [0m[1mhelp[0m: consider using a Cargo feature instead
2026-09-12T10:51:22.7886957Z      [1m[94m= [0m[1mhelp[0m: or consider adding in `Cargo.toml` the `check-cfg` lint config for the lint:
2026-09-12T10:51:22.7887110Z               [lints.rust]
2026-09-12T10:51:22.7887437Z               unexpected_cfgs = { level = "warn", check-cfg = ['cfg(wgpu_core)'] }
2026-09-12T10:51:22.7888235Z      [1m[94m= [0m[1mhelp[0m: or consider adding `println!("cargo::rustc-check-cfg=cfg(wgpu_core)");` to the top of the `build.rs`
2026-09-12T10:51:22.7889255Z      [1m[94m= [0m[1mnote[0m: see <https://doc.rust-lang.org/nightly/rustc/check-cfg/cargo-specifics.html> for more information about checking conditional configuration
2026-09-12T10:51:22.7889266Z 
2026-09-12T10:51:22.7889676Z [1m[33mwarning[0m[1m: unexpected `cfg` condition name: `wgpu_core`[0m
2026-09-12T10:51:22.7889968Z     [1m[94m--> [0mvendor/wgpu-0.20.1/src/lib.rs:2143:11
2026-09-12T10:51:22.7890144Z      [1m[94m|[0m
2026-09-12T10:51:22.7890397Z [1m[94m2143[0m [1m[94m|[0m     #[cfg(wgpu_core)]
2026-09-12T10:51:22.7890628Z      [1m[94m|[0m           [1m[33m^^^^^^^^^[0m
2026-09-12T10:51:22.7890841Z      [1m[94m|[0m
2026-09-12T10:51:22.7891202Z      [1m[94m= [0m[1mhelp[0m: consider using a Cargo feature instead
2026-09-12T10:51:22.7891735Z      [1m[94m= [0m[1mhelp[0m: or consider adding in `Cargo.toml` the `check-cfg` lint config for the lint:
2026-09-12T10:51:22.7891889Z               [lints.rust]
2026-09-12T10:51:22.7892214Z               unexpected_cfgs = { level = "warn", check-cfg = ['cfg(wgpu_core)'] }
2026-09-12T10:51:22.7893026Z      [1m[94m= [0m[1mhelp[0m: or consider adding `println!("cargo::rustc-check-cfg=cfg(wgpu_core)");` to the top of the `build.rs`
2026-09-12T10:51:22.7894075Z      [1m[94m= [0m[1mnote[0m: see <https://doc.rust-lang.org/nightly/rustc/check-cfg/cargo-specifics.html> for more information about checking conditional configuration
2026-09-12T10:51:22.7894403Z 
2026-09-12T10:51:22.7894834Z [1m[33mwarning[0m[1m: unexpected `cfg` condition name: `wgpu_core`[0m
2026-09-12T10:51:22.7895130Z     [1m[94m--> [0mvendor/wgpu-0.20.1/src/lib.rs:2287:11
2026-09-12T10:51:22.7895304Z      [1m[94m|[0m
2026-09-12T10:51:22.7895586Z [1m[94m2287[0m [1m[94m|[0m     #[cfg(wgpu_core)]
2026-09-12T10:51:22.7895830Z      [1m[94m|[0m           [1m[33m^^^^^^^^^[0m
2026-09-12T10:51:22.7895999Z      [1m[94m|[0m
2026-09-12T10:51:22.7896345Z      [1m[94m= [0m[1mhelp[0m: consider using a Cargo feature instead
2026-09-12T10:51:22.7897156Z      [1m[94m= [0m[1mhelp[0m: or consider adding in `Cargo.toml` the `check-cfg` lint config for the lint:
2026-09-12T10:51:22.7897304Z               [lints.rust]
2026-09-12T10:51:22.7897603Z               unexpected_cfgs = { level = "warn", check-cfg = ['cfg(wgpu_core)'] }
2026-09-12T10:51:22.7898429Z      [1m[94m= [0m[1mhelp[0m: or consider adding `println!("cargo::rustc-check-cfg=cfg(wgpu_core)");` to the top of the `build.rs`
2026-09-12T10:51:22.7899486Z      [1m[94m= [0m[1mnote[0m: see <https://doc.rust-lang.org/nightly/rustc/check-cfg/cargo-specifics.html> for more information about checking conditional configuration
2026-09-12T10:51:22.7899499Z 
2026-09-12T10:51:22.7899889Z [1m[33mwarning[0m[1m: unexpected `cfg` condition name: `native`[0m
2026-09-12T10:51:22.7900176Z     [1m[94m--> [0mvendor/wgpu-0.20.1/src/lib.rs:1946:17
2026-09-12T10:51:22.7900345Z      [1m[94m|[0m
2026-09-12T10:51:22.7900831Z [1m[94m1946[0m [1m[94m|[0m         if cfg!(native) {
2026-09-12T10:51:22.7901098Z      [1m[94m|[0m                 [1m[33m^^^^^^[0m
2026-09-12T10:51:22.7901273Z      [1m[94m|[0m
2026-09-12T10:51:22.7901615Z      [1m[94m= [0m[1mhelp[0m: consider using a Cargo feature instead
2026-09-12T10:51:22.7902201Z      [1m[94m= [0m[1mhelp[0m: or consider adding in `Cargo.toml` the `check-cfg` lint config for the lint:
2026-09-12T10:51:22.7902359Z               [lints.rust]
2026-09-12T10:51:22.7902674Z               unexpected_cfgs = { level = "warn", check-cfg = ['cfg(native)'] }
2026-09-12T10:51:22.7903484Z      [1m[94m= [0m[1mhelp[0m: or consider adding `println!("cargo::rustc-check-cfg=cfg(native)");` to the top of the `build.rs`
2026-09-12T10:51:22.7904568Z      [1m[94m= [0m[1mnote[0m: see <https://doc.rust-lang.org/nightly/rustc/check-cfg/cargo-specifics.html> for more information about checking conditional configuration
2026-09-12T10:51:22.7904578Z 
2026-09-12T10:51:22.7904974Z [1m[33mwarning[0m[1m: unexpected `cfg` condition name: `metal`[0m
2026-09-12T10:51:22.7905268Z     [1m[94m--> [0mvendor/wgpu-0.20.1/src/lib.rs:1947:21
2026-09-12T10:51:22.7905440Z      [1m[94m|[0m
2026-09-12T10:51:22.7905732Z [1m[94m1947[0m [1m[94m|[0m             if cfg!(metal) {
2026-09-12T10:51:22.7906361Z      [1m[94m|[0m                     [1m[33m^^^^^[0m [1m[33mhelp: found config with similar value: `feature = "metal"`[0m
2026-09-12T10:51:22.7906545Z      [1m[94m|[0m
2026-09-12T10:51:22.7937297Z      [1m[94m= [0m[1mhelp[0m: consider using a Cargo feature instead
2026-09-12T10:51:22.7938025Z      [1m[94m= [0m[1mhelp[0m: or consider adding in `Cargo.toml` the `check-cfg` lint config for the lint:
2026-09-12T10:51:22.7938180Z               [lints.rust]
2026-09-12T10:51:22.7938497Z               unexpected_cfgs = { level = "warn", check-cfg = ['cfg(metal)'] }
2026-09-12T10:51:22.7939364Z      [1m[94m= [0m[1mhelp[0m: or consider adding `println!("cargo::rustc-check-cfg=cfg(metal)");` to the top of the `build.rs`
2026-09-12T10:51:22.7940436Z      [1m[94m= [0m[1mnote[0m: see <https://doc.rust-lang.org/nightly/rustc/check-cfg/cargo-specifics.html> for more information about checking conditional configuration
2026-09-12T10:51:22.7940451Z 
2026-09-12T10:51:22.7940849Z [1m[33mwarning[0m[1m: unexpected `cfg` condition name: `dx12`[0m
2026-09-12T10:51:22.7941164Z     [1m[94m--> [0mvendor/wgpu-0.20.1/src/lib.rs:1950:21
2026-09-12T10:51:22.7941672Z      [1m[94m|[0m
2026-09-12T10:51:22.7941975Z [1m[94m1950[0m [1m[94m|[0m             if cfg!(dx12) {
2026-09-12T10:51:22.7942606Z      [1m[94m|[0m                     [1m[33m^^^^[0m [1m[33mhelp: found config with similar value: `feature = "dx12"`[0m
2026-09-12T10:51:22.7942791Z      [1m[94m|[0m
2026-09-12T10:51:22.7943248Z      [1m[94m= [0m[1mhelp[0m: consider using a Cargo feature instead
2026-09-12T10:51:22.7943839Z      [1m[94m= [0m[1mhelp[0m: or consider adding in `Cargo.toml` the `check-cfg` lint config for the lint:
2026-09-12T10:51:22.7943991Z               [lints.rust]
2026-09-12T10:51:22.7944292Z               unexpected_cfgs = { level = "warn", check-cfg = ['cfg(dx12)'] }
2026-09-12T10:51:22.7945110Z      [1m[94m= [0m[1mhelp[0m: or consider adding `println!("cargo::rustc-check-cfg=cfg(dx12)");` to the top of the `build.rs`
2026-09-12T10:51:22.7946176Z      [1m[94m= [0m[1mnote[0m: see <https://doc.rust-lang.org/nightly/rustc/check-cfg/cargo-specifics.html> for more information about checking conditional configuration
2026-09-12T10:51:22.7946200Z 
2026-09-12T10:51:22.7946605Z [1m[33mwarning[0m[1m: unexpected `cfg` condition name: `webgpu`[0m
2026-09-12T10:51:22.7947131Z     [1m[94m--> [0mvendor/wgpu-0.20.1/src/lib.rs:1972:21
2026-09-12T10:51:22.7947315Z      [1m[94m|[0m
2026-09-12T10:51:22.7947625Z [1m[94m1972[0m [1m[94m|[0m             if cfg!(webgpu) {
2026-09-12T10:51:22.7948235Z      [1m[94m|[0m                     [1m[33m^^^^^^[0m [1m[33mhelp: found config with similar value: `feature = "webgpu"`[0m
2026-09-12T10:51:22.7948664Z      [1m[94m|[0m
2026-09-12T10:51:22.7949025Z      [1m[94m= [0m[1mhelp[0m: consider using a Cargo feature instead
2026-09-12T10:51:22.7949619Z      [1m[94m= [0m[1mhelp[0m: or consider adding in `Cargo.toml` the `check-cfg` lint config for the lint:
2026-09-12T10:51:22.7949770Z               [lints.rust]
2026-09-12T10:51:22.7950077Z               unexpected_cfgs = { level = "warn", check-cfg = ['cfg(webgpu)'] }
2026-09-12T10:51:22.7950928Z      [1m[94m= [0m[1mhelp[0m: or consider adding `println!("cargo::rustc-check-cfg=cfg(webgpu)");` to the top of the `build.rs`
2026-09-12T10:51:22.7951965Z      [1m[94m= [0m[1mnote[0m: see <https://doc.rust-lang.org/nightly/rustc/check-cfg/cargo-specifics.html> for more information about checking conditional configuration
2026-09-12T10:51:22.7951976Z 
2026-09-12T10:51:22.7952351Z [1m[33mwarning[0m[1m: unexpected `cfg` condition name: `webgl`[0m
2026-09-12T10:51:22.7952662Z     [1m[94m--> [0mvendor/wgpu-0.20.1/src/lib.rs:1975:21
2026-09-12T10:51:22.7952842Z      [1m[94m|[0m
2026-09-12T10:51:22.7953141Z [1m[94m1975[0m [1m[94m|[0m             if cfg!(webgl) {
2026-09-12T10:51:22.7953717Z      [1m[94m|[0m                     [1m[33m^^^^^[0m [1m[33mhelp: found config with similar value: `feature = "webgl"`[0m
2026-09-12T10:51:22.7953885Z      [1m[94m|[0m
2026-09-12T10:51:22.7954237Z      [1m[94m= [0m[1mhelp[0m: consider using a Cargo feature instead
2026-09-12T10:51:22.7954796Z      [1m[94m= [0m[1mhelp[0m: or consider adding in `Cargo.toml` the `check-cfg` lint config for the lint:
2026-09-12T10:51:22.7954943Z               [lints.rust]
2026-09-12T10:51:22.7955236Z               unexpected_cfgs = { level = "warn", check-cfg = ['cfg(webgl)'] }
2026-09-12T10:51:22.7956033Z      [1m[94m= [0m[1mhelp[0m: or consider adding `println!("cargo::rustc-check-cfg=cfg(webgl)");` to the top of the `build.rs`
2026-09-12T10:51:22.7957326Z      [1m[94m= [0m[1mnote[0m: see <https://doc.rust-lang.org/nightly/rustc/check-cfg/cargo-specifics.html> for more information about checking conditional configuration
2026-09-12T10:51:22.7957339Z 
2026-09-12T10:51:22.7957739Z [1m[33mwarning[0m[1m: unexpected `cfg` condition name: `webgpu`[0m
2026-09-12T10:51:22.7958032Z     [1m[94m--> [0mvendor/wgpu-0.20.1/src/lib.rs:2012:15
2026-09-12T10:51:22.7958219Z      [1m[94m|[0m
2026-09-12T10:51:22.7958768Z [1m[94m2012[0m [1m[94m|[0m         #[cfg(webgpu)]
2026-09-12T10:51:22.7959335Z      [1m[94m|[0m               [1m[33m^^^^^^[0m [1m[33mhelp: found config with similar value: `feature = "webgpu"`[0m
2026-09-12T10:51:22.7959511Z      [1m[94m|[0m
2026-09-12T10:51:22.7959857Z      [1m[94m= [0m[1mhelp[0m: consider using a Cargo feature instead
2026-09-12T10:51:22.7960410Z      [1m[94m= [0m[1mhelp[0m: or consider adding in `Cargo.toml` the `check-cfg` lint config for the lint:
2026-09-12T10:51:22.7960566Z               [lints.rust]
2026-09-12T10:51:22.7960885Z               unexpected_cfgs = { level = "warn", check-cfg = ['cfg(webgpu)'] }
2026-09-12T10:51:22.7961694Z      [1m[94m= [0m[1mhelp[0m: or consider adding `println!("cargo::rustc-check-cfg=cfg(webgpu)");` to the top of the `build.rs`
2026-09-12T10:51:22.7962730Z      [1m[94m= [0m[1mnote[0m: see <https://doc.rust-lang.org/nightly/rustc/check-cfg/cargo-specifics.html> for more information about checking conditional configuration
2026-09-12T10:51:22.7962750Z 
2026-09-12T10:51:22.7963169Z [1m[33mwarning[0m[1m: unexpected `cfg` condition name: `wgpu_core`[0m
2026-09-12T10:51:22.7963453Z     [1m[94m--> [0mvendor/wgpu-0.20.1/src/lib.rs:2026:15
2026-09-12T10:51:22.7963630Z      [1m[94m|[0m
2026-09-12T10:51:22.7963918Z [1m[94m2026[0m [1m[94m|[0m         #[cfg(wgpu_core)]
2026-09-12T10:51:22.7964187Z      [1m[94m|[0m               [1m[33m^^^^^^^^^[0m
2026-09-12T10:51:22.7964365Z      [1m[94m|[0m
2026-09-12T10:51:22.7964720Z      [1m[94m= [0m[1mhelp[0m: consider using a Cargo feature instead
2026-09-12T10:51:22.7965537Z      [1m[94m= [0m[1mhelp[0m: or consider adding in `Cargo.toml` the `check-cfg` lint config for the lint:
2026-09-12T10:51:22.7965688Z               [lints.rust]
2026-09-12T10:51:22.7966005Z               unexpected_cfgs = { level = "warn", check-cfg = ['cfg(wgpu_core)'] }
2026-09-12T10:51:22.7997228Z      [1m[94m= [0m[1mhelp[0m: or consider adding `println!("cargo::rustc-check-cfg=cfg(wgpu_core)");` to the top of the `build.rs`
2026-09-12T10:51:22.7998468Z      [1m[94m= [0m[1mnote[0m: see <https://doc.rust-lang.org/nightly/rustc/check-cfg/cargo-specifics.html> for more information about checking conditional configuration
2026-09-12T10:51:22.7998480Z 
2026-09-12T10:51:22.7998894Z [1m[33mwarning[0m[1m: unexpected `cfg` condition name: `webgpu`[0m
2026-09-12T10:51:22.7999199Z     [1m[94m--> [0mvendor/wgpu-0.20.1/src/lib.rs:2193:23
2026-09-12T10:51:22.7999390Z      [1m[94m|[0m
2026-09-12T10:51:22.7999771Z [1m[94m2193[0m [1m[94m|[0m             #[cfg(any(webgpu, webgl))]
2026-09-12T10:51:22.8000420Z      [1m[94m|[0m                       [1m[33m^^^^^^[0m [1m[33mhelp: found config with similar value: `feature = "webgpu"`[0m
2026-09-12T10:51:22.8000612Z      [1m[94m|[0m
2026-09-12T10:51:22.8000965Z      [1m[94m= [0m[1mhelp[0m: consider using a Cargo feature instead
2026-09-12T10:51:22.8001551Z      [1m[94m= [0m[1mhelp[0m: or consider adding in `Cargo.toml` the `check-cfg` lint config for the lint:
2026-09-12T10:51:22.8001720Z               [lints.rust]
2026-09-12T10:51:22.8002044Z               unexpected_cfgs = { level = "warn", check-cfg = ['cfg(webgpu)'] }
2026-09-12T10:51:22.8002877Z      [1m[94m= [0m[1mhelp[0m: or consider adding `println!("cargo::rustc-check-cfg=cfg(webgpu)");` to the top of the `build.rs`
2026-09-12T10:51:22.8003944Z      [1m[94m= [0m[1mnote[0m: see <https://doc.rust-lang.org/nightly/rustc/check-cfg/cargo-specifics.html> for more information about checking conditional configuration
2026-09-12T10:51:22.8003957Z 
2026-09-12T10:51:22.8004370Z [1m[33mwarning[0m[1m: unexpected `cfg` condition name: `webgl`[0m
2026-09-12T10:51:22.8004688Z     [1m[94m--> [0mvendor/wgpu-0.20.1/src/lib.rs:2193:31
2026-09-12T10:51:22.8004881Z      [1m[94m|[0m
2026-09-12T10:51:22.8005249Z [1m[94m2193[0m [1m[94m|[0m             #[cfg(any(webgpu, webgl))]
2026-09-12T10:51:22.8005873Z      [1m[94m|[0m                               [1m[33m^^^^^[0m [1m[33mhelp: found config with similar value: `feature = "webgl"`[0m
2026-09-12T10:51:22.8006367Z      [1m[94m|[0m
2026-09-12T10:51:22.8006935Z      [1m[94m= [0m[1mhelp[0m: consider using a Cargo feature instead
2026-09-12T10:51:22.8007512Z      [1m[94m= [0m[1mhelp[0m: or consider adding in `Cargo.toml` the `check-cfg` lint config for the lint:
2026-09-12T10:51:22.8007673Z               [lints.rust]
2026-09-12T10:51:22.8007976Z               unexpected_cfgs = { level = "warn", check-cfg = ['cfg(webgl)'] }
2026-09-12T10:51:22.8008806Z      [1m[94m= [0m[1mhelp[0m: or consider adding `println!("cargo::rustc-check-cfg=cfg(webgl)");` to the top of the `build.rs`
2026-09-12T10:51:22.8009851Z      [1m[94m= [0m[1mnote[0m: see <https://doc.rust-lang.org/nightly/rustc/check-cfg/cargo-specifics.html> for more information about checking conditional configuration
2026-09-12T10:51:22.8009863Z 
2026-09-12T10:51:22.8010264Z [1m[33mwarning[0m[1m: unexpected `cfg` condition name: `webgpu`[0m
2026-09-12T10:51:22.8010578Z     [1m[94m--> [0mvendor/wgpu-0.20.1/src/lib.rs:2212:23
2026-09-12T10:51:22.8010759Z      [1m[94m|[0m
2026-09-12T10:51:22.8011108Z [1m[94m2212[0m [1m[94m|[0m             #[cfg(any(webgpu, webgl))]
2026-09-12T10:51:22.8011727Z      [1m[94m|[0m                       [1m[33m^^^^^^[0m [1m[33mhelp: found config with similar value: `feature = "webgpu"`[0m
2026-09-12T10:51:22.8011902Z      [1m[94m|[0m
2026-09-12T10:51:22.8012258Z      [1m[94m= [0m[1mhelp[0m: consider using a Cargo feature instead
2026-09-12T10:51:22.8013081Z      [1m[94m= [0m[1mhelp[0m: or consider adding in `Cargo.toml` the `check-cfg` lint config for the lint:
2026-09-12T10:51:22.8013241Z               [lints.rust]
2026-09-12T10:51:22.8013545Z               unexpected_cfgs = { level = "warn", check-cfg = ['cfg(webgpu)'] }
2026-09-12T10:51:22.8014468Z      [1m[94m= [0m[1mhelp[0m: or consider adding `println!("cargo::rustc-check-cfg=cfg(webgpu)");` to the top of the `build.rs`
2026-09-12T10:51:22.8015505Z      [1m[94m= [0m[1mnote[0m: see <https://doc.rust-lang.org/nightly/rustc/check-cfg/cargo-specifics.html> for more information about checking conditional configuration
2026-09-12T10:51:22.8015516Z 
2026-09-12T10:51:22.8015918Z [1m[33mwarning[0m[1m: unexpected `cfg` condition name: `webgl`[0m
2026-09-12T10:51:22.8016206Z     [1m[94m--> [0mvendor/wgpu-0.20.1/src/lib.rs:2212:31
2026-09-12T10:51:22.8016382Z      [1m[94m|[0m
2026-09-12T10:51:22.8016957Z [1m[94m2212[0m [1m[94m|[0m             #[cfg(any(webgpu, webgl))]
2026-09-12T10:51:22.8017608Z      [1m[94m|[0m                               [1m[33m^^^^^[0m [1m[33mhelp: found config with similar value: `feature = "webgl"`[0m
2026-09-12T10:51:22.8017795Z      [1m[94m|[0m
2026-09-12T10:51:22.8018139Z      [1m[94m= [0m[1mhelp[0m: consider using a Cargo feature instead
2026-09-12T10:51:22.8018717Z      [1m[94m= [0m[1mhelp[0m: or consider adding in `Cargo.toml` the `check-cfg` lint config for the lint:
2026-09-12T10:51:22.8018875Z               [lints.rust]
2026-09-12T10:51:22.8019175Z               unexpected_cfgs = { level = "warn", check-cfg = ['cfg(webgl)'] }
2026-09-12T10:51:22.8019995Z      [1m[94m= [0m[1mhelp[0m: or consider adding `println!("cargo::rustc-check-cfg=cfg(webgl)");` to the top of the `build.rs`
2026-09-12T10:51:22.8021040Z      [1m[94m= [0m[1mnote[0m: see <https://doc.rust-lang.org/nightly/rustc/check-cfg/cargo-specifics.html> for more information about checking conditional configuration
2026-09-12T10:51:22.8021052Z 
2026-09-12T10:51:22.8021470Z [1m[33mwarning[0m[1m: unexpected `cfg` condition name: `wgpu_core`[0m
2026-09-12T10:51:22.8021760Z     [1m[94m--> [0mvendor/wgpu-0.20.1/src/lib.rs:2357:11
2026-09-12T10:51:22.8021941Z      [1m[94m|[0m
2026-09-12T10:51:22.8022234Z [1m[94m2357[0m [1m[94m|[0m     #[cfg(wgpu_core)]
2026-09-12T10:51:22.8022486Z      [1m[94m|[0m           [1m[33m^^^^^^^^^[0m
2026-09-12T10:51:22.8022950Z      [1m[94m|[0m
2026-09-12T10:51:22.8023299Z      [1m[94m= [0m[1mhelp[0m: consider using a Cargo feature instead
2026-09-12T10:51:22.8023896Z      [1m[94m= [0m[1mhelp[0m: or consider adding in `Cargo.toml` the `check-cfg` lint config for the lint:
2026-09-12T10:51:22.8024050Z               [lints.rust]
2026-09-12T10:51:22.8024351Z               unexpected_cfgs = { level = "warn", check-cfg = ['cfg(wgpu_core)'] }
2026-09-12T10:51:22.8025153Z      [1m[94m= [0m[1mhelp[0m: or consider adding `println!("cargo::rustc-check-cfg=cfg(wgpu_core)");` to the top of the `build.rs`
2026-09-12T10:51:22.8026180Z      [1m[94m= [0m[1mnote[0m: see <https://doc.rust-lang.org/nightly/rustc/check-cfg/cargo-specifics.html> for more information about checking conditional configuration
2026-09-12T10:51:22.8026192Z 
2026-09-12T10:51:22.8026601Z [1m[33mwarning[0m[1m: unexpected `cfg` condition name: `wgpu_core`[0m
2026-09-12T10:51:22.8057328Z     [1m[94m--> [0mvendor/wgpu-0.20.1/src/lib.rs:2409:11
2026-09-12T10:51:22.8057602Z      [1m[94m|[0m
2026-09-12T10:51:22.8057897Z [1m[94m2409[0m [1m[94m|[0m     #[cfg(wgpu_core)]
2026-09-12T10:51:22.8058168Z      [1m[94m|[0m           [1m[33m^^^^^^^^^[0m
2026-09-12T10:51:22.8058352Z      [1m[94m|[0m
2026-09-12T10:51:22.8058699Z      [1m[94m= [0m[1mhelp[0m: consider using a Cargo feature instead
2026-09-12T10:51:22.8059293Z      [1m[94m= [0m[1mhelp[0m: or consider adding in `Cargo.toml` the `check-cfg` lint config for the lint:
2026-09-12T10:51:22.8059446Z               [lints.rust]
2026-09-12T10:51:22.8060075Z               unexpected_cfgs = { level = "warn", check-cfg = ['cfg(wgpu_core)'] }
2026-09-12T10:51:22.8060970Z      [1m[94m= [0m[1mhelp[0m: or consider adding `println!("cargo::rustc-check-cfg=cfg(wgpu_core)");` to the top of the `build.rs`
2026-09-12T10:51:22.8061970Z      [1m[94m= [0m[1mnote[0m: see <https://doc.rust-lang.org/nightly/rustc/check-cfg/cargo-specifics.html> for more information about checking conditional configuration
2026-09-12T10:51:22.8061990Z 
2026-09-12T10:51:22.8062382Z [1m[33mwarning[0m[1m: unexpected `cfg` condition name: `wgpu_core`[0m
2026-09-12T10:51:22.8062693Z     [1m[94m--> [0mvendor/wgpu-0.20.1/src/lib.rs:2766:11
2026-09-12T10:51:22.8062881Z      [1m[94m|[0m
2026-09-12T10:51:22.8063155Z [1m[94m2766[0m [1m[94m|[0m     #[cfg(wgpu_core)]
2026-09-12T10:51:22.8063409Z      [1m[94m|[0m           [1m[33m^^^^^^^^^[0m
2026-09-12T10:51:22.8063584Z      [1m[94m|[0m
2026-09-12T10:51:22.8063923Z      [1m[94m= [0m[1mhelp[0m: consider using a Cargo feature instead
2026-09-12T10:51:22.8064525Z      [1m[94m= [0m[1mhelp[0m: or consider adding in `Cargo.toml` the `check-cfg` lint config for the lint:
2026-09-12T10:51:22.8064681Z               [lints.rust]
2026-09-12T10:51:22.8065002Z               unexpected_cfgs = { level = "warn", check-cfg = ['cfg(wgpu_core)'] }
2026-09-12T10:51:22.8065858Z      [1m[94m= [0m[1mhelp[0m: or consider adding `println!("cargo::rustc-check-cfg=cfg(wgpu_core)");` to the top of the `build.rs`
2026-09-12T10:51:22.8067153Z      [1m[94m= [0m[1mnote[0m: see <https://doc.rust-lang.org/nightly/rustc/check-cfg/cargo-specifics.html> for more information about checking conditional configuration
2026-09-12T10:51:22.8067167Z 
2026-09-12T10:51:22.8067577Z [1m[33mwarning[0m[1m: unexpected `cfg` condition name: `wgpu_core`[0m
2026-09-12T10:51:22.8067885Z     [1m[94m--> [0mvendor/wgpu-0.20.1/src/lib.rs:2805:11
2026-09-12T10:51:22.8068066Z      [1m[94m|[0m
2026-09-12T10:51:22.8068332Z [1m[94m2805[0m [1m[94m|[0m     #[cfg(wgpu_core)]
2026-09-12T10:51:22.8068570Z      [1m[94m|[0m           [1m[33m^^^^^^^^^[0m
2026-09-12T10:51:22.8068737Z      [1m[94m|[0m
2026-09-12T10:51:22.8069080Z      [1m[94m= [0m[1mhelp[0m: consider using a Cargo feature instead
2026-09-12T10:51:22.8069667Z      [1m[94m= [0m[1mhelp[0m: or consider adding in `Cargo.toml` the `check-cfg` lint config for the lint:
2026-09-12T10:51:22.8069862Z               [lints.rust]
2026-09-12T10:51:22.8070509Z               unexpected_cfgs = { level = "warn", check-cfg = ['cfg(wgpu_core)'] }
2026-09-12T10:51:22.8071384Z      [1m[94m= [0m[1mhelp[0m: or consider adding `println!("cargo::rustc-check-cfg=cfg(wgpu_core)");` to the top of the `build.rs`
2026-09-12T10:51:22.8072452Z      [1m[94m= [0m[1mnote[0m: see <https://doc.rust-lang.org/nightly/rustc/check-cfg/cargo-specifics.html> for more information about checking conditional configuration
2026-09-12T10:51:22.8072463Z 
2026-09-12T10:51:22.8072864Z [1m[33mwarning[0m[1m: unexpected `cfg` condition name: `wgpu_core`[0m
2026-09-12T10:51:22.8073183Z     [1m[94m--> [0mvendor/wgpu-0.20.1/src/lib.rs:2911:11
2026-09-12T10:51:22.8073370Z      [1m[94m|[0m
2026-09-12T10:51:22.8073643Z [1m[94m2911[0m [1m[94m|[0m     #[cfg(wgpu_core)]
2026-09-12T10:51:22.8073893Z      [1m[94m|[0m           [1m[33m^^^^^^^^^[0m
2026-09-12T10:51:22.8074066Z      [1m[94m|[0m
2026-09-12T10:51:22.8074407Z      [1m[94m= [0m[1mhelp[0m: consider using a Cargo feature instead
2026-09-12T10:51:22.8074998Z      [1m[94m= [0m[1mhelp[0m: or consider adding in `Cargo.toml` the `check-cfg` lint config for the lint:
2026-09-12T10:51:22.8075135Z               [lints.rust]
2026-09-12T10:51:22.8075471Z               unexpected_cfgs = { level = "warn", check-cfg = ['cfg(wgpu_core)'] }
2026-09-12T10:51:22.8076319Z      [1m[94m= [0m[1mhelp[0m: or consider adding `println!("cargo::rustc-check-cfg=cfg(wgpu_core)");` to the top of the `build.rs`
2026-09-12T10:51:22.8077837Z      [1m[94m= [0m[1mnote[0m: see <https://doc.rust-lang.org/nightly/rustc/check-cfg/cargo-specifics.html> for more information about checking conditional configuration
2026-09-12T10:51:22.8077855Z 
2026-09-12T10:51:22.8078305Z [1m[33mwarning[0m[1m: unexpected `cfg` condition name: `wgpu_core`[0m
2026-09-12T10:51:22.8078616Z     [1m[94m--> [0mvendor/wgpu-0.20.1/src/lib.rs:2990:19
2026-09-12T10:51:22.8078803Z      [1m[94m|[0m
2026-09-12T10:51:22.8079131Z [1m[94m2990[0m [1m[94m|[0m             #[cfg(wgpu_core)]
2026-09-12T10:51:22.8079414Z      [1m[94m|[0m                   [1m[33m^^^^^^^^^[0m
2026-09-12T10:51:22.8079578Z      [1m[94m|[0m
2026-09-12T10:51:22.8079937Z      [1m[94m= [0m[1mhelp[0m: consider using a Cargo feature instead
2026-09-12T10:51:22.8080525Z      [1m[94m= [0m[1mhelp[0m: or consider adding in `Cargo.toml` the `check-cfg` lint config for the lint:
2026-09-12T10:51:22.8080666Z               [lints.rust]
2026-09-12T10:51:22.8081004Z               unexpected_cfgs = { level = "warn", check-cfg = ['cfg(wgpu_core)'] }
2026-09-12T10:51:22.8081863Z      [1m[94m= [0m[1mhelp[0m: or consider adding `println!("cargo::rustc-check-cfg=cfg(wgpu_core)");` to the top of the `build.rs`
2026-09-12T10:51:22.8082841Z      [1m[94m= [0m[1mnote[0m: see <https://doc.rust-lang.org/nightly/rustc/check-cfg/cargo-specifics.html> for more information about checking conditional configuration
2026-09-12T10:51:22.8082862Z 
2026-09-12T10:51:22.8083257Z [1m[33mwarning[0m[1m: unexpected `cfg` condition name: `webgpu`[0m
2026-09-12T10:51:22.8083558Z     [1m[94m--> [0mvendor/wgpu-0.20.1/src/lib.rs:2992:19
2026-09-12T10:51:22.8083719Z      [1m[94m|[0m
2026-09-12T10:51:22.8084022Z [1m[94m2992[0m [1m[94m|[0m             #[cfg(webgpu)]
2026-09-12T10:51:22.8084614Z      [1m[94m|[0m                   [1m[33m^^^^^^[0m [1m[33mhelp: found config with similar value: `feature = "webgpu"`[0m
2026-09-12T10:51:22.8084784Z      [1m[94m|[0m
2026-09-12T10:51:22.8085130Z      [1m[94m= [0m[1mhelp[0m: consider using a Cargo feature instead
2026-09-12T10:51:22.8085706Z      [1m[94m= [0m[1mhelp[0m: or consider adding in `Cargo.toml` the `check-cfg` lint config for the lint:
2026-09-12T10:51:22.8085854Z               [lints.rust]
2026-09-12T10:51:22.8086176Z               unexpected_cfgs = { level = "warn", check-cfg = ['cfg(webgpu)'] }
2026-09-12T10:51:22.8117378Z      [1m[94m= [0m[1mhelp[0m: or consider adding `println!("cargo::rustc-check-cfg=cfg(webgpu)");` to the top of the `build.rs`
2026-09-12T10:51:22.8118847Z      [1m[94m= [0m[1mnote[0m: see <https://doc.rust-lang.org/nightly/rustc/check-cfg/cargo-specifics.html> for more information about checking conditional configuration
2026-09-12T10:51:22.8118872Z 
2026-09-12T10:51:22.8119297Z [1m[33mwarning[0m[1m: unexpected `cfg` condition name: `webgpu`[0m
2026-09-12T10:51:22.8119627Z     [1m[94m--> [0mvendor/wgpu-0.20.1/src/lib.rs:2997:27
2026-09-12T10:51:22.8119799Z      [1m[94m|[0m
2026-09-12T10:51:22.8120224Z [1m[94m2997[0m [1m[94m|[0m             #[cfg(not(any(webgpu, wgpu_core)))]
2026-09-12T10:51:22.8120881Z      [1m[94m|[0m                           [1m[33m^^^^^^[0m [1m[33mhelp: found config with similar value: `feature = "webgpu"`[0m
2026-09-12T10:51:22.8121053Z      [1m[94m|[0m
2026-09-12T10:51:22.8121416Z      [1m[94m= [0m[1mhelp[0m: consider using a Cargo feature instead
2026-09-12T10:51:22.8122014Z      [1m[94m= [0m[1mhelp[0m: or consider adding in `Cargo.toml` the `check-cfg` lint config for the lint:
2026-09-12T10:51:22.8122169Z               [lints.rust]
2026-09-12T10:51:22.8122501Z               unexpected_cfgs = { level = "warn", check-cfg = ['cfg(webgpu)'] }
2026-09-12T10:51:22.8123369Z      [1m[94m= [0m[1mhelp[0m: or consider adding `println!("cargo::rustc-check-cfg=cfg(webgpu)");` to the top of the `build.rs`
2026-09-12T10:51:22.8124414Z      [1m[94m= [0m[1mnote[0m: see <https://doc.rust-lang.org/nightly/rustc/check-cfg/cargo-specifics.html> for more information about checking conditional configuration
2026-09-12T10:51:22.8124700Z 
2026-09-12T10:51:22.8125139Z [1m[33mwarning[0m[1m: unexpected `cfg` condition name: `wgpu_core`[0m
2026-09-12T10:51:22.8125460Z     [1m[94m--> [0mvendor/wgpu-0.20.1/src/lib.rs:2997:35
2026-09-12T10:51:22.8125632Z      [1m[94m|[0m
2026-09-12T10:51:22.8126039Z [1m[94m2997[0m [1m[94m|[0m             #[cfg(not(any(webgpu, wgpu_core)))]
2026-09-12T10:51:22.8126362Z      [1m[94m|[0m                                   [1m[33m^^^^^^^^^[0m
2026-09-12T10:51:22.8126536Z      [1m[94m|[0m
2026-09-12T10:51:22.8127111Z      [1m[94m= [0m[1mhelp[0m: consider using a Cargo feature instead
2026-09-12T10:51:22.8127710Z      [1m[94m= [0m[1mhelp[0m: or consider adding in `Cargo.toml` the `check-cfg` lint config for the lint:
2026-09-12T10:51:22.8127853Z               [lints.rust]
2026-09-12T10:51:22.8128191Z               unexpected_cfgs = { level = "warn", check-cfg = ['cfg(wgpu_core)'] }
2026-09-12T10:51:22.8129083Z      [1m[94m= [0m[1mhelp[0m: or consider adding `println!("cargo::rustc-check-cfg=cfg(wgpu_core)");` to the top of the `build.rs`
2026-09-12T10:51:22.8130133Z      [1m[94m= [0m[1mnote[0m: see <https://doc.rust-lang.org/nightly/rustc/check-cfg/cargo-specifics.html> for more information about checking conditional configuration
2026-09-12T10:51:22.8130147Z 
2026-09-12T10:51:22.8130571Z [1m[33mwarning[0m[1m: unexpected `cfg` condition name: `wgpu_core`[0m
2026-09-12T10:51:22.8130889Z     [1m[94m--> [0mvendor/wgpu-0.20.1/src/lib.rs:3006:19
2026-09-12T10:51:22.8131058Z      [1m[94m|[0m
2026-09-12T10:51:22.8131376Z [1m[94m3006[0m [1m[94m|[0m             #[cfg(wgpu_core)]
2026-09-12T10:51:22.8131648Z      [1m[94m|[0m                   [1m[33m^^^^^^^^^[0m
2026-09-12T10:51:22.8131802Z      [1m[94m|[0m
2026-09-12T10:51:22.8132163Z      [1m[94m= [0m[1mhelp[0m: consider using a Cargo feature instead
2026-09-12T10:51:22.8132753Z      [1m[94m= [0m[1mhelp[0m: or consider adding in `Cargo.toml` the `check-cfg` lint config for the lint:
2026-09-12T10:51:22.8132909Z               [lints.rust]
2026-09-12T10:51:22.8133241Z               unexpected_cfgs = { level = "warn", check-cfg = ['cfg(wgpu_core)'] }
2026-09-12T10:51:22.8134069Z      [1m[94m= [0m[1mhelp[0m: or consider adding `println!("cargo::rustc-check-cfg=cfg(wgpu_core)");` to the top of the `build.rs`
2026-09-12T10:51:22.8135118Z      [1m[94m= [0m[1mnote[0m: see <https://doc.rust-lang.org/nightly/rustc/check-cfg/cargo-specifics.html> for more information about checking conditional configuration
2026-09-12T10:51:22.8135395Z 
2026-09-12T10:51:22.8135809Z [1m[33mwarning[0m[1m: unexpected `cfg` condition name: `webgpu`[0m
2026-09-12T10:51:22.8136124Z     [1m[94m--> [0mvendor/wgpu-0.20.1/src/lib.rs:3008:19
2026-09-12T10:51:22.8136296Z      [1m[94m|[0m
2026-09-12T10:51:22.8136598Z [1m[94m3008[0m [1m[94m|[0m             #[cfg(webgpu)]
2026-09-12T10:51:22.8137436Z      [1m[94m|[0m                   [1m[33m^^^^^^[0m [1m[33mhelp: found config with similar value: `feature = "webgpu"`[0m
2026-09-12T10:51:22.8137617Z      [1m[94m|[0m
2026-09-12T10:51:22.8137973Z      [1m[94m= [0m[1mhelp[0m: consider using a Cargo feature instead
2026-09-12T10:51:22.8138576Z      [1m[94m= [0m[1mhelp[0m: or consider adding in `Cargo.toml` the `check-cfg` lint config for the lint:
2026-09-12T10:51:22.8138723Z               [lints.rust]
2026-09-12T10:51:22.8139033Z               unexpected_cfgs = { level = "warn", check-cfg = ['cfg(webgpu)'] }
2026-09-12T10:51:22.8139875Z      [1m[94m= [0m[1mhelp[0m: or consider adding `println!("cargo::rustc-check-cfg=cfg(webgpu)");` to the top of the `build.rs`
2026-09-12T10:51:22.8140912Z      [1m[94m= [0m[1mnote[0m: see <https://doc.rust-lang.org/nightly/rustc/check-cfg/cargo-specifics.html> for more information about checking conditional configuration
2026-09-12T10:51:22.8140923Z 
2026-09-12T10:51:22.8141323Z [1m[33mwarning[0m[1m: unexpected `cfg` condition name: `webgpu`[0m
2026-09-12T10:51:22.8141933Z     [1m[94m--> [0mvendor/wgpu-0.20.1/src/lib.rs:3010:27
2026-09-12T10:51:22.8142113Z      [1m[94m|[0m
2026-09-12T10:51:22.8142509Z [1m[94m3010[0m [1m[94m|[0m             #[cfg(not(any(webgpu, wgpu_core)))]
2026-09-12T10:51:22.8143239Z      [1m[94m|[0m                           [1m[33m^^^^^^[0m [1m[33mhelp: found config with similar value: `feature = "webgpu"`[0m
2026-09-12T10:51:22.8143411Z      [1m[94m|[0m
2026-09-12T10:51:22.8143775Z      [1m[94m= [0m[1mhelp[0m: consider using a Cargo feature instead
2026-09-12T10:51:22.8144355Z      [1m[94m= [0m[1mhelp[0m: or consider adding in `Cargo.toml` the `check-cfg` lint config for the lint:
2026-09-12T10:51:22.8144490Z               [lints.rust]
2026-09-12T10:51:22.8144787Z               unexpected_cfgs = { level = "warn", check-cfg = ['cfg(webgpu)'] }
2026-09-12T10:51:22.8145591Z      [1m[94m= [0m[1mhelp[0m: or consider adding `println!("cargo::rustc-check-cfg=cfg(webgpu)");` to the top of the `build.rs`
2026-09-12T10:51:22.8146612Z      [1m[94m= [0m[1mnote[0m: see <https://doc.rust-lang.org/nightly/rustc/check-cfg/cargo-specifics.html> for more information about checking conditional configuration
2026-09-12T10:51:22.8146623Z 
2026-09-12T10:51:22.8177495Z [1m[33mwarning[0m[1m: unexpected `cfg` condition name: `wgpu_core`[0m
2026-09-12T10:51:22.8177862Z     [1m[94m--> [0mvendor/wgpu-0.20.1/src/lib.rs:3010:35
2026-09-12T10:51:22.8178050Z      [1m[94m|[0m
2026-09-12T10:51:22.8178463Z [1m[94m3010[0m [1m[94m|[0m             #[cfg(not(any(webgpu, wgpu_core)))]
2026-09-12T10:51:22.8178803Z      [1m[94m|[0m                                   [1m[33m^^^^^^^^^[0m
2026-09-12T10:51:22.8178970Z      [1m[94m|[0m
2026-09-12T10:51:22.8179345Z      [1m[94m= [0m[1mhelp[0m: consider using a Cargo feature instead
2026-09-12T10:51:22.8179959Z      [1m[94m= [0m[1mhelp[0m: or consider adding in `Cargo.toml` the `check-cfg` lint config for the lint:
2026-09-12T10:51:22.8180110Z               [lints.rust]
2026-09-12T10:51:22.8180461Z               unexpected_cfgs = { level = "warn", check-cfg = ['cfg(wgpu_core)'] }
2026-09-12T10:51:22.8181325Z      [1m[94m= [0m[1mhelp[0m: or consider adding `println!("cargo::rustc-check-cfg=cfg(wgpu_core)");` to the top of the `build.rs`
2026-09-12T10:51:22.8182367Z      [1m[94m= [0m[1mnote[0m: see <https://doc.rust-lang.org/nightly/rustc/check-cfg/cargo-specifics.html> for more information about checking conditional configuration
2026-09-12T10:51:22.8182691Z 
2026-09-12T10:51:22.8183137Z [1m[33mwarning[0m[1m: unexpected `cfg` condition name: `wgpu_core`[0m
2026-09-12T10:51:22.8183457Z     [1m[94m--> [0mvendor/wgpu-0.20.1/src/lib.rs:3050:19
2026-09-12T10:51:22.8183631Z      [1m[94m|[0m
2026-09-12T10:51:22.8183956Z [1m[94m3050[0m [1m[94m|[0m             #[cfg(wgpu_core)]
2026-09-12T10:51:22.8184249Z      [1m[94m|[0m                   [1m[33m^^^^^^^^^[0m
2026-09-12T10:51:22.8184421Z      [1m[94m|[0m
2026-09-12T10:51:22.8184787Z      [1m[94m= [0m[1mhelp[0m: consider using a Cargo feature instead
2026-09-12T10:51:22.8185372Z      [1m[94m= [0m[1mhelp[0m: or consider adding in `Cargo.toml` the `check-cfg` lint config for the lint:
2026-09-12T10:51:22.8185533Z               [lints.rust]
2026-09-12T10:51:22.8185871Z               unexpected_cfgs = { level = "warn", check-cfg = ['cfg(wgpu_core)'] }
2026-09-12T10:51:22.8186932Z      [1m[94m= [0m[1mhelp[0m: or consider adding `println!("cargo::rustc-check-cfg=cfg(wgpu_core)");` to the top of the `build.rs`
2026-09-12T10:51:22.8187959Z      [1m[94m= [0m[1mnote[0m: see <https://doc.rust-lang.org/nightly/rustc/check-cfg/cargo-specifics.html> for more information about checking conditional configuration
2026-09-12T10:51:22.8187970Z 
2026-09-12T10:51:22.8188384Z [1m[33mwarning[0m[1m: unexpected `cfg` condition name: `wgpu_core`[0m
2026-09-12T10:51:22.8188686Z     [1m[94m--> [0mvendor/wgpu-0.20.1/src/lib.rs:3061:19
2026-09-12T10:51:22.8188855Z      [1m[94m|[0m
2026-09-12T10:51:22.8189411Z [1m[94m3061[0m [1m[94m|[0m             #[cfg(wgpu_core)]
2026-09-12T10:51:22.8189699Z      [1m[94m|[0m                   [1m[33m^^^^^^^^^[0m
2026-09-12T10:51:22.8189883Z      [1m[94m|[0m
2026-09-12T10:51:22.8190235Z      [1m[94m= [0m[1mhelp[0m: consider using a Cargo feature instead
2026-09-12T10:51:22.8190814Z      [1m[94m= [0m[1mhelp[0m: or consider adding in `Cargo.toml` the `check-cfg` lint config for the lint:
2026-09-12T10:51:22.8190973Z               [lints.rust]
2026-09-12T10:51:22.8191293Z               unexpected_cfgs = { level = "warn", check-cfg = ['cfg(wgpu_core)'] }
2026-09-12T10:51:22.8192115Z      [1m[94m= [0m[1mhelp[0m: or consider adding `println!("cargo::rustc-check-cfg=cfg(wgpu_core)");` to the top of the `build.rs`
2026-09-12T10:51:22.8193148Z      [1m[94m= [0m[1mnote[0m: see <https://doc.rust-lang.org/nightly/rustc/check-cfg/cargo-specifics.html> for more information about checking conditional configuration
2026-09-12T10:51:22.8193161Z 
2026-09-12T10:51:22.8193579Z [1m[33mwarning[0m[1m: unexpected `cfg` condition name: `webgpu`[0m
2026-09-12T10:51:22.8193879Z     [1m[94m--> [0mvendor/wgpu-0.20.1/src/lib.rs:3333:11
2026-09-12T10:51:22.8194049Z      [1m[94m|[0m
2026-09-12T10:51:22.8194301Z [1m[94m3333[0m [1m[94m|[0m     #[cfg(webgpu)]
2026-09-12T10:51:22.8194860Z      [1m[94m|[0m           [1m[33m^^^^^^[0m [1m[33mhelp: found config with similar value: `feature = "webgpu"`[0m
2026-09-12T10:51:22.8195051Z      [1m[94m|[0m
2026-09-12T10:51:22.8195397Z      [1m[94m= [0m[1mhelp[0m: consider using a Cargo feature instead
2026-09-12T10:51:22.8195954Z      [1m[94m= [0m[1mhelp[0m: or consider adding in `Cargo.toml` the `check-cfg` lint config for the lint:
2026-09-12T10:51:22.8196115Z               [lints.rust]
2026-09-12T10:51:22.8196438Z               unexpected_cfgs = { level = "warn", check-cfg = ['cfg(webgpu)'] }
2026-09-12T10:51:22.8197502Z      [1m[94m= [0m[1mhelp[0m: or consider adding `println!("cargo::rustc-check-cfg=cfg(webgpu)");` to the top of the `build.rs`
2026-09-12T10:51:22.8198543Z      [1m[94m= [0m[1mnote[0m: see <https://doc.rust-lang.org/nightly/rustc/check-cfg/cargo-specifics.html> for more information about checking conditional configuration
2026-09-12T10:51:22.8198554Z 
2026-09-12T10:51:22.8198967Z [1m[33mwarning[0m[1m: unexpected `cfg` condition name: `wgpu_core`[0m
2026-09-12T10:51:22.8199259Z     [1m[94m--> [0mvendor/wgpu-0.20.1/src/lib.rs:3379:11
2026-09-12T10:51:22.8199716Z      [1m[94m|[0m
2026-09-12T10:51:22.8199992Z [1m[94m3379[0m [1m[94m|[0m     #[cfg(wgpu_core)]
2026-09-12T10:51:22.8200233Z      [1m[94m|[0m           [1m[33m^^^^^^^^^[0m
2026-09-12T10:51:22.8200436Z      [1m[94m|[0m
2026-09-12T10:51:22.8200772Z      [1m[94m= [0m[1mhelp[0m: consider using a Cargo feature instead
2026-09-12T10:51:22.8201354Z      [1m[94m= [0m[1mhelp[0m: or consider adding in `Cargo.toml` the `check-cfg` lint config for the lint:
2026-09-12T10:51:22.8201500Z               [lints.rust]
2026-09-12T10:51:22.8201822Z               unexpected_cfgs = { level = "warn", check-cfg = ['cfg(wgpu_core)'] }
2026-09-12T10:51:22.8202657Z      [1m[94m= [0m[1mhelp[0m: or consider adding `println!("cargo::rustc-check-cfg=cfg(wgpu_core)");` to the top of the `build.rs`
2026-09-12T10:51:22.8203674Z      [1m[94m= [0m[1mnote[0m: see <https://doc.rust-lang.org/nightly/rustc/check-cfg/cargo-specifics.html> for more information about checking conditional configuration
2026-09-12T10:51:22.8203696Z 
2026-09-12T10:51:22.8204088Z [1m[33mwarning[0m[1m: unexpected `cfg` condition name: `wgpu_core`[0m
2026-09-12T10:51:22.8204381Z     [1m[94m--> [0mvendor/wgpu-0.20.1/src/lib.rs:3744:11
2026-09-12T10:51:22.8204557Z      [1m[94m|[0m
2026-09-12T10:51:22.8204830Z [1m[94m3744[0m [1m[94m|[0m     #[cfg(wgpu_core)]
2026-09-12T10:51:22.8205083Z      [1m[94m|[0m           [1m[33m^^^^^^^^^[0m
2026-09-12T10:51:22.8205257Z      [1m[94m|[0m
2026-09-12T10:51:22.8205859Z      [1m[94m= [0m[1mhelp[0m: consider using a Cargo feature instead
2026-09-12T10:51:22.8206450Z      [1m[94m= [0m[1mhelp[0m: or consider adding in `Cargo.toml` the `check-cfg` lint config for the lint:
2026-09-12T10:51:22.8206594Z               [lints.rust]
2026-09-12T10:51:22.8237311Z               unexpected_cfgs = { level = "warn", check-cfg = ['cfg(wgpu_core)'] }
2026-09-12T10:51:22.8238301Z      [1m[94m= [0m[1mhelp[0m: or consider adding `println!("cargo::rustc-check-cfg=cfg(wgpu_core)");` to the top of the `build.rs`
2026-09-12T10:51:22.8239388Z      [1m[94m= [0m[1mnote[0m: see <https://doc.rust-lang.org/nightly/rustc/check-cfg/cargo-specifics.html> for more information about checking conditional configuration
2026-09-12T10:51:22.8239399Z 
2026-09-12T10:51:22.8239799Z [1m[33mwarning[0m[1m: unexpected `cfg` condition name: `webgpu`[0m
2026-09-12T10:51:22.8240116Z     [1m[94m--> [0mvendor/wgpu-0.20.1/src/lib.rs:4949:15
2026-09-12T10:51:22.8240299Z      [1m[94m|[0m
2026-09-12T10:51:22.8240621Z [1m[94m4949[0m [1m[94m|[0m     #[cfg(any(webgpu, webgl))]
2026-09-12T10:51:22.8241222Z      [1m[94m|[0m               [1m[33m^^^^^^[0m [1m[33mhelp: found config with similar value: `feature = "webgpu"`[0m
2026-09-12T10:51:22.8241403Z      [1m[94m|[0m
2026-09-12T10:51:22.8241750Z      [1m[94m= [0m[1mhelp[0m: consider using a Cargo feature instead
2026-09-12T10:51:22.8242343Z      [1m[94m= [0m[1mhelp[0m: or consider adding in `Cargo.toml` the `check-cfg` lint config for the lint:
2026-09-12T10:51:22.8242508Z               [lints.rust]
2026-09-12T10:51:22.8242822Z               unexpected_cfgs = { level = "warn", check-cfg = ['cfg(webgpu)'] }
2026-09-12T10:51:22.8243748Z      [1m[94m= [0m[1mhelp[0m: or consider adding `println!("cargo::rustc-check-cfg=cfg(webgpu)");` to the top of the `build.rs`
2026-09-12T10:51:22.8244801Z      [1m[94m= [0m[1mnote[0m: see <https://doc.rust-lang.org/nightly/rustc/check-cfg/cargo-specifics.html> for more information about checking conditional configuration
2026-09-12T10:51:22.8244824Z 
2026-09-12T10:51:22.8245227Z [1m[33mwarning[0m[1m: unexpected `cfg` condition name: `webgl`[0m
2026-09-12T10:51:22.8245539Z     [1m[94m--> [0mvendor/wgpu-0.20.1/src/lib.rs:4949:23
2026-09-12T10:51:22.8245712Z      [1m[94m|[0m
2026-09-12T10:51:22.8246038Z [1m[94m4949[0m [1m[94m|[0m     #[cfg(any(webgpu, webgl))]
2026-09-12T10:51:22.8246649Z      [1m[94m|[0m                       [1m[33m^^^^^[0m [1m[33mhelp: found config with similar value: `feature = "webgl"`[0m
2026-09-12T10:51:22.8247380Z      [1m[94m|[0m
2026-09-12T10:51:22.8247732Z      [1m[94m= [0m[1mhelp[0m: consider using a Cargo feature instead
2026-09-12T10:51:22.8248329Z      [1m[94m= [0m[1mhelp[0m: or consider adding in `Cargo.toml` the `check-cfg` lint config for the lint:
2026-09-12T10:51:22.8248474Z               [lints.rust]
2026-09-12T10:51:22.8248772Z               unexpected_cfgs = { level = "warn", check-cfg = ['cfg(webgl)'] }
2026-09-12T10:51:22.8249606Z      [1m[94m= [0m[1mhelp[0m: or consider adding `println!("cargo::rustc-check-cfg=cfg(webgl)");` to the top of the `build.rs`
2026-09-12T10:51:22.8250672Z      [1m[94m= [0m[1mnote[0m: see <https://doc.rust-lang.org/nightly/rustc/check-cfg/cargo-specifics.html> for more information about checking conditional configuration
2026-09-12T10:51:22.8250682Z 
2026-09-12T10:51:22.8251090Z [1m[33mwarning[0m[1m: unexpected `cfg` condition name: `wgpu_core`[0m
2026-09-12T10:51:22.8251393Z     [1m[94m--> [0mvendor/wgpu-0.20.1/src/lib.rs:5175:11
2026-09-12T10:51:22.8251562Z      [1m[94m|[0m
2026-09-12T10:51:22.8251829Z [1m[94m5175[0m [1m[94m|[0m     #[cfg(wgpu_core)]
2026-09-12T10:51:22.8252079Z      [1m[94m|[0m           [1m[33m^^^^^^^^^[0m
2026-09-12T10:51:22.8252246Z      [1m[94m|[0m
2026-09-12T10:51:22.8252606Z      [1m[94m= [0m[1mhelp[0m: consider using a Cargo feature instead
2026-09-12T10:51:22.8253185Z      [1m[94m= [0m[1mhelp[0m: or consider adding in `Cargo.toml` the `check-cfg` lint config for the lint:
2026-09-12T10:51:22.8253582Z               [lints.rust]
2026-09-12T10:51:22.8253921Z               unexpected_cfgs = { level = "warn", check-cfg = ['cfg(wgpu_core)'] }
2026-09-12T10:51:22.8254762Z      [1m[94m= [0m[1mhelp[0m: or consider adding `println!("cargo::rustc-check-cfg=cfg(wgpu_core)");` to the top of the `build.rs`
2026-09-12T10:51:22.8255783Z      [1m[94m= [0m[1mnote[0m: see <https://doc.rust-lang.org/nightly/rustc/check-cfg/cargo-specifics.html> for more information about checking conditional configuration
2026-09-12T10:51:22.8255812Z 
2026-09-12T10:51:22.8256216Z [1m[33mwarning[0m[1m: unexpected `cfg` condition name: `wgpu_core`[0m
2026-09-12T10:51:22.8256507Z     [1m[94m--> [0mvendor/wgpu-0.20.1/src/lib.rs:5326:11
2026-09-12T10:51:22.8256674Z      [1m[94m|[0m
2026-09-12T10:51:22.8257177Z [1m[94m5326[0m [1m[94m|[0m     #[cfg(wgpu_core)]
2026-09-12T10:51:22.8257430Z      [1m[94m|[0m           [1m[33m^^^^^^^^^[0m
2026-09-12T10:51:22.8257595Z      [1m[94m|[0m
2026-09-12T10:51:22.8257957Z      [1m[94m= [0m[1mhelp[0m: consider using a Cargo feature instead
2026-09-12T10:51:22.8258540Z      [1m[94m= [0m[1mhelp[0m: or consider adding in `Cargo.toml` the `check-cfg` lint config for the lint:
2026-09-12T10:51:22.8258683Z               [lints.rust]
2026-09-12T10:51:22.8259004Z               unexpected_cfgs = { level = "warn", check-cfg = ['cfg(wgpu_core)'] }
2026-09-12T10:51:22.8259821Z      [1m[94m= [0m[1mhelp[0m: or consider adding `println!("cargo::rustc-check-cfg=cfg(wgpu_core)");` to the top of the `build.rs`
2026-09-12T10:51:22.8260832Z      [1m[94m= [0m[1mnote[0m: see <https://doc.rust-lang.org/nightly/rustc/check-cfg/cargo-specifics.html> for more information about checking conditional configuration
2026-09-12T10:51:22.8260843Z 
2026-09-12T10:51:22.8261240Z [1m[33mwarning[0m[1m: unexpected `cfg` condition name: `webgpu`[0m
2026-09-12T10:51:22.8261535Z     [1m[94m--> [0mvendor/wgpu-0.20.1/src/lib.rs:5385:11
2026-09-12T10:51:22.8261708Z      [1m[94m|[0m
2026-09-12T10:51:22.8261967Z [1m[94m5385[0m [1m[94m|[0m     #[cfg(webgpu)]
2026-09-12T10:51:22.8262542Z      [1m[94m|[0m           [1m[33m^^^^^^[0m [1m[33mhelp: found config with similar value: `feature = "webgpu"`[0m
2026-09-12T10:51:22.8262706Z      [1m[94m|[0m
2026-09-12T10:51:22.8263043Z      [1m[94m= [0m[1mhelp[0m: consider using a Cargo feature instead
2026-09-12T10:51:22.8263877Z      [1m[94m= [0m[1mhelp[0m: or consider adding in `Cargo.toml` the `check-cfg` lint config for the lint:
2026-09-12T10:51:22.8264018Z               [lints.rust]
2026-09-12T10:51:22.8264326Z               unexpected_cfgs = { level = "warn", check-cfg = ['cfg(webgpu)'] }
2026-09-12T10:51:22.8265137Z      [1m[94m= [0m[1mhelp[0m: or consider adding `println!("cargo::rustc-check-cfg=cfg(webgpu)");` to the top of the `build.rs`
2026-09-12T10:51:22.8266184Z      [1m[94m= [0m[1mnote[0m: see <https://doc.rust-lang.org/nightly/rustc/check-cfg/cargo-specifics.html> for more information about checking conditional configuration
2026-09-12T10:51:22.8266195Z 
2026-09-12T10:51:22.9643006Z [1m[92m    Checking[0m statrs v0.16.1
2026-09-12T10:51:23.4548369Z [1m[92m    Checking[0m futures v0.3.34
2026-09-12T10:51:23.6800762Z [1m[33mwarning[0m[1m: field `0` is never read[0m
2026-09-12T10:51:23.6804425Z    [1m[94m--> [0mvendor/wgpu-0.20.1/src/lib.rs:189:28
2026-09-12T10:51:23.6805217Z     [1m[94m|[0m
2026-09-12T10:51:23.6806181Z [1m[94m189[0m [1m[94m|[0m pub struct SubmissionIndex(ObjectId, Arc<crate::Data>);
2026-09-12T10:51:23.6807697Z     [1m[94m|[0m            [1m[94m---------------[0m [1m[33m^^^^^^^^[0m
2026-09-12T10:51:23.6808420Z     [1m[94m|[0m            [1m[94m|[0m
2026-09-12T10:51:23.6809027Z     [1m[94m|[0m            [1m[94mfield in this struct[0m
2026-09-12T10:51:23.6809573Z     [1m[94m|[0m
2026-09-12T10:51:23.6811083Z     [1m[94m= [0m[1mnote[0m: `SubmissionIndex` has derived impls for the traits `Clone` and `Debug`, but these are intentionally ignored during dead code analysis
2026-09-12T10:51:23.6812478Z     [1m[94m= [0m[1mnote[0m: `#[warn(dead_code)]` (part of `#[warn(unused)]`) on by default
2026-09-12T10:51:23.6813884Z [1m[96mhelp[0m: consider changing the field to be of unit type to suppress this warning while preserving the field numbering, or remove the field
2026-09-12T10:51:23.6814912Z     [1m[94m|[0m
2026-09-12T10:51:23.6815749Z [1m[94m189[0m [91m- [0mpub struct SubmissionIndex([91mObjectId[0m, Arc<crate::Data>);
2026-09-12T10:51:23.6817012Z [1m[94m189[0m [92m+ [0mpub struct SubmissionIndex([92m()[0m, Arc<crate::Data>);
2026-09-12T10:51:23.6817697Z     [1m[94m|[0m
2026-09-12T10:51:23.6817901Z 
2026-09-12T10:51:23.6819903Z [1m[33mwarning[0m[1m: methods `device_downlevel_properties`, `device_mark_lost`, `render_bundle_encoder_multi_draw_indirect`, `render_bundle_encoder_multi_draw_indexed_indirect`, `render_bundle_encoder_multi_draw_indirect_count`, and `render_bundle_encoder_multi_draw_indexed_indirect_count` are never used[0m
2026-09-12T10:51:23.6822100Z    [1m[94m--> [0mvendor/wgpu-0.20.1/src/context.rs:186:8
2026-09-12T10:51:23.6822635Z     [1m[94m|[0m
2026-09-12T10:51:23.6823240Z [1m[94m 33[0m [1m[94m|[0m pub trait Context: Debug + WasmNotSendSync + Sized {
2026-09-12T10:51:23.6824070Z     [1m[94m|[0m           [1m[94m-------[0m [1m[94mmethods in this trait[0m
2026-09-12T10:51:23.6824664Z [1m[94m...[0m
2026-09-12T10:51:23.6825186Z [1m[94m186[0m [1m[94m|[0m     fn device_downlevel_properties(
2026-09-12T10:51:23.6825883Z     [1m[94m|[0m        [1m[33m^^^^^^^^^^^^^^^^^^^^^^^^^^^[0m
2026-09-12T10:51:23.6826404Z [1m[94m...[0m
2026-09-12T10:51:23.6827042Z [1m[94m280[0m [1m[94m|[0m     fn device_mark_lost(
2026-09-12T10:51:23.6827643Z     [1m[94m|[0m        [1m[33m^^^^^^^^^^^^^^^^[0m
2026-09-12T10:51:23.6828126Z [1m[94m...[0m
2026-09-12T10:51:23.6828691Z [1m[94m764[0m [1m[94m|[0m     fn render_bundle_encoder_multi_draw_indirect(
2026-09-12T10:51:23.6829484Z     [1m[94m|[0m        [1m[33m^^^^^^^^^^^^^^^^^^^^^^^^^^^^^^^^^^^^^^^^^[0m
2026-09-12T10:51:23.6830043Z [1m[94m...[0m
2026-09-12T10:51:23.6830651Z [1m[94m773[0m [1m[94m|[0m     fn render_bundle_encoder_multi_draw_indexed_indirect(
2026-09-12T10:51:23.6831513Z     [1m[94m|[0m        [1m[33m^^^^^^^^^^^^^^^^^^^^^^^^^^^^^^^^^^^^^^^^^^^^^^^^^[0m
2026-09-12T10:51:23.6832422Z [1m[94m...[0m
2026-09-12T10:51:23.6833027Z [1m[94m783[0m [1m[94m|[0m     fn render_bundle_encoder_multi_draw_indirect_count(
2026-09-12T10:51:23.6833839Z     [1m[94m|[0m        [1m[33m^^^^^^^^^^^^^^^^^^^^^^^^^^^^^^^^^^^^^^^^^^^^^^^[0m
2026-09-12T10:51:23.6834411Z [1m[94m...[0m
2026-09-12T10:51:23.6835062Z [1m[94m796[0m [1m[94m|[0m     fn render_bundle_encoder_multi_draw_indexed_indirect_count(
2026-09-12T10:51:23.6835948Z     [1m[94m|[0m        [1m[33m^^^^^^^^^^^^^^^^^^^^^^^^^^^^^^^^^^^^^^^^^^^^^^^^^^^^^^^[0m
2026-09-12T10:51:23.6836381Z 
2026-09-12T10:51:23.6838544Z [1m[33mwarning[0m[1m: methods `device_downlevel_properties`, `device_mark_lost`, `render_bundle_encoder_multi_draw_indirect`, `render_bundle_encoder_multi_draw_indexed_indirect`, `render_bundle_encoder_multi_draw_indirect_count`, and `render_bundle_encoder_multi_draw_indexed_indirect_count` are never used[0m
2026-09-12T10:51:23.6840705Z     [1m[94m--> [0mvendor/wgpu-0.20.1/src/context.rs:1214:8
2026-09-12T10:51:23.6841248Z      [1m[94m|[0m
2026-09-12T10:51:23.6841873Z [1m[94m1136[0m [1m[94m|[0m pub(crate) trait DynContext: Debug + WasmNotSendSync {
2026-09-12T10:51:23.6842767Z      [1m[94m|[0m                  [1m[94m----------[0m [1m[94mmethods in this trait[0m
2026-09-12T10:51:23.6843383Z [1m[94m...[0m
2026-09-12T10:51:23.6843910Z [1m[94m1214[0m [1m[94m|[0m     fn device_downlevel_properties(
2026-09-12T10:51:23.6844615Z      [1m[94m|[0m        [1m[33m^^^^^^^^^^^^^^^^^^^^^^^^^^^[0m
2026-09-12T10:51:23.6845125Z [1m[94m...[0m
2026-09-12T10:51:23.6846315Z [1m[94m1308[0m [1m[94m|[0m     fn device_mark_lost(&self, device: &ObjectId, device_data: &crate::Data, message: &str);
2026-09-12T10:51:23.6847441Z      [1m[94m|[0m        [1m[33m^^^^^^^^^^^^^^^^[0m
2026-09-12T10:51:23.6847940Z [1m[94m...[0m
2026-09-12T10:51:23.6848516Z [1m[94m1738[0m [1m[94m|[0m     fn render_bundle_encoder_multi_draw_indirect(
2026-09-12T10:51:23.6849299Z      [1m[94m|[0m        [1m[33m^^^^^^^^^^^^^^^^^^^^^^^^^^^^^^^^^^^^^^^^^[0m
2026-09-12T10:51:23.6849862Z [1m[94m...[0m
2026-09-12T10:51:23.6850471Z [1m[94m1747[0m [1m[94m|[0m     fn render_bundle_encoder_multi_draw_indexed_indirect(
2026-09-12T10:51:23.6851318Z      [1m[94m|[0m        [1m[33m^^^^^^^^^^^^^^^^^^^^^^^^^^^^^^^^^^^^^^^^^^^^^^^^^[0m
2026-09-12T10:51:23.6851883Z [1m[94m...[0m
2026-09-12T10:51:23.6852467Z [1m[94m1757[0m [1m[94m|[0m     fn render_bundle_encoder_multi_draw_indirect_count(
2026-09-12T10:51:23.6853371Z      [1m[94m|[0m        [1m[33m^^^^^^^^^^^^^^^^^^^^^^^^^^^^^^^^^^^^^^^^^^^^^^^[0m
2026-09-12T10:51:23.6853939Z [1m[94m...[0m
2026-09-12T10:51:23.6854599Z [1m[94m1770[0m [1m[94m|[0m     fn render_bundle_encoder_multi_draw_indexed_indirect_count(
2026-09-12T10:51:23.6855481Z      [1m[94m|[0m        [1m[33m^^^^^^^^^^^^^^^^^^^^^^^^^^^^^^^^^^^^^^^^^^^^^^^^^^^^^^^[0m
2026-09-12T10:51:23.6855913Z 
2026-09-12T10:51:23.6856188Z [1m[33mwarning[0m[1m: field `0` is never read[0m
2026-09-12T10:51:23.6856979Z   [1m[94m--> [0mvendor/wgpu-0.20.1/src/util/mod.rs:86:5
2026-09-12T10:51:23.6857500Z    [1m[94m|[0m
2026-09-12T10:51:23.6857973Z [1m[94m85[0m [1m[94m|[0m pub struct DownloadBuffer(
2026-09-12T10:51:23.6858719Z    [1m[94m|[0m            [1m[94m--------------[0m [1m[94mfield in this struct[0m
2026-09-12T10:51:23.6859511Z [1m[94m86[0m [1m[94m|[0m     Arc<super::Buffer>,
2026-09-12T10:51:23.6860085Z    [1m[94m|[0m     [1m[33m^^^^^^^^^^^^^^^^^^[0m
2026-09-12T10:51:23.6860565Z    [1m[94m|[0m
2026-09-12T10:51:23.6861637Z [1m[96mhelp[0m: consider changing the field to be of unit type to suppress this warning while preserving the field numbering, or remove the field
2026-09-12T10:51:23.6862659Z    [1m[94m|[0m
2026-09-12T10:51:23.6863186Z [1m[94m86[0m [91m- [0m    [91mArc<super::Buffer>[0m,
2026-09-12T10:51:23.6863760Z [1m[94m86[0m [92m+ [0m    [92m()[0m,
2026-09-12T10:51:23.6864206Z    [1m[94m|[0m
2026-09-12T10:51:23.6864624Z 
2026-09-12T10:51:23.7406652Z [1m[33mwarning[0m: `wgpu` (lib) generated 161 warnings
2026-09-12T10:51:23.7408607Z [1m[92m    Checking[0m st-backend-wgpu v0.1.0 (/home/runner/work/SpiralTorch/SpiralTorch/crates/st-backend-wgpu)
2026-09-12T10:51:32.5462452Z [1m[92m    Checking[0m st-tensor v0.1.0 (/home/runner/work/SpiralTorch/SpiralTorch/crates/st-tensor)
2026-09-12T10:51:43.9489732Z [1m[92m    Checking[0m st-logic v0.4.0 (/home/runner/work/SpiralTorch/SpiralTorch/crates/st-logic)
2026-09-12T10:51:44.2158990Z [1m[92m    Checking[0m st-text v0.1.0 (/home/runner/work/SpiralTorch/SpiralTorch/crates/st-text)
2026-09-12T10:51:44.3514900Z [1m[92m    Checking[0m st-nn v0.1.0 (/home/runner/work/SpiralTorch/SpiralTorch/crates/st-nn)
2026-09-12T10:51:48.0168317Z [1m[92m    Checking[0m st-bench v0.1.0 (/home/runner/work/SpiralTorch/SpiralTorch/crates/st-bench)
2026-09-12T10:51:48.2074281Z [1m[92m    Finished[0m `dev` profile [unoptimized + debuginfo] target(s) in 32.09s
2026-09-12T10:51:48.2402054Z ##[group]Run python -P - <<'PY'
2026-09-12T10:51:48.2402444Z [36;1mpython -P - <<'PY'[0m
2026-09-12T10:51:48.2402765Z [36;1mfrom pathlib import Path, PurePosixPath[0m
2026-09-12T10:51:48.2403098Z [36;1mfrom zipfile import ZipFile[0m
2026-09-12T10:51:48.2403366Z [36;1m[0m
2026-09-12T10:51:48.2403672Z [36;1mwheels = list(Path("target/wheels").glob("spiraltorch-*.whl"))[0m
2026-09-12T10:51:48.2404062Z [36;1mif len(wheels) != 1:[0m
2026-09-12T10:51:48.2404482Z [36;1m    raise RuntimeError(f"expected exactly one SpiralTorch wheel, found {wheels!r}")[0m
2026-09-12T10:51:48.2404917Z [36;1m[0m
2026-09-12T10:51:48.2405137Z [36;1mwith ZipFile(wheels[0]) as archive:[0m
2026-09-12T10:51:48.2405432Z [36;1m    cache_entries = [[0m
2026-09-12T10:51:48.2405679Z [36;1m        name[0m
2026-09-12T10:51:48.2405937Z [36;1m        for name in archive.namelist()[0m
2026-09-12T10:51:48.2406283Z [36;1m        if "__pycache__" in PurePosixPath(name).parts[0m
2026-09-12T10:51:48.2406677Z [36;1m        or name.endswith((".pyc", ".pyo"))[0m
2026-09-12T10:51:48.2407236Z [36;1m    ][0m
2026-09-12T10:51:48.2407447Z [36;1mif cache_entries:[0m
2026-09-12T10:51:48.2407844Z [36;1m    raise RuntimeError(f"wheel contains Python cache files: {cache_entries!r}")[0m
2026-09-12T10:51:48.2408275Z [36;1mprint("wheel archive ok")[0m
2026-09-12T10:51:48.2408529Z [36;1mPY[0m
2026-09-12T10:51:48.2446951Z shell: /usr/bin/bash -e {0}
2026-09-12T10:51:48.2447224Z env:
2026-09-12T10:51:48.2447512Z   pythonLocation: /opt/hostedtoolcache/Python/3.12.14/x64
2026-09-12T10:51:48.2447964Z   PKG_CONFIG_PATH: /opt/hostedtoolcache/Python/3.12.14/x64/lib/pkgconfig
2026-09-12T10:51:48.2448398Z   Python_ROOT_DIR: /opt/hostedtoolcache/Python/3.12.14/x64
2026-09-12T10:51:48.2448781Z   Python2_ROOT_DIR: /opt/hostedtoolcache/Python/3.12.14/x64
2026-09-12T10:51:48.2449172Z   Python3_ROOT_DIR: /opt/hostedtoolcache/Python/3.12.14/x64
2026-09-12T10:51:48.2449566Z   LD_LIBRARY_PATH: /opt/hostedtoolcache/Python/3.12.14/x64/lib
2026-09-12T10:51:48.2449918Z   CARGO_HOME: /home/runner/.cargo
2026-09-12T10:51:48.2450177Z   CARGO_INCREMENTAL: 0
2026-09-12T10:51:48.2450413Z   CARGO_TERM_COLOR: always
2026-09-12T10:51:48.2450649Z   CACHE_ON_FAILURE: false
2026-09-12T10:51:48.2450882Z ##[endgroup]
2026-09-12T10:51:48.2830095Z wheel archive ok
2026-09-12T10:51:48.2920800Z ##[group]Run python -m pip install --force-reinstall --no-cache-dir target/wheels/spiraltorch-*.whl
2026-09-12T10:51:48.2921548Z [36;1mpython -m pip install --force-reinstall --no-cache-dir target/wheels/spiraltorch-*.whl[0m
2026-09-12T10:51:48.2959403Z shell: /usr/bin/bash -e {0}
2026-09-12T10:51:48.2959672Z env:
2026-09-12T10:51:48.2959963Z   pythonLocation: /opt/hostedtoolcache/Python/3.12.14/x64
2026-09-12T10:51:48.2960411Z   PKG_CONFIG_PATH: /opt/hostedtoolcache/Python/3.12.14/x64/lib/pkgconfig
2026-09-12T10:51:48.2960847Z   Python_ROOT_DIR: /opt/hostedtoolcache/Python/3.12.14/x64
2026-09-12T10:51:48.2961233Z   Python2_ROOT_DIR: /opt/hostedtoolcache/Python/3.12.14/x64
2026-09-12T10:51:48.2961818Z   Python3_ROOT_DIR: /opt/hostedtoolcache/Python/3.12.14/x64
2026-09-12T10:51:48.2962201Z   LD_LIBRARY_PATH: /opt/hostedtoolcache/Python/3.12.14/x64/lib
2026-09-12T10:51:48.2962543Z   CARGO_HOME: /home/runner/.cargo
2026-09-12T10:51:48.2962802Z   CARGO_INCREMENTAL: 0
2026-09-12T10:51:48.2963065Z   CARGO_TERM_COLOR: always
2026-09-12T10:51:48.2963312Z   CACHE_ON_FAILURE: false
2026-09-12T10:51:48.2963554Z ##[endgroup]
2026-09-12T10:51:48.7346427Z Processing ./target/wheels/spiraltorch-0.4.27-cp38-abi3-manylinux_2_39_x86_64.whl
2026-09-12T10:51:48.7924631Z Installing collected packages: spiraltorch
2026-09-12T10:51:50.0028931Z Successfully installed spiraltorch-0.4.27
2026-09-12T10:51:50.0539314Z ##[group]Run python -P - <<'PY'
2026-09-12T10:51:50.0539716Z [36;1mpython -P - <<'PY'[0m
2026-09-12T10:51:50.0539985Z [36;1mimport importlib[0m
2026-09-12T10:51:50.0540230Z [36;1mimport inspect[0m
2026-09-12T10:51:50.0540468Z [36;1mimport pathlib[0m
2026-09-12T10:51:50.0540687Z [36;1m[0m
2026-09-12T10:51:50.0540908Z [36;1mimport spiral[0m
2026-09-12T10:51:50.0541147Z [36;1mimport spiraltorch[0m
2026-09-12T10:51:50.0541432Z [36;1mimport spiraltorch.spiralk as spiralk[0m
2026-09-12T10:51:50.0541747Z [36;1m[0m
2026-09-12T10:51:50.0541980Z [36;1mfrom spiral import hypergrad_session[0m
2026-09-12T10:51:50.0542272Z [36;1m[0m
2026-09-12T10:51:50.0542546Z [36;1mif hypergrad_session.__module__ != "spiral.hypergrad":[0m
2026-09-12T10:51:50.0543070Z [36;1m    raise RuntimeError("spiral.hypergrad_session is not backed by spiral.hypergrad")[0m
2026-09-12T10:51:50.0543509Z [36;1m[0m
2026-09-12T10:51:50.0543917Z [36;1minit_pyi = pathlib.Path(spiraltorch.__file__).resolve().with_name("__init__.pyi")[0m
2026-09-12T10:51:50.0544497Z [36;1mpy_typed = pathlib.Path(spiraltorch.__file__).resolve().with_name("py.typed")[0m
2026-09-12T10:51:50.0545105Z [36;1mspiralk_pyi = pathlib.Path(spiraltorch.__file__).resolve().with_name("spiralk.pyi")[0m
2026-09-12T10:51:50.0545539Z [36;1m[0m
2026-09-12T10:51:50.0545762Z [36;1mif not init_pyi.exists():[0m
2026-09-12T10:51:50.0546069Z [36;1m    raise FileNotFoundError(init_pyi)[0m
2026-09-12T10:51:50.0546376Z [36;1mif not py_typed.exists():[0m
2026-09-12T10:51:50.0546654Z [36;1m    raise FileNotFoundError(py_typed)[0m
2026-09-12T10:51:50.0547209Z [36;1mif not spiralk_pyi.exists():[0m
2026-09-12T10:51:50.0547531Z [36;1m    raise FileNotFoundError(spiralk_pyi)[0m
2026-09-12T10:51:50.0547823Z [36;1m[0m
2026-09-12T10:51:50.0548062Z [36;1mstub = init_pyi.read_text(encoding="utf-8")[0m
2026-09-12T10:51:50.0548375Z [36;1mfor symbol in ([0m
2026-09-12T10:51:50.0548645Z [36;1m    "HF_TOKENIZED_DATASET_IDENTITY_SCHEMA",[0m
2026-09-12T10:51:50.0548975Z [36;1m    "hf_tokenized_dataset_identity_report",[0m
2026-09-12T10:51:50.0549316Z [36;1m    "HF_FINETUNE_TRAINING_RECIPE_IDENTITY_SCHEMA",[0m
2026-09-12T10:51:50.0549681Z [36;1m    "hf_finetune_training_recipe_identity_report",[0m
2026-09-12T10:51:50.0550018Z [36;1m    "HF_FINETUNE_REPLAY_IDENTITY_SCHEMA",[0m
2026-09-12T10:51:50.0550340Z [36;1m    "hf_finetune_replay_identity_report",[0m
2026-09-12T10:51:50.0550616Z [36;1m):[0m
2026-09-12T10:51:50.0550833Z [36;1m    if symbol not in stub:[0m
2026-09-12T10:51:50.0551194Z [36;1m        raise RuntimeError(f"packaged stub is missing {symbol}")[0m
2026-09-12T10:51:50.0551600Z [36;1m[0m
2026-09-12T10:51:50.0551896Z [36;1mtokenized = spiraltorch.hf_tokenized_dataset_identity_report([0m
2026-09-12T10:51:50.0552345Z [36;1m    train_dataset=[{"input_ids": [1, 2], "labels": [1, 2]}][0m
2026-09-12T10:51:50.0552690Z [36;1m)[0m
2026-09-12T10:51:50.0552928Z [36;1mif tokenized.get("status") != "ready":[0m
2026-09-12T10:51:50.0553392Z [36;1m    raise RuntimeError(f"tokenized dataset identity unavailable: {tokenized!r}")[0m
2026-09-12T10:51:50.0553812Z [36;1m[0m
2026-09-12T10:51:50.0554126Z [36;1mrecipe = spiraltorch.hf_finetune_training_recipe_identity_report([0m
2026-09-12T10:51:50.0554573Z [36;1m    {"learning_rate": 5e-5, "max_steps": 1, "seed": 13},[0m
2026-09-12T10:51:50.0555160Z [36;1m    model_prepare_report={"mode": "full"},[0m
2026-09-12T10:51:50.0555449Z [36;1m)[0m
2026-09-12T10:51:50.0555670Z [36;1mif recipe.get("status") != "ready":[0m
2026-09-12T10:51:50.0556081Z [36;1m    raise RuntimeError(f"training recipe identity unavailable: {recipe!r}")[0m
2026-09-12T10:51:50.0556476Z [36;1m[0m
2026-09-12T10:51:50.0556958Z [36;1mdef ready_identity(schema, seed, *, field="observed_identity_id"):[0m
2026-09-12T10:51:50.0557340Z [36;1m    return {[0m
2026-09-12T10:51:50.0557575Z [36;1m        "schema": schema,[0m
2026-09-12T10:51:50.0557850Z [36;1m        "status": "ready",[0m
2026-09-12T10:51:50.0558301Z [36;1m        field: f"sha256:{seed * 64}",[0m
2026-09-12T10:51:50.0558615Z [36;1m        "identity_verified": True,[0m
2026-09-12T10:51:50.0558892Z [36;1m    }[0m
2026-09-12T10:51:50.0559096Z [36;1m[0m
2026-09-12T10:51:50.0559375Z [36;1mreplay = spiraltorch.hf_finetune_replay_identity_report([0m
2026-09-12T10:51:50.0559770Z [36;1m    training_input_identity=ready_identity([0m
2026-09-12T10:51:50.0560146Z [36;1m        "training-input.v1", "1", field="observed_input_id"[0m
2026-09-12T10:51:50.0560481Z [36;1m    ),[0m
2026-09-12T10:51:50.0560705Z [36;1m    dataset_input_identity=None,[0m
2026-09-12T10:51:50.0561051Z [36;1m    dataset_materialization_identity=ready_identity([0m
2026-09-12T10:51:50.0561395Z [36;1m        "materialization.v1", "2"[0m
2026-09-12T10:51:50.0561664Z [36;1m    ),[0m
2026-09-12T10:51:50.0561970Z [36;1m    tokenized_dataset_identity=ready_identity("tokenized.v1", "3"),[0m
2026-09-12T10:51:50.0562428Z [36;1m    model_runtime_identity=ready_identity("runtime.v1", "4"),[0m
2026-09-12T10:51:50.0562852Z [36;1m    execution_identity=ready_identity("execution.v1", "5"),[0m
2026-09-12T10:51:50.0563282Z [36;1m    training_recipe_identity=ready_identity("recipe.v1", "6"),[0m
2026-09-12T10:51:50.0563628Z [36;1m)[0m
2026-09-12T10:51:50.0563851Z [36;1mif replay.get("status") != "ready":[0m
2026-09-12T10:51:50.0564266Z [36;1m    raise RuntimeError(f"fine-tune replay identity unavailable: {replay!r}")[0m
2026-09-12T10:51:50.0564662Z [36;1m[0m
2026-09-12T10:51:50.0564858Z [36;1msubmodules = [[0m
2026-09-12T10:51:50.0565104Z [36;1m    "spiraltorch.psi",[0m
2026-09-12T10:51:50.0565388Z [36;1m    "spiraltorch.text",[0m
2026-09-12T10:51:50.0565655Z [36;1m    "spiraltorch.qr",[0m
2026-09-12T10:51:50.0565916Z [36;1m    "spiraltorch.theory",[0m
2026-09-12T10:51:50.0566184Z [36;1m    "spiraltorch.julia",[0m
2026-09-12T10:51:50.0566457Z [36;1m    "spiraltorch.scale_stack",[0m
2026-09-12T10:51:50.0566912Z [36;1m    "spiraltorch.sot",[0m
2026-09-12T10:51:50.0567217Z [36;1m    "spiraltorch.rl",[0m
2026-09-12T10:51:50.0567475Z [36;1m    "spiraltorch.robotics",[0m
2026-09-12T10:51:50.0567726Z [36;1m][0m
2026-09-12T10:51:50.0567934Z [36;1mfor name in submodules:[0m
2026-09-12T10:51:50.0568203Z [36;1m    importlib.import_module(name)[0m
2026-09-12T10:51:50.0568472Z [36;1m[0m
2026-09-12T10:51:50.0568751Z [36;1mdef assert_reexported(module: str, symbol: str) -> None:[0m
2026-09-12T10:51:50.0569140Z [36;1m    mod = importlib.import_module(module)[0m
2026-09-12T10:51:50.0569517Z [36;1m    if hasattr(spiraltorch, symbol) and hasattr(mod, symbol):[0m
2026-09-12T10:51:50.0569961Z [36;1m        if getattr(spiraltorch, symbol) is not getattr(mod, symbol):[0m
2026-09-12T10:51:50.0570339Z [36;1m            raise RuntimeError([0m
2026-09-12T10:51:50.0570754Z [36;1m                f"{module}.{symbol} is not the same object as spiraltorch.{symbol}"[0m
2026-09-12T10:51:50.0571141Z [36;1m            )[0m
2026-09-12T10:51:50.0571358Z [36;1m[0m
2026-09-12T10:51:50.0571635Z [36;1massert_reexported("spiraltorch.psi", "MetaMembConfig")[0m
2026-09-12T10:51:50.0572087Z [36;1massert_reexported("spiraltorch.text", "ContextualPulseFrame")[0m
2026-09-12T10:51:50.0572540Z [36;1massert_reexported("spiraltorch.qr", "QuantumRealityStudio")[0m
2026-09-12T10:51:50.0572984Z [36;1massert_reexported("spiraltorch.theory", "ZRelativityModel")[0m
2026-09-12T10:51:50.0573571Z [36;1massert_reexported("spiraltorch.julia", "ZTigerOptim")[0m
2026-09-12T10:51:50.0574002Z [36;1massert_reexported("spiraltorch.scale_stack", "ScaleStack")[0m
2026-09-12T10:51:50.0574413Z [36;1massert_reexported("spiraltorch.sot", "SoT3DPlan")[0m
2026-09-12T10:51:50.0574727Z [36;1m[0m
2026-09-12T10:51:50.0574970Z [36;1minspect.signature(spiralk.required_blocks)[0m
2026-09-12T10:51:50.0575281Z [36;1mprint("stubs ok")[0m
2026-09-12T10:51:50.0575511Z [36;1mPY[0m
2026-09-12T10:51:50.0615437Z shell: /usr/bin/bash -e {0}
2026-09-12T10:51:50.0615715Z env:
2026-09-12T10:51:50.0616152Z   pythonLocation: /opt/hostedtoolcache/Python/3.12.14/x64
2026-09-12T10:51:50.0616620Z   PKG_CONFIG_PATH: /opt/hostedtoolcache/Python/3.12.14/x64/lib/pkgconfig
2026-09-12T10:51:50.0617314Z   Python_ROOT_DIR: /opt/hostedtoolcache/Python/3.12.14/x64
2026-09-12T10:51:50.0617725Z   Python2_ROOT_DIR: /opt/hostedtoolcache/Python/3.12.14/x64
2026-09-12T10:51:50.0618124Z   Python3_ROOT_DIR: /opt/hostedtoolcache/Python/3.12.14/x64
2026-09-12T10:51:50.0618506Z   LD_LIBRARY_PATH: /opt/hostedtoolcache/Python/3.12.14/x64/lib
2026-09-12T10:51:50.0618857Z   CARGO_HOME: /home/runner/.cargo
2026-09-12T10:51:50.0619117Z   CARGO_INCREMENTAL: 0
2026-09-12T10:51:50.0619350Z   CARGO_TERM_COLOR: always
2026-09-12T10:51:50.0619587Z   CACHE_ON_FAILURE: false
2026-09-12T10:51:50.0619820Z   PYTHONNOUSERSITE: 1
2026-09-12T10:51:50.0620050Z ##[endgroup]
2026-09-12T10:51:50.2405489Z stubs ok
2026-09-12T10:51:50.2682681Z ##[group]Run spiral-runtime-preflight --list-presets
2026-09-12T10:51:50.2683397Z [36;1mspiral-runtime-preflight --list-presets[0m
2026-09-12T10:51:50.2684014Z [36;1mpython -P tools/smoke_hf_console_scripts.py[0m
2026-09-12T10:51:50.2742700Z shell: /usr/bin/bash -e {0}
2026-09-12T10:51:50.2743122Z env:
2026-09-12T10:51:50.2743566Z   pythonLocation: /opt/hostedtoolcache/Python/3.12.14/x64
2026-09-12T10:51:50.2744318Z   PKG_CONFIG_PATH: /opt/hostedtoolcache/Python/3.12.14/x64/lib/pkgconfig
2026-09-12T10:51:50.2745071Z   Python_ROOT_DIR: /opt/hostedtoolcache/Python/3.12.14/x64
2026-09-12T10:51:50.2745740Z   Python2_ROOT_DIR: /opt/hostedtoolcache/Python/3.12.14/x64
2026-09-12T10:51:50.2746389Z   Python3_ROOT_DIR: /opt/hostedtoolcache/Python/3.12.14/x64
2026-09-12T10:51:50.2747259Z   LD_LIBRARY_PATH: /opt/hostedtoolcache/Python/3.12.14/x64/lib
2026-09-12T10:51:50.2747824Z   CARGO_HOME: /home/runner/.cargo
2026-09-12T10:51:50.2748232Z   CARGO_INCREMENTAL: 0
2026-09-12T10:51:50.2748630Z   CARGO_TERM_COLOR: always
2026-09-12T10:51:50.2749018Z   CACHE_ON_FAILURE: false
2026-09-12T10:51:50.2749396Z   PYTHONNOUSERSITE: 1
2026-09-12T10:51:50.2749750Z ##[endgroup]
2026-09-12T10:51:50.4335205Z hf-datasets=transformers|torch|tokenizers|datasets
2026-09-12T10:51:50.4336002Z hf-finetune=transformers|torch|tokenizers|datasets|accelerate|safetensors
2026-09-12T10:51:50.4337245Z hf-full-finetune=transformers|torch|tokenizers|datasets|accelerate|safetensors|pyarrow|tqdm|evaluate|peft
2026-09-12T10:51:50.4338496Z hf-gpt2-ft=transformers|torch|tokenizers|datasets|accelerate|safetensors|pyarrow|tqdm|evaluate|peft
2026-09-12T10:51:50.4339325Z hf-peft=transformers|torch|tokenizers|accelerate|peft|safetensors
2026-09-12T10:51:50.4339897Z hf-peft-finetune=transformers|torch|tokenizers|datasets|accelerate|safetensors|pyarrow|tqdm|peft
2026-09-12T10:51:50.4340389Z hf-runtime=transformers|torch|tokenizers
2026-09-12T10:51:50.4340901Z hf-trl-sft=transformers|torch|tokenizers|datasets|accelerate|safetensors|pyarrow|tqdm|peft|trl|trackio
2026-09-12T10:51:50.4341392Z tokenizers=tokenizers
2026-09-12T10:51:50.4341626Z torch=torch
2026-09-12T10:51:50.4341853Z torch-transformers=transformers|torch
2026-09-12T10:51:50.4342144Z transformers=transformers
2026-09-12T10:51:59.7948413Z hf_console_scripts=ok count=47
2026-09-12T10:51:59.8089102Z ##[group]Run python -P tools/run_readme_python_blocks.py --readme README.md --cwd .
2026-09-12T10:51:59.8089699Z [36;1mpython -P tools/run_readme_python_blocks.py --readme README.md --cwd .[0m
2026-09-12T10:51:59.8128807Z shell: /usr/bin/bash -e {0}
2026-09-12T10:51:59.8129069Z env:
2026-09-12T10:51:59.8129356Z   pythonLocation: /opt/hostedtoolcache/Python/3.12.14/x64
2026-09-12T10:51:59.8129817Z   PKG_CONFIG_PATH: /opt/hostedtoolcache/Python/3.12.14/x64/lib/pkgconfig
2026-09-12T10:51:59.8130263Z   Python_ROOT_DIR: /opt/hostedtoolcache/Python/3.12.14/x64
2026-09-12T10:51:59.8130654Z   Python2_ROOT_DIR: /opt/hostedtoolcache/Python/3.12.14/x64
2026-09-12T10:51:59.8131045Z   Python3_ROOT_DIR: /opt/hostedtoolcache/Python/3.12.14/x64
2026-09-12T10:51:59.8131435Z   LD_LIBRARY_PATH: /opt/hostedtoolcache/Python/3.12.14/x64/lib
2026-09-12T10:51:59.8131787Z   CARGO_HOME: /home/runner/.cargo
2026-09-12T10:51:59.8132047Z   CARGO_INCREMENTAL: 0
2026-09-12T10:51:59.8132313Z   CARGO_TERM_COLOR: always
2026-09-12T10:51:59.8132593Z   CACHE_ON_FAILURE: false
2026-09-12T10:51:59.8132830Z   PYTHONNOUSERSITE: 1
2026-09-12T10:51:59.8133054Z ##[endgroup]
2026-09-12T10:51:59.8687447Z [README python] block 1/37 (starts at README.md:284)
2026-09-12T10:52:00.0569353Z [README python] block 2/37 (starts at README.md:331)
2026-09-12T10:52:00.2431982Z [README python] block 3/37 (starts at README.md:348)
2026-09-12T10:52:00.4285754Z 0.29839998924374844 0.42594866562632955
2026-09-12T10:52:00.4286616Z [README python] block 4/37 (starts at README.md:501)
2026-09-12T10:52:00.6115884Z [README python] block 5/37 (starts at README.md:521)
2026-09-12T10:52:00.7975023Z [README python] block 6/37 (starts at README.md:734)
2026-09-12T10:52:01.0291972Z spiraltorch 0.4.27
2026-09-12T10:52:01.0292279Z cpu: cpu
2026-09-12T10:52:01.0292588Z wgpu: wgpu
2026-09-12T10:52:01.0292885Z session backend: auto
2026-09-12T10:52:01.0293151Z effective backend: cpu
2026-09-12T10:52:01.0293503Z [README python] block 7/37 (starts at README.md:770)
2026-09-12T10:52:01.2140678Z [README python] block 8/37 (starts at README.md:815)
2026-09-12T10:52:01.3993103Z [README python] block 9/37 (starts at README.md:847)
2026-09-12T10:52:01.5869015Z [README python] block 10/37 (starts at README.md:897)
2026-09-12T10:52:01.7775963Z False
2026-09-12T10:52:01.7776354Z hf-full-finetune
2026-09-12T10:52:01.7778064Z [README python] block 11/37 (starts at README.md:1066)
2026-09-12T10:52:01.9616499Z matched checkpoint tensors: 2
2026-09-12T10:52:01.9617080Z wgpu plan surface: wgpu
2026-09-12T10:52:01.9617657Z [README python] block 12/37 (starts at README.md:1092)
2026-09-12T10:52:02.1432130Z Shape: (2, 3)
2026-09-12T10:52:02.1432447Z Data: [[1.0, 2.0, 3.0], [4.0, 5.0, 6.0]]
2026-09-12T10:52:02.1432773Z Axis names: ('batch', 'feature')
2026-09-12T10:52:02.1433310Z [README python] block 13/37 (starts at README.md:1114)
2026-09-12T10:52:02.3239820Z Roundtrip: [[1.0, 2.0, 3.0], [4.0, 5.0, 6.0]]
2026-09-12T10:52:02.3240288Z PyTorch not installed; skipping torch interop demo.
2026-09-12T10:52:02.3240864Z [README python] block 14/37 (starts at README.md:1145)
2026-09-12T10:52:02.5048049Z Tape shape: (1, 3)
2026-09-12T10:52:02.5048508Z Learning rate: 0.019999999552965164
2026-09-12T10:52:02.5048970Z Guard curvature: -1.0
2026-09-12T10:52:02.5049401Z [README python] block 15/37 (starts at README.md:1177)
2026-09-12T10:52:02.6894094Z summary: {'l2': 1.1821590662002563, 'rms': 0.5910795331001282, 'std': 0.560552179813385}
2026-09-12T10:52:02.6894702Z non-finite ratio: 0.0
2026-09-12T10:52:02.6895063Z operator mix/gain: 0.9811277985572815 0.7390820384025574
2026-09-12T10:52:02.6895432Z control events: ['lr_increase', 'quality_weight']
2026-09-12T10:52:02.6895823Z [README python] block 16/37 (starts at README.md:1205)
2026-09-12T10:52:02.8723453Z z shape: (1, 44) loss: 0.40063879129122737
2026-09-12T10:52:02.8724076Z [README python] block 17/37 (starts at README.md:1244)
2026-09-12T10:52:03.0613619Z 0.08230400085449219 0.6495999693870544 [0.6000000238418579, 0.6800000071525574, 0.5520000457763672, 0.20000000298023224]
2026-09-12T10:52:03.0614613Z [README python] block 18/37 (starts at README.md:1266)
2026-09-12T10:52:03.2561069Z ['open', 'guarded'] 1.0
2026-09-12T10:52:03.2567320Z {'highest_best_trace_route_score': 'spiraltorch-topos-sweep', 'highest_adapter_runtime_route_score': 'spiraltorch-topos-sweep', 'lowest_closure_pressure': 'spiraltorch-topos-sweep', 'highest_openness': 'spiraltorch-topos-sweep', 'widest_temperature_range': 'spiraltorch-topos-sweep', 'most_runtime_modes': 'spiraltorch-topos-sweep', 'highest_response_text_overlap': 'spiraltorch-topos-sweep', 'highest_response_text_quality_score': 'spiraltorch-topos-sweep', 'lowest_response_latency_ms': 'spiraltorch-topos-sweep', 'lowest_response_total_tokens': 'spiraltorch-topos-sweep', 'highest_response_completion_rate': 'spiraltorch-topos-sweep', 'highest_selection_balanced_score': 'spiraltorch-topos-sweep', 'highest_selection_quality_score': 'spiraltorch-topos-sweep', 'highest_selection_grounded_score': 'spiraltorch-topos-sweep', 'highest_selection_efficiency_score': 'spiraltorch-topos-sweep', 'highest_selection_latency_score': 'spiraltorch-topos-sweep'}
2026-09-12T10:52:03.2571149Z [README python] block 19/37 (starts at README.md:1301)
2026-09-12T10:52:03.4352084Z roundtrip: [[1.0, 2.0, 3.0], [4.0, 5.0, 6.0]]
2026-09-12T10:52:03.4352891Z [README python] block 20/37 (starts at README.md:1318)
2026-09-12T10:52:03.6161988Z {'axes': ['time', 'feature'], 'axis_sizes': [2, 4], 'shape': (2, 4)}
2026-09-12T10:52:03.6162405Z ('time', 'feature')
2026-09-12T10:52:03.6162933Z [README python] block 21/37 (starts at README.md:1343)
2026-09-12T10:52:03.8042303Z total win rate: 0.580
2026-09-12T10:52:03.8043313Z arm 0: pulls=1743, empirical p≈0.604
2026-09-12T10:52:03.8043802Z arm 1: pulls=257, empirical p≈0.412
2026-09-12T10:52:03.8044280Z [README python] block 22/37 (starts at README.md:1389)
2026-09-12T10:52:03.9867557Z info_nce: {'loss': 0.0017811248544603586, 'logits': [[9.996908187866211, 3.6205508708953857], [3.71390700340271, 9.99889850616455]], 'labels': [0, 1], 'batch': 2, 'temperature': 0.10000000149011612, 'normalized': True}
2026-09-12T10:52:03.9869236Z masked_mse: {'loss': 0.09999998658895493, 'total_masked': 2, 'per_example': [0.03999999538064003, 0.15999998152256012]}
2026-09-12T10:52:03.9870123Z [README python] block 23/37 (starts at README.md:1404)
2026-09-12T10:52:04.1714242Z z: [-0.016397397528796136, 0.01576143497488358, -0.015110189667308828, -0.007441302050198281]
2026-09-12T10:52:04.1715091Z semantic owner: st-core::runtime::zspace_optimizer
2026-09-12T10:52:04.1715687Z [README python] block 24/37 (starts at README.md:1437)
2026-09-12T10:52:04.3571412Z 0.5 True
2026-09-12T10:52:04.3572502Z [README python] block 25/37 (starts at README.md:1468)
2026-09-12T10:52:04.5402935Z canvas summary: {'hypergrad': {'l2': 0.0, 'l1': 0.0, 'mean': 0.0, 'linf': 0.0}, 'realgrad': {'l1': 0.0, 'mean': 0.0, 'linf': 0.0, 'l2': 0.0}}
2026-09-12T10:52:04.5403924Z patch[0][:3]: [0.0560000017285347, 0.0560000017285347, 0.0560000017285347]
2026-09-12T10:52:04.5404610Z [README python] block 26/37 (starts at README.md:1486)
2026-09-12T10:52:04.7207449Z batch: (2, 2) (2, 2)
2026-09-12T10:52:04.7208705Z [README python] block 27/37 (starts at README.md:1501)
2026-09-12T10:52:04.9033032Z top-k: [(6, 0.004178907722234726), (11, 0.004172860644757748), (0, 0.0029516522772610188)]
2026-09-12T10:52:04.9033834Z [README python] block 28/37 (starts at README.md:1511)
2026-09-12T10:52:05.0855072Z PyTorch not installed; skipping st.compat.torch demo.
2026-09-12T10:52:05.0856075Z [README python] block 29/37 (starts at README.md:1527)
2026-09-12T10:52:05.2705204Z 1.618033988749895 2.399963229728653
2026-09-12T10:52:05.2706088Z [2, 3, 5, 2]
2026-09-12T10:52:05.2706583Z [4, 7, 9]
2026-09-12T10:52:05.2707454Z sot: 16 [(1.0, 0.0, 0.875), (-0.7987821697282371, 0.7317499001134611, 1.493033988749895), (0.10259503835968982, -1.1690175458221024, 1.6840169943749475)]
2026-09-12T10:52:05.2708138Z [README python] block 30/37 (starts at README.md:2259)
2026-09-12T10:52:05.4544365Z operator mix/gain: 0.9811277389526367 0.7760598063468933
2026-09-12T10:52:05.4544955Z pressure/balance: 0.45000001788139343 1.0
2026-09-12T10:52:05.4545496Z [README python] block 31/37 (starts at README.md:2501)
2026-09-12T10:52:05.6409131Z backend: auto device: cpu
2026-09-12T10:52:05.6409634Z plan: topk bitonic tile 128 workgroup 64
2026-09-12T10:52:05.6410063Z SpiralK hint:
2026-09-12T10:52:05.6410399Z  soft (tile_cols, 256, 0.85, c >= 256);
2026-09-12T10:52:05.6410822Z soft (radix, 4, 0.90, true);
2026-09-12T10:52:05.6411199Z soft (segments, 1, 0.75, true);
2026-09-12T10:52:05.6411688Z [README python] block 32/37 (starts at README.md:2516)
2026-09-12T10:52:05.8430246Z batch: (2, 2) (2, 2)
2026-09-12T10:52:05.8432060Z [README python] block 33/37 (starts at README.md:2532)
2026-09-12T10:52:06.0401522Z avg loss: 0.4861626625061035
2026-09-12T10:52:06.0402559Z [README python] block 34/37 (starts at README.md:2725)
2026-09-12T10:52:06.2460274Z ok (stAgent)
2026-09-12T10:52:06.2461486Z policy: {'kind': 'spiraltorch.rl.dqn_policy_report', 'state': 0, 'state_dim': 1, 'action_dim': 2, 'q_values': [0.0, 0.05000000074505806], 'greedy_action': 1, 'greedy_value': 0.05000000074505806, 'epsilon': 0.10000000149011612, 'schedule_step': None}
2026-09-12T10:52:06.2463253Z trace: {'kind': 'spiraltorch.rl.dqn_action_trace', 'state': 0, 'action': 1, 'greedy_action': 1, 'greedy_value': 0.0, 'selected_value': 0.0, 'epsilon_before': 0.10000000149011612, 'epsilon_after': 0.10000000149011612, 'explored': False, 'schedule_step_before': None, 'schedule_step_after': None, 'q_values': [0.0, 0.0]}
2026-09-12T10:52:06.2464344Z also available: ['PpoAgent', 'SacAgent']
2026-09-12T10:52:06.2464720Z [README python] block 35/37 (starts at README.md:2870)
2026-09-12T10:52:06.4274652Z 4.213042736053467 0.00031575700268149376
2026-09-12T10:52:06.4275589Z [README python] block 36/37 (starts at README.md:3097)
2026-09-12T10:52:06.6128524Z channels: 96 preserved, 0 discarded
2026-09-12T10:52:06.6129045Z top report: 0 pure_rust
2026-09-12T10:52:06.6129463Z pre-discard: 24 discarded of 96
2026-09-12T10:52:06.6130613Z snapshot step 0 survivors [0, 1, 3, 4, 5, 8, 10, 11, 12, 13, 14, 15, 17, 18, 19, 20, 21, 22, 23, 24, 25, 26, 28, 29, 30, 31, 32, 33, 34, 35, 36, 37, 39, 40, 41, 42, 43, 46, 48, 49, 50, 52, 53, 54, 56, 57, 58, 60, 61, 63, 64, 66, 67, 69, 70, 71, 73, 74, 76, 77, 80, 82, 83, 84, 85, 86, 87, 88, 91, 93, 94, 95]
2026-09-12T10:52:06.6132100Z [README python] block 37/37 (starts at README.md:3383)
2026-09-12T10:52:06.7998644Z choice: shared 8192 32 lanes 32
2026-09-12T10:52:06.7999461Z [README python] OK (37 blocks)
2026-09-12T10:52:06.8150440Z ##[group]Run python -P bindings/st-py/examples/hello_session.py
2026-09-12T10:52:06.8151250Z [36;1mpython -P bindings/st-py/examples/hello_session.py[0m
2026-09-12T10:52:06.8191159Z shell: /usr/bin/bash -e {0}
2026-09-12T10:52:06.8191426Z env:
2026-09-12T10:52:06.8191714Z   pythonLocation: /opt/hostedtoolcache/Python/3.12.14/x64
2026-09-12T10:52:06.8192177Z   PKG_CONFIG_PATH: /opt/hostedtoolcache/Python/3.12.14/x64/lib/pkgconfig
2026-09-12T10:52:06.8192652Z   Python_ROOT_DIR: /opt/hostedtoolcache/Python/3.12.14/x64
2026-09-12T10:52:06.8193051Z   Python2_ROOT_DIR: /opt/hostedtoolcache/Python/3.12.14/x64
2026-09-12T10:52:06.8193461Z   Python3_ROOT_DIR: /opt/hostedtoolcache/Python/3.12.14/x64
2026-09-12T10:52:06.8193854Z   LD_LIBRARY_PATH: /opt/hostedtoolcache/Python/3.12.14/x64/lib
2026-09-12T10:52:06.8194207Z   CARGO_HOME: /home/runner/.cargo
2026-09-12T10:52:06.8194470Z   CARGO_INCREMENTAL: 0
2026-09-12T10:52:06.8194699Z   CARGO_TERM_COLOR: always
2026-09-12T10:52:06.8194980Z   CACHE_ON_FAILURE: false
2026-09-12T10:52:06.8195228Z   PYTHONNOUSERSITE: 1
2026-09-12T10:52:06.8195451Z ##[endgroup]
2026-09-12T10:52:07.0062240Z 
2026-09-12T10:52:07.0063122Z ================================================================================
2026-09-12T10:52:07.0063766Z Device description & rank planning
2026-09-12T10:52:07.0064281Z ================================================================================
2026-09-12T10:52:07.0064858Z Selected backend: auto (device label: cpu)
2026-09-12T10:52:07.0065355Z Device capabilities snapshot:
2026-09-12T10:52:07.0065780Z {'aligned_workgroup': None,
2026-09-12T10:52:07.0066619Z  'backend': 'wgpu',
2026-09-12T10:52:07.0067204Z  'committed': True,
2026-09-12T10:52:07.0067554Z  'contract': {'aligned_workgroup': None,
2026-09-12T10:52:07.0067993Z               'committed': True,
2026-09-12T10:52:07.0068525Z               'contract_version': 'spiraltorch.runtime_device_probe.v1',
2026-09-12T10:52:07.0069142Z               'effective_runtime': {'backend': 'wgpu',
2026-09-12T10:52:07.0069666Z                                     'feature_enabled': True,
2026-09-12T10:52:07.0070190Z                                     'integration_compiled': True,
2026-09-12T10:52:07.0070605Z                                     'kernel_status': 'kernel_wired',
2026-09-12T10:52:07.0070950Z                                     'placeholder': False,
2026-09-12T10:52:07.0071292Z                                     'real_kernels_compiled': True,
2026-09-12T10:52:07.0071660Z                                     'recommendation': 'the shared WGPU '
2026-09-12T10:52:07.0072077Z                                                       'execution runtime can '
2026-09-12T10:52:07.0072629Z                                                       'be initialized by Rust '
2026-09-12T10:52:07.0073186Z                                                       'entrypoints',
2026-09-12T10:52:07.0073755Z                                     'runtime_error': 'no suitable headless '
2026-09-12T10:52:07.0074316Z                                                      'WGPU adapter is '
2026-09-12T10:52:07.0074848Z                                                      'available',
2026-09-12T10:52:07.0075365Z                                     'runtime_initialized': False,
2026-09-12T10:52:07.0075909Z                                     'runtime_probe_attempted': True,
2026-09-12T10:52:07.0076440Z                                     'runtime_ready': False,
2026-09-12T10:52:07.0077191Z                                     'runtime_status': 'initialization_failed'},
2026-09-12T10:52:07.0077756Z               'execution_client': 'python',
2026-09-12T10:52:07.0078300Z               'kind': 'spiraltorch.runtime_device_probe',
2026-09-12T10:52:07.0078803Z               'occupancy_score': None,
2026-09-12T10:52:07.0079533Z               'output_sha256': 'd735a41c038056e6d2d23e119410229865b34048eb34e5e9f60f031f1925122a',
2026-09-12T10:52:07.0080334Z               'preferred_compaction_tile': None,
2026-09-12T10:52:07.0081251Z               'preferred_tile': None,
2026-09-12T10:52:07.0081758Z               'request': {'caps': {'backend': 'wgpu',
2026-09-12T10:52:07.0082260Z                                    'lane_width': 32,
2026-09-12T10:52:07.0082766Z                                    'max_workgroup': 256,
2026-09-12T10:52:07.0083288Z                                    'shared_mem_per_workgroup': None,
2026-09-12T10:52:07.0083810Z                                    'subgroup': True},
2026-09-12T10:52:07.0084296Z                           'requested_backend': 'wgpu'},
2026-09-12T10:52:07.0085069Z               'request_sha256': '4128e46f2d1fda9b3bfb03eac7ed858c56e4dcbea9e5ca9def3dea02e3e12896',
2026-09-12T10:52:07.0085864Z               'requested_runtime': {'backend': 'wgpu',
2026-09-12T10:52:07.0086371Z                                     'feature_enabled': True,
2026-09-12T10:52:07.0087098Z                                     'integration_compiled': True,
2026-09-12T10:52:07.0087651Z                                     'kernel_status': 'kernel_wired',
2026-09-12T10:52:07.0088224Z                                     'placeholder': False,
2026-09-12T10:52:07.0088784Z                                     'real_kernels_compiled': True,
2026-09-12T10:52:07.0089377Z                                     'recommendation': 'the shared WGPU '
2026-09-12T10:52:07.0089937Z                                                       'execution runtime can '
2026-09-12T10:52:07.0090524Z                                                       'be initialized by Rust '
2026-09-12T10:52:07.0091102Z                                                       'entrypoints',
2026-09-12T10:52:07.0092055Z                                     'runtime_error': 'no suitable headless '
2026-09-12T10:52:07.0092624Z                                                      'WGPU adapter is '
2026-09-12T10:52:07.0093225Z                                                      'available',
2026-09-12T10:52:07.0093784Z                                     'runtime_initialized': False,
2026-09-12T10:52:07.0094332Z                                     'runtime_probe_attempted': True,
2026-09-12T10:52:07.0094865Z                                     'runtime_ready': False,
2026-09-12T10:52:07.0095426Z                                     'runtime_status': 'initialization_failed'},
2026-09-12T10:52:07.0095989Z               'route_evidence': {'available': False,
2026-09-12T10:52:07.0096506Z                                  'effective_backend': 'wgpu',
2026-09-12T10:52:07.0097277Z                                  'effective_backend_runtime_ready': False,
2026-09-12T10:52:07.0097986Z                                  'effective_backend_runtime_status': 'initialization_failed',
2026-09-12T10:52:07.0098720Z                                  'error': 'no suitable headless WGPU adapter '
2026-09-12T10:52:07.0099289Z                                           'is available',
2026-09-12T10:52:07.0099792Z                                  'requested_backend': 'wgpu',
2026-09-12T10:52:07.0100354Z                                  'requested_backend_runtime_ready': False,
2026-09-12T10:52:07.0101114Z                                  'requested_backend_runtime_status': 'initialization_failed',
2026-09-12T10:52:07.0101797Z                                  'runtime_ready': False,
2026-09-12T10:52:07.0102317Z                                  'runtime_status': 'initialization_failed',
2026-09-12T10:52:07.0102845Z                                  'status': None},
2026-09-12T10:52:07.0103282Z               'semantic_backend': 'rust',
2026-09-12T10:52:07.0103843Z               'semantic_owner': 'st-core::backend::runtime_probe'},
2026-09-12T10:52:07.0105571Z  'contract_version': 'spiraltorch.runtime_device_probe.v1',
2026-09-12T10:52:07.0106109Z  'effective_backend': 'wgpu',
2026-09-12T10:52:07.0106408Z  'effective_backend_feature_enabled': True,
2026-09-12T10:52:07.0106956Z  'effective_backend_integration_compiled': True,
2026-09-12T10:52:07.0107514Z  'effective_backend_kernel_status': 'kernel_wired',
2026-09-12T10:52:07.0108148Z  'effective_backend_placeholder': False,
2026-09-12T10:52:07.0108517Z  'effective_backend_real_kernels_compiled': True,
2026-09-12T10:52:07.0108962Z  'effective_backend_runtime_error': 'no suitable headless WGPU adapter is '
2026-09-12T10:52:07.0109631Z                                     'available',
2026-09-12T10:52:07.0110121Z  'effective_backend_runtime_initialized': False,
2026-09-12T10:52:07.0110661Z  'effective_backend_runtime_probe_attempted': True,
2026-09-12T10:52:07.0111185Z  'effective_backend_runtime_ready': False,
2026-09-12T10:52:07.0111578Z  'effective_backend_runtime_recommendation': 'the shared WGPU execution '
2026-09-12T10:52:07.0112026Z                                              'runtime can be initialized by '
2026-09-12T10:52:07.0112389Z                                              'Rust entrypoints',
2026-09-12T10:52:07.0112763Z  'effective_backend_runtime_status': 'initialization_failed',
2026-09-12T10:52:07.0113122Z  'effective_runtime': {'backend': 'wgpu',
2026-09-12T10:52:07.0113451Z                        'feature_enabled': True,
2026-09-12T10:52:07.0113767Z                        'integration_compiled': True,
2026-09-12T10:52:07.0114084Z                        'kernel_status': 'kernel_wired',
2026-09-12T10:52:07.0114386Z                        'placeholder': False,
2026-09-12T10:52:07.0114680Z                        'real_kernels_compiled': True,
2026-09-12T10:52:07.0115042Z                        'recommendation': 'the shared WGPU execution runtime '
2026-09-12T10:52:07.0115463Z                                          'can be initialized by Rust '
2026-09-12T10:52:07.0115798Z                                          'entrypoints',
2026-09-12T10:52:07.0116339Z                        'runtime_error': 'no suitable headless WGPU adapter is '
2026-09-12T10:52:07.0116938Z                                         'available',
2026-09-12T10:52:07.0117273Z                        'runtime_initialized': False,
2026-09-12T10:52:07.0117582Z                        'runtime_probe_attempted': True,
2026-09-12T10:52:07.0117907Z                        'runtime_ready': False,
2026-09-12T10:52:07.0118238Z                        'runtime_status': 'initialization_failed'},
2026-09-12T10:52:07.0118629Z  'error': 'no suitable headless WGPU adapter is available',
2026-09-12T10:52:07.0118991Z  'execution_client': 'python',
2026-09-12T10:52:07.0119268Z  'has_mps_probe': False,
2026-09-12T10:52:07.0119575Z  'kind': 'spiraltorch.runtime_device_probe',
2026-09-12T10:52:07.0119866Z  'lane_width': 32,
2026-09-12T10:52:07.0120090Z  'max_workgroup': 256,
2026-09-12T10:52:07.0120322Z  'occupancy_score': None,
2026-09-12T10:52:07.0120735Z  'output_sha256': 'd735a41c038056e6d2d23e119410229865b34048eb34e5e9f60f031f1925122a',
2026-09-12T10:52:07.0121193Z  'preferred_compaction_tile': None,
2026-09-12T10:52:07.0121477Z  'preferred_tile': None,
2026-09-12T10:52:07.0121723Z  'reported_backend': 'wgpu',
2026-09-12T10:52:07.0121989Z  'request': {'caps': {'backend': 'wgpu',
2026-09-12T10:52:07.0122294Z                       'lane_width': 32,
2026-09-12T10:52:07.0122575Z                       'max_workgroup': 256,
2026-09-12T10:52:07.0122885Z                       'shared_mem_per_workgroup': None,
2026-09-12T10:52:07.0123195Z                       'subgroup': True},
2026-09-12T10:52:07.0123481Z              'requested_backend': 'wgpu'},
2026-09-12T10:52:07.0123915Z  'request_sha256': '4128e46f2d1fda9b3bfb03eac7ed858c56e4dcbea9e5ca9def3dea02e3e12896',
2026-09-12T10:52:07.0124365Z  'requested_backend': 'wgpu',
2026-09-12T10:52:07.0124646Z  'requested_backend_feature_enabled': True,
2026-09-12T10:52:07.0124978Z  'requested_backend_integration_compiled': True,
2026-09-12T10:52:07.0125329Z  'requested_backend_kernel_status': 'kernel_wired',
2026-09-12T10:52:07.0125653Z  'requested_backend_placeholder': False,
2026-09-12T10:52:07.0125959Z  'requested_backend_real_kernels_compiled': True,
2026-09-12T10:52:07.0126390Z  'requested_backend_runtime_error': 'no suitable headless WGPU adapter is '
2026-09-12T10:52:07.0127234Z                                     'available',
2026-09-12T10:52:07.0127577Z  'requested_backend_runtime_initialized': False,
2026-09-12T10:52:07.0127911Z  'requested_backend_runtime_probe_attempted': True,
2026-09-12T10:52:07.0128268Z  'requested_backend_runtime_ready': False,
2026-09-12T10:52:07.0128659Z  'requested_backend_runtime_recommendation': 'the shared WGPU execution '
2026-09-12T10:52:07.0129096Z                                              'runtime can be initialized by '
2026-09-12T10:52:07.0129491Z                                              'Rust entrypoints',
2026-09-12T10:52:07.0129902Z  'requested_backend_runtime_status': 'initialization_failed',
2026-09-12T10:52:07.0130263Z  'requested_runtime': {'backend': 'wgpu',
2026-09-12T10:52:07.0130555Z                        'feature_enabled': True,
2026-09-12T10:52:07.0130860Z                        'integration_compiled': True,
2026-09-12T10:52:07.0131191Z                        'kernel_status': 'kernel_wired',
2026-09-12T10:52:07.0131505Z                        'placeholder': False,
2026-09-12T10:52:07.0131813Z                        'real_kernels_compiled': True,
2026-09-12T10:52:07.0230074Z                        'recommendation': 'the shared WGPU execution runtime '
2026-09-12T10:52:07.0230540Z                                          'can be initialized by Rust '
2026-09-12T10:52:07.0230905Z                                          'entrypoints',
2026-09-12T10:52:07.0231289Z                        'runtime_error': 'no suitable headless WGPU adapter is '
2026-09-12T10:52:07.0231678Z                                         'available',
2026-09-12T10:52:07.0231984Z                        'runtime_initialized': False,
2026-09-12T10:52:07.0232628Z                        'runtime_probe_attempted': True,
2026-09-12T10:52:07.0232934Z                        'runtime_ready': False,
2026-09-12T10:52:07.0233276Z                        'runtime_status': 'initialization_failed'},
2026-09-12T10:52:07.0233617Z  'route_evidence': {'available': False,
2026-09-12T10:52:07.0233921Z                     'effective_backend': 'wgpu',
2026-09-12T10:52:07.0234250Z                     'effective_backend_runtime_ready': False,
2026-09-12T10:52:07.0234654Z                     'effective_backend_runtime_status': 'initialization_failed',
2026-09-12T10:52:07.0235118Z                     'error': 'no suitable headless WGPU adapter is available',
2026-09-12T10:52:07.0235489Z                     'requested_backend': 'wgpu',
2026-09-12T10:52:07.0235808Z                     'requested_backend_runtime_ready': False,
2026-09-12T10:52:07.0236206Z                     'requested_backend_runtime_status': 'initialization_failed',
2026-09-12T10:52:07.0236581Z                     'runtime_ready': False,
2026-09-12T10:52:07.0237030Z                     'runtime_status': 'initialization_failed',
2026-09-12T10:52:07.0237349Z                     'status': None},
2026-09-12T10:52:07.0237714Z  'runtime_error': 'no suitable headless WGPU adapter is available',
2026-09-12T10:52:07.0238090Z  'runtime_initialized': False,
2026-09-12T10:52:07.0238357Z  'runtime_probe_attempted': True,
2026-09-12T10:52:07.0238625Z  'runtime_ready': False,
2026-09-12T10:52:07.0238975Z  'runtime_recommendation': 'the shared WGPU execution runtime can be '
2026-09-12T10:52:07.0239392Z                            'initialized by Rust entrypoints',
2026-09-12T10:52:07.0239953Z  'runtime_status': 'initialization_failed',
2026-09-12T10:52:07.0240529Z  'semantic_backend': 'rust',
2026-09-12T10:52:07.0241105Z  'semantic_owner': 'st-core::backend::runtime_probe',
2026-09-12T10:52:07.0241657Z  'shared_mem_per_workgroup': None,
2026-09-12T10:52:07.0242151Z  'subgroup': True}
2026-09-12T10:52:07.0242424Z 
2026-09-12T10:52:07.0242771Z Rank-plan summary:
2026-09-12T10:52:07.0243225Z kind= topk merge= bitonic detail= bitonic lanes= 32 workgroup= 64 fft_tile= 256
2026-09-12T10:52:07.0243647Z Latency window: None
2026-09-12T10:52:07.0243875Z SpiralK hint:
2026-09-12T10:52:07.0244105Z  soft (tile_cols, 256, 0.85, c >= 256);
2026-09-12T10:52:07.0244565Z soft (radix, 4, 0.90, true);
2026-09-12T10:52:07.0244840Z soft (segments, 1, 0.75, true);
2026-09-12T10:52:07.0245002Z 
2026-09-12T10:52:07.0245099Z HIP probe:
2026-09-12T10:52:07.0245310Z {'available': False,
2026-09-12T10:52:07.0245539Z  'devices': [],
2026-09-12T10:52:07.0245885Z  'error': 'Other: HIP runtime not detected; set SPIRALTORCH_FORCE_HIP=1 or '
2026-09-12T10:52:07.0246286Z           'install ROCm',
2026-09-12T10:52:07.0246530Z  'initialized': False}
2026-09-12T10:52:07.0246672Z 
2026-09-12T10:52:07.0246893Z FFT plan latency window: None
2026-09-12T10:52:07.0247273Z SpiralKFftPlan radix: 4
2026-09-12T10:52:07.0247533Z SpiralKFftPlan workgroup size: 32
2026-09-12T10:52:07.0247812Z SpiralKFftPlan WGSL snippet:
2026-09-12T10:52:07.0248158Z // spiraltorch.fft_plan.v1 owned by st-core::backend::spiralk_fft
2026-09-12T10:52:07.0248539Z SpiralKFftPlan hint:
2026-09-12T10:52:07.0248965Z soft (tile_cols, 256, 0.85, c >= 256);
2026-09-12T10:52:07.0249380Z soft (radix, 4, 0.90, true);
2026-09-12T10:52:07.0249765Z soft (segments, 1, 0.75, true);
2026-09-12T10:52:07.0250273Z Unison script (first 3 lines):
2026-09-12T10:52:07.0250751Z    unison topk {
2026-09-12T10:52:07.0251125Z      workgroup 256
2026-09-12T10:52:07.0251480Z      lanes 8
2026-09-12T10:52:07.0251666Z 
2026-09-12T10:52:07.0251833Z Generated plan batch (first entry):
2026-09-12T10:52:07.0252390Z SoT3DPlan(steps=24, base_radius=1.000, growth=0.300)
2026-09-12T10:52:07.0252943Z Plan tensor shape: (24, 3)
2026-09-12T10:52:07.0253283Z 
2026-09-12T10:52:07.0253697Z ================================================================================
2026-09-12T10:52:07.0254241Z ModuleTrainer demo
2026-09-12T10:52:07.0254512Z ================================================================================
2026-09-12T10:52:07.0255000Z Fibonacci pacing: [2, 3, 5, 2]
2026-09-12T10:52:07.0255400Z Tribonacci chunks: [4, 7, 1]
2026-09-12T10:52:07.0255785Z Pack-4-nacci chunks: [5, 7]
2026-09-12T10:52:07.0256057Z Tetranacci chunks: [8, 4]
2026-09-12T10:52:07.0256325Z Average loss after one epoch: 0.486163
2026-09-12T10:52:07.0257151Z Predictions:
2026-09-12T10:52:07.0257559Z [[0.09622499346733093, 0.08180000633001328],
2026-09-12T10:52:07.0258073Z  [0.17287498712539673, 0.15950000286102295],
2026-09-12T10:52:07.0258559Z  [0.20394998788833618, 0.08560000360012054],
2026-09-12T10:52:07.0259043Z  [0.280599981546402, 0.16330000758171082]]
2026-09-12T10:52:07.0259547Z Predictions (tensor API):
2026-09-12T10:52:07.0259998Z [[0.09622499346733093, 0.08180000633001328],
2026-09-12T10:52:07.0260476Z  [0.17287498712539673, 0.15950000286102295],
2026-09-12T10:52:07.0260961Z  [0.20394998788833618, 0.08560000360012054],
2026-09-12T10:52:07.0261457Z  [0.280599981546402, 0.16330000758171082]]
2026-09-12T10:52:07.0261933Z Weights matrix:
2026-09-12T10:52:07.0262331Z [[0.10772499442100525, 0.0037999991327524185],
2026-09-12T10:52:07.0262808Z  [0.07665000110864639, 0.07769999653100967]]
2026-09-12T10:52:07.0263285Z Bias vector: [0.09622499346733093, 0.08180000633001328]
2026-09-12T10:52:07.0263774Z Evaluation MSE: 0.346738
2026-09-12T10:52:07.0264186Z Standalone mean_squared_error: 0.346738
2026-09-12T10:52:07.0264625Z Masked MSE result:
2026-09-12T10:52:07.0264955Z {'loss': 0.3494601845741272,
2026-09-12T10:52:07.0265340Z  'per_example': [0.8430912494659424,
2026-09-12T10:52:07.0265742Z                  0.029885761439800262,
2026-09-12T10:52:07.0266136Z                  0.007327360566705465,
2026-09-12T10:52:07.0266525Z                  0.5175364017486572],
2026-09-12T10:52:07.0267234Z  'total_masked': 4}
2026-09-12T10:52:07.0267571Z InfoNCE summary:
2026-09-12T10:52:07.0267899Z {'batch': 2,
2026-09-12T10:52:07.0268213Z  'labels': [0, 1],
2026-09-12T10:52:07.0268582Z  'logits': [[1.4241825342178345, 0.18520106375217438],
2026-09-12T10:52:07.0269075Z             [0.07912125438451767, 1.3890080451965332]],
2026-09-12T10:52:07.0269532Z  'loss': 0.24664632976055145,
2026-09-12T10:52:07.0269902Z  'normalized': True,
2026-09-12T10:52:07.0270250Z  'temperature': 0.699999988079071}
2026-09-12T10:52:07.0270741Z 
2026-09-12T10:52:07.0270941Z ================================================================================
2026-09-12T10:52:07.0271471Z Tensor algebra & loss helpers
2026-09-12T10:52:07.0271912Z ================================================================================
2026-09-12T10:52:07.0272422Z Matmul result shape: (2, 2)
2026-09-12T10:52:07.0272810Z Row softmax of captured tensor:
2026-09-12T10:52:07.0273291Z [[0.09003057330846786, 0.2447284758090973, 0.6652409434318542],
2026-09-12T10:52:07.0273884Z  [0.09003057330846786, 0.2447284758090973, 0.6652409434318542]]
2026-09-12T10:52:07.0274416Z Concatenated tensor shape: (4, 3)
2026-09-12T10:52:07.0274921Z Hyperbolic distance between projections: 0.097856
2026-09-12T10:52:07.0275258Z Squared L2 norm of product: 139.013580
2026-09-12T10:52:07.0275527Z Secondary masked MSE:
2026-09-12T10:52:07.0275752Z {'loss': 0.09999998658895493,
2026-09-12T10:52:07.0276042Z  'per_example': [0.03999999538064003, 0.15999998152256012],
2026-09-12T10:52:07.0276362Z  'total_masked': 2}
2026-09-12T10:52:07.0276490Z 
2026-09-12T10:52:07.0276629Z ================================================================================
2026-09-12T10:52:07.0277199Z Barycenter and tensor biome utilities
2026-09-12T10:52:07.0277507Z ================================================================================
2026-09-12T10:52:07.0277952Z Barycenter objective=-0.112907 entropy=1.335221 effective_weight=1.200
2026-09-12T10:52:07.0278334Z Barycenter density matrix:
2026-09-12T10:52:07.0278584Z [[0.2834070324897766, 0.1499602049589157],
2026-09-12T10:52:07.0278852Z  [0.2061547338962555, 0.360478013753891]]
2026-09-12T10:52:07.0279422Z First interpolation stage: interp= 0.0 KL= 0.16923479735851288 entropy= 1.3456969261169434
2026-09-12T10:52:07.0279981Z Hypergrad summary: {'l2': 0.48784053325653076, 'count': 4, 'mean_abs': 0.23389440774917603}
2026-09-12T10:52:07.0280432Z Hypergrad learning rate scaled; gradient length: 4
2026-09-12T10:52:07.0280735Z Biome canopy:
2026-09-12T10:52:07.0280963Z [[0.29615384340286255, 0.24666666984558105],
2026-09-12T10:52:07.0281241Z  [0.3500000238418579, 0.39527273178100586]]
2026-09-12T10:52:07.0281511Z Biome total weight: 1.0
2026-09-12T10:52:07.0281657Z 
2026-09-12T10:52:07.0281781Z ================================================================================
2026-09-12T10:52:07.0282113Z Temporal resonance & vision accumulation
2026-09-12T10:52:07.0282420Z ================================================================================
2026-09-12T10:52:07.0282739Z Buffer update 0: state[0][0][:2] = [0.1, 0.2]
2026-09-12T10:52:07.0283052Z Buffer update 1: state[0][0][:2] = [0.16, 0.14]
2026-09-12T10:52:07.0283370Z Buffer update 2: state[0][0][:2] = [0.124, 0.176]
2026-09-12T10:52:07.0283664Z Buffer history length: 3
2026-09-12T10:52:07.0283971Z Buffer state dict keys: ['alpha', 'capacity', 'ema', 'history']
2026-09-12T10:52:07.0284323Z Vision projection (normalised):
2026-09-12T10:52:07.0284569Z [[0.0, 0.0], [0.0, 0.0]]
2026-09-12T10:52:07.0284806Z Vision volume energy: 1.3092309999999998
2026-09-12T10:52:07.0285082Z Temporal state sample: [0.10185, 0.1302]
2026-09-12T10:52:07.0285260Z 
2026-09-12T10:52:07.0285380Z ================================================================================
2026-09-12T10:52:07.0285693Z Language wave encoder & extras
2026-09-12T10:52:07.0285967Z ================================================================================
2026-09-12T10:52:07.0286286Z Encoded wave (first four complex samples):
2026-09-12T10:52:07.0286561Z [(7.998478889465332+0j),
2026-09-12T10:52:07.0286960Z  (-0.361067533493042+1.848042368888855j),
2026-09-12T10:52:07.0287233Z  (-0.19709515571594238+0.8410736322402954j),
2026-09-12T10:52:07.0287504Z  (-0.22832030057907104+0.620063066482544j)]
2026-09-12T10:52:07.0287779Z Z-space tensor shape: (1, 56)
2026-09-12T10:52:07.0288034Z Golden ratio: 1.618033988749895
2026-09-12T10:52:07.0288273Z Golden angle: 2.399963229728653
2026-09-12T10:52:07.0288849Z Hypergrad after wave encoding: {'rms': 0.358693927526474, 'l1': 17.199647903442383, 'linf': 0.7430151700973511}
2026-09-12T10:52:07.0289332Z Hypergrad reset; count: 56
2026-09-12T10:52:07.0540638Z ##[group]Run python -P bindings/st-py/tests/test_unittest_smoke.py
2026-09-12T10:52:07.0541162Z [36;1mpython -P bindings/st-py/tests/test_unittest_smoke.py[0m
2026-09-12T10:52:07.0541635Z [36;1mpython -P bindings/st-py/tests/test_native_binding_ownership.py[0m
2026-09-12T10:52:07.0542077Z [36;1mpython -P bindings/st-py/tests/test_tensor_out.py[0m
2026-09-12T10:52:07.0542526Z [36;1mpython -P bindings/st-py/tests/test_autograd_prepacked.py[0m
2026-09-12T10:52:07.0542955Z [36;1mpython -P tests/test_configure_pypi_token_secret.py[0m
2026-09-12T10:52:07.0543373Z [36;1mpython -P tests/test_llm_char_vae_context_guidance.py[0m
2026-09-12T10:52:07.0543748Z [36;1mpython -P tests/test_publish_pypi_wheels.py[0m
2026-09-12T10:52:07.0544090Z [36;1mpython -P tests/test_release_runbook.py[0m
2026-09-12T10:52:07.0544425Z [36;1mpython -P tests/test_release_status.py[0m
2026-09-12T10:52:07.0544767Z [36;1mpython -P tests/test_release_workflows.py[0m
2026-09-12T10:52:07.0545188Z [36;1mpython -P tests/test_run_char_vae_context_chain.py[0m
2026-09-12T10:52:07.0545582Z [36;1mpython -P tests/test_run_pypi_publish_from_release.py[0m
2026-09-12T10:52:07.0545944Z [36;1mpython -P tests/test_runtime_imports.py[0m
2026-09-12T10:52:07.0546271Z [36;1mpython -P tests/test_verify_release.py[0m
2026-09-12T10:52:07.0546597Z [36;1mpython -P tests/test_verify_pypi_release.py[0m
2026-09-12T10:52:07.0547419Z [36;1mpython -P tests/test_backend_benchmark.py[0m
2026-09-12T10:52:07.0547758Z [36;1mpython -P tests/test_resident_benchmark.py[0m
2026-09-12T10:52:07.0548325Z [36;1mpython -P bindings/st-py/tests/test_wgpu_resident.py[0m
2026-09-12T10:52:07.0548722Z [36;1mpython -P bindings/st-py/tests/test_nn_resident.py[0m
2026-09-12T10:52:07.0549137Z [36;1mpython -P bindings/st-py/tests/test_nn_resident_training.py[0m
2026-09-12T10:52:07.0549603Z [36;1mpython -P bindings/st-py/tests/test_nn_resident_graph_training.py[0m
2026-09-12T10:52:07.0550099Z [36;1mpython -P bindings/st-py/tests/test_nn_resident_graph_forward.py[0m
2026-09-12T10:52:07.0550554Z [36;1mpython -P bindings/st-py/tests/test_nn_resident_exports.py[0m
2026-09-12T10:52:07.0551002Z [36;1mpython -P bindings/st-py/tests/test_nn_resident_graph_autograd.py[0m
2026-09-12T10:52:07.0551471Z [36;1mpython -P bindings/st-py/tests/test_nn_resident_graph_learner.py[0m
2026-09-12T10:52:07.0551928Z [36;1mpython -P bindings/st-py/tests/test_nn_module_resident_forward.py[0m
2026-09-12T10:52:07.0552380Z [36;1mpython -P bindings/st-py/tests/test_nn_resident_module_update.py[0m
2026-09-12T10:52:07.0552820Z [36;1mpython -P bindings/st-py/tests/test_nn_resident_loss.py[0m
2026-09-12T10:52:07.0553263Z [36;1mpython -P bindings/st-py/tests/test_nn_resident_classification.py[0m
2026-09-12T10:52:07.0553719Z [36;1mpython -P bindings/st-py/tests/test_nn_resident_microbatch.py[0m
2026-09-12T10:52:07.0554140Z [36;1mpython -P bindings/st-py/tests/test_wgpu_tensor.py[0m
2026-09-12T10:52:07.0554539Z [36;1mpython -P bindings/st-py/tests/test_wgpu_pointwise.py[0m
2026-09-12T10:52:07.0555310Z [36;1mpython -P tools/run_char_vae_context_chain.py models/samples/spiral_corpus_en --preset smoke --run-root /tmp/spiraltorch_char_vae_context_chain_dry --dry-run[0m
2026-09-12T10:52:07.0594221Z shell: /usr/bin/bash -e {0}
2026-09-12T10:52:07.0594485Z env:
2026-09-12T10:52:07.0594775Z   pythonLocation: /opt/hostedtoolcache/Python/3.12.14/x64
2026-09-12T10:52:07.0595218Z   PKG_CONFIG_PATH: /opt/hostedtoolcache/Python/3.12.14/x64/lib/pkgconfig
2026-09-12T10:52:07.0595659Z   Python_ROOT_DIR: /opt/hostedtoolcache/Python/3.12.14/x64
2026-09-12T10:52:07.0596050Z   Python2_ROOT_DIR: /opt/hostedtoolcache/Python/3.12.14/x64
2026-09-12T10:52:07.0596434Z   Python3_ROOT_DIR: /opt/hostedtoolcache/Python/3.12.14/x64
2026-09-12T10:52:07.0597127Z   LD_LIBRARY_PATH: /opt/hostedtoolcache/Python/3.12.14/x64/lib
2026-09-12T10:52:07.0597478Z   CARGO_HOME: /home/runner/.cargo
2026-09-12T10:52:07.0597746Z   CARGO_INCREMENTAL: 0
2026-09-12T10:52:07.0598188Z   CARGO_TERM_COLOR: always
2026-09-12T10:52:07.0598432Z   CACHE_ON_FAILURE: false
2026-09-12T10:52:07.0598671Z   PYTHONNOUSERSITE: 1
2026-09-12T10:52:07.0598905Z ##[endgroup]
2026-09-12T10:52:07.3937409Z .....................................
2026-09-12T10:52:07.3937999Z ----------------------------------------------------------------------
2026-09-12T10:52:07.3938566Z Ran 37 tests in 0.118s
2026-09-12T10:52:07.3938802Z 
2026-09-12T10:52:07.3938919Z OK
2026-09-12T10:52:07.6056415Z .......s
2026-09-12T10:52:07.6057066Z ----------------------------------------------------------------------
2026-09-12T10:52:07.6057686Z Ran 8 tests in 0.024s
2026-09-12T10:52:07.6057913Z 
2026-09-12T10:52:07.6058063Z OK (skipped=1)
2026-09-12T10:52:07.7880403Z .....s
2026-09-12T10:52:07.7880884Z ----------------------------------------------------------------------
2026-09-12T10:52:07.7881445Z Ran 6 tests in 0.002s
2026-09-12T10:52:07.7881671Z 
2026-09-12T10:52:07.7881802Z OK (skipped=1)
2026-09-12T10:52:08.1341324Z .....
2026-09-12T10:52:08.1341877Z ----------------------------------------------------------------------
2026-09-12T10:52:08.1342429Z Ran 5 tests in 0.168s
2026-09-12T10:52:08.1342584Z 
2026-09-12T10:52:08.1342668Z OK
2026-09-12T10:52:08.3537326Z ....
2026-09-12T10:52:08.3537737Z ----------------------------------------------------------------------
2026-09-12T10:52:08.3538138Z Ran 4 tests in 0.001s
2026-09-12T10:52:08.3538294Z 
2026-09-12T10:52:08.3538379Z OK
2026-09-12T10:52:08.5617973Z .......................................
2026-09-12T10:52:08.5618730Z ----------------------------------------------------------------------
2026-09-12T10:52:08.5619117Z Ran 39 tests in 0.120s
2026-09-12T10:52:08.5619271Z 
2026-09-12T10:52:08.5619358Z OK
2026-09-12T10:52:08.6820726Z pypi_wheel_checksums=ok version=0.4.10 wheels=1
2026-09-12T10:52:08.6827370Z .........
2026-09-12T10:52:08.6827821Z ----------------------------------------------------------------------
2026-09-12T10:52:08.6828405Z Ran 9 tests in 0.008s
2026-09-12T10:52:08.6828624Z 
2026-09-12T10:52:08.6828767Z OK
2026-09-12T10:52:08.7525559Z ..
2026-09-12T10:52:08.7526077Z ----------------------------------------------------------------------
2026-09-12T10:52:08.7526639Z Ran 2 tests in 0.003s
2026-09-12T10:52:08.7527075Z 
2026-09-12T10:52:08.7527188Z OK
2026-09-12T10:52:08.8765768Z .........
2026-09-12T10:52:08.8766303Z ----------------------------------------------------------------------
2026-09-12T10:52:08.8767120Z Ran 9 tests in 0.012s
2026-09-12T10:52:08.8767332Z 
2026-09-12T10:52:08.8767445Z OK
2026-09-12T10:52:08.9576349Z .............
2026-09-12T10:52:08.9577111Z ----------------------------------------------------------------------
2026-09-12T10:52:08.9577651Z Ran 13 tests in 0.011s
2026-09-12T10:52:08.9577868Z 
2026-09-12T10:52:08.9577988Z OK
2026-09-12T10:52:09.0559200Z ................
2026-09-12T10:52:09.0559782Z ----------------------------------------------------------------------
2026-09-12T10:52:09.0560369Z Ran 16 tests in 0.031s
2026-09-12T10:52:09.0560583Z 
2026-09-12T10:52:09.0560718Z OK
2026-09-12T10:52:09.0561055Z chain_json=/tmp/tmpswop1a4w/chain/chain.json
2026-09-12T10:52:09.0561549Z chain_report=/tmp/tmpswop1a4w/chain/chain_report.md
2026-09-12T10:52:09.1691819Z watch_failed=transient_or_failed exit_code=1; checking run conclusion
2026-09-12T10:52:09.1692842Z workflow_run_status status=completed conclusion=success url=https://example.test/run
2026-09-12T10:52:09.1694048Z watch_failed=transient_or_failed exit_code=1; checking run conclusion
2026-09-12T10:52:09.1694982Z workflow_run_status status=completed conclusion=failure url=https://example.test/run
2026-09-12T10:52:09.1695721Z ........
2026-09-12T10:52:09.1696122Z ----------------------------------------------------------------------
2026-09-12T10:52:09.1697420Z Ran 8 tests in 0.001s
2026-09-12T10:52:09.1697675Z 
2026-09-12T10:52:09.1697789Z OK
2026-09-12T10:52:09.9157304Z ................F...
2026-09-12T10:52:09.9157783Z ======================================================================
2026-09-12T10:52:09.9158850Z FAIL: test_top_level_stub_covers_runtime_public_all (__main__.RuntimeImportsTest.test_top_level_stub_covers_runtime_public_all)
2026-09-12T10:52:09.9159497Z ----------------------------------------------------------------------
2026-09-12T10:52:09.9159881Z Traceback (most recent call last):
2026-09-12T10:52:09.9166092Z   File "/home/runner/work/SpiralTorch/SpiralTorch/tests/test_runtime_imports.py", line 210, in test_top_level_stub_covers_runtime_public_all
2026-09-12T10:52:09.9167015Z     self.assertEqual(missing, [])
2026-09-12T10:52:09.9167491Z AssertionError: Lists differ: ['WgpuPointwiseInputs', 'WgpuPointwisePlan'] != []
2026-09-12T10:52:09.9167834Z 
2026-09-12T10:52:09.9167963Z First list contains 2 additional elements.
2026-09-12T10:52:09.9168262Z First extra element 0:
2026-09-12T10:52:09.9168508Z 'WgpuPointwiseInputs'
2026-09-12T10:52:09.9168650Z 
2026-09-12T10:52:09.9168791Z - ['WgpuPointwiseInputs', 'WgpuPointwisePlan']
2026-09-12T10:52:09.9169088Z + []
2026-09-12T10:52:09.9169199Z 
2026-09-12T10:52:09.9169359Z ----------------------------------------------------------------------
2026-09-12T10:52:09.9169707Z Ran 20 tests in 0.644s
2026-09-12T10:52:09.9169848Z 
2026-09-12T10:52:09.9169941Z FAILED (failures=1)
2026-09-12T10:52:09.9441502Z ##[error]Process completed with exit code 1.
2026-09-12T10:52:09.9632432Z Post job cleanup.
2026-09-12T10:52:10.0508472Z [command]/usr/bin/git version
2026-09-12T10:52:10.0554582Z git version 2.55.0
2026-09-12T10:52:10.0592839Z Temporarily overriding HOME='/home/runner/work/_temp/cc3cf1c7-aa90-4428-bb5a-9ecefc571820' before making global git config changes
2026-09-12T10:52:10.0594539Z Adding repository directory to the temporary git global config as a safe directory
2026-09-12T10:52:10.0597798Z [command]/usr/bin/git config --global --add safe.directory /home/runner/work/SpiralTorch/SpiralTorch
2026-09-12T10:52:10.0642328Z [command]/usr/bin/git config --local --name-only --get-regexp core\.sshCommand
2026-09-12T10:52:10.0681972Z [command]/usr/bin/git submodule foreach --recursive sh -c "git config --local --name-only --get-regexp 'core\.sshCommand' && git config --local --unset-all 'core.sshCommand' || :"
2026-09-12T10:52:10.0958408Z [command]/usr/bin/git config --local --name-only --get-regexp http\.https\:\/\/github\.com\/\.extraheader
2026-09-12T10:52:10.1010081Z http.https://github.com/.extraheader
2026-09-12T10:52:10.1011519Z [command]/usr/bin/git config --local --unset-all http.https://github.com/.extraheader
2026-09-12T10:52:10.1041678Z [command]/usr/bin/git submodule foreach --recursive sh -c "git config --local --name-only --get-regexp 'http\.https\:\/\/github\.com\/\.extraheader' && git config --local --unset-all 'http.https://github.com/.extraheader' || :"
2026-09-12T10:52:10.1370430Z [command]/usr/bin/git config --local --name-only --get-regexp ^includeIf\.gitdir:
2026-09-12T10:52:10.1421832Z [command]/usr/bin/git submodule foreach --recursive git config --local --show-origin --name-only --get-regexp remote.origin.url
2026-09-12T10:52:10.1930981Z Cleaning up orphan processes
