FFFFFFFFFFFFFFFFFFFFFFFF
======================================================================
FAIL: test_native_and_public_exports_include_resident_learning (__main__.ResidentExports.test_native_and_public_exports_include_resident_learning) (module='nn', name='ResidentGraphAutograd')
----------------------------------------------------------------------
Traceback (most recent call last):
  File "/Users/ryospiralarchitect/🌀SpiralReality🌀/_wt/spiraltorch-resident-nn-integration-v1/bindings/st-py/tests/test_nn_resident_exports.py", line 24, in test_native_and_public_exports_include_resident_learning
    self.assertIn(name, module.__all__)
AssertionError: 'ResidentGraphAutograd' not found in ['InferencePlan', 'ResidentInference', 'InferenceSnapshot', 'ResidentTraining', 'TrainingLossSnapshot', 'TrainingSnapshot', 'TrainingParametersSnapshot', 'TrainingState', 'ResidentGraphTraining', 'ResidentGraphInference', 'GraphInferenceSnapshot', 'GraphTrainingSnapshot', 'GraphTrainingParametersSnapshot', 'GraphTrainingState', 'Identity', 'Linear', 'LoraLinear', 'Embedding', 'FeatureReorder2d', 'SpiralRnn', 'WaveGate', 'WaveRnn', 'ZSpaceMixer', 'ZSpaceProjector', 'ZSpaceSoftmax', 'ZSpaceCoherenceScan', 'ZSpaceCoherenceWaveBlock', 'Relu', 'Gelu', 'LayerNorm', 'ZSpaceLayerNorm', 'BatchNorm1d', 'ZSpaceBatchNorm1d', 'Sequential', 'MeanSquaredError', 'CategoricalCrossEntropy', 'CrossEntropyWithLogits', 'HyperbolicCrossEntropy', 'CrossEntropy', 'FocalLoss', 'ContrastiveLoss', 'TripletLoss', 'RoundtableConfig', 'RoundtableSchedule', 'EpochStats', 'ModuleTrainer', 'RoundtableGnnBridge', 'DesireTrainerBridge', 'DesireRoundtableBridge', 'DesireTelemetryBundle', 'MaxwellDesireBridge', 'NarrativeHint', 'NarrativeSummary', 'DesirePipeline', 'save_json', 'load_json', 'save_bincode', 'load_bincode', 'NonLiner', 'Scaler', 'ZConv', 'ZConv6DA', 'ZPooling', 'Dropout', 'Pool2d', 'Dataset', 'DataLoader', 'DataLoaderIter', 'CoherenceChannelReport', 'LinguisticContour', 'CoherenceDiagnostics', 'PreDiscardTelemetry', 'PreDiscardPolicy', 'PreDiscardSnapshot', 'ZSpaceCoherenceSequencer', 'ZSpaceTraceRecorder', 'MellinBasis', 'ZSpaceVae', 'ZSpaceVaeState', 'ZSpaceVaeStats', 'ZSpaceVaeBatchStats', 'ZSpaceTextVae', 'ZRelativityModule', 'CurvatureScheduler', 'SpectralLearningRatePolicy', 'CurvatureDecision', 'from_samples', 'reorder_feature_tensor', 'conv_output_shape', 'pool_output_shape']

======================================================================
FAIL: test_native_and_public_exports_include_resident_learning (__main__.ResidentExports.test_native_and_public_exports_include_resident_learning) (module='nn', name='GraphForward')
----------------------------------------------------------------------
Traceback (most recent call last):
  File "/Users/ryospiralarchitect/🌀SpiralReality🌀/_wt/spiraltorch-resident-nn-integration-v1/bindings/st-py/tests/test_nn_resident_exports.py", line 24, in test_native_and_public_exports_include_resident_learning
    self.assertIn(name, module.__all__)
AssertionError: 'GraphForward' not found in ['InferencePlan', 'ResidentInference', 'InferenceSnapshot', 'ResidentTraining', 'TrainingLossSnapshot', 'TrainingSnapshot', 'TrainingParametersSnapshot', 'TrainingState', 'ResidentGraphTraining', 'ResidentGraphInference', 'GraphInferenceSnapshot', 'GraphTrainingSnapshot', 'GraphTrainingParametersSnapshot', 'GraphTrainingState', 'Identity', 'Linear', 'LoraLinear', 'Embedding', 'FeatureReorder2d', 'SpiralRnn', 'WaveGate', 'WaveRnn', 'ZSpaceMixer', 'ZSpaceProjector', 'ZSpaceSoftmax', 'ZSpaceCoherenceScan', 'ZSpaceCoherenceWaveBlock', 'Relu', 'Gelu', 'LayerNorm', 'ZSpaceLayerNorm', 'BatchNorm1d', 'ZSpaceBatchNorm1d', 'Sequential', 'MeanSquaredError', 'CategoricalCrossEntropy', 'CrossEntropyWithLogits', 'HyperbolicCrossEntropy', 'CrossEntropy', 'FocalLoss', 'ContrastiveLoss', 'TripletLoss', 'RoundtableConfig', 'RoundtableSchedule', 'EpochStats', 'ModuleTrainer', 'RoundtableGnnBridge', 'DesireTrainerBridge', 'DesireRoundtableBridge', 'DesireTelemetryBundle', 'MaxwellDesireBridge', 'NarrativeHint', 'NarrativeSummary', 'DesirePipeline', 'save_json', 'load_json', 'save_bincode', 'load_bincode', 'NonLiner', 'Scaler', 'ZConv', 'ZConv6DA', 'ZPooling', 'Dropout', 'Pool2d', 'Dataset', 'DataLoader', 'DataLoaderIter', 'CoherenceChannelReport', 'LinguisticContour', 'CoherenceDiagnostics', 'PreDiscardTelemetry', 'PreDiscardPolicy', 'PreDiscardSnapshot', 'ZSpaceCoherenceSequencer', 'ZSpaceTraceRecorder', 'MellinBasis', 'ZSpaceVae', 'ZSpaceVaeState', 'ZSpaceVaeStats', 'ZSpaceVaeBatchStats', 'ZSpaceTextVae', 'ZRelativityModule', 'CurvatureScheduler', 'SpectralLearningRatePolicy', 'CurvatureDecision', 'from_samples', 'reorder_feature_tensor', 'conv_output_shape', 'pool_output_shape']

======================================================================
FAIL: test_native_and_public_exports_include_resident_learning (__main__.ResidentExports.test_native_and_public_exports_include_resident_learning) (module='nn', name='GraphGradients')
----------------------------------------------------------------------
Traceback (most recent call last):
  File "/Users/ryospiralarchitect/🌀SpiralReality🌀/_wt/spiraltorch-resident-nn-integration-v1/bindings/st-py/tests/test_nn_resident_exports.py", line 24, in test_native_and_public_exports_include_resident_learning
    self.assertIn(name, module.__all__)
AssertionError: 'GraphGradients' not found in ['InferencePlan', 'ResidentInference', 'InferenceSnapshot', 'ResidentTraining', 'TrainingLossSnapshot', 'TrainingSnapshot', 'TrainingParametersSnapshot', 'TrainingState', 'ResidentGraphTraining', 'ResidentGraphInference', 'GraphInferenceSnapshot', 'GraphTrainingSnapshot', 'GraphTrainingParametersSnapshot', 'GraphTrainingState', 'Identity', 'Linear', 'LoraLinear', 'Embedding', 'FeatureReorder2d', 'SpiralRnn', 'WaveGate', 'WaveRnn', 'ZSpaceMixer', 'ZSpaceProjector', 'ZSpaceSoftmax', 'ZSpaceCoherenceScan', 'ZSpaceCoherenceWaveBlock', 'Relu', 'Gelu', 'LayerNorm', 'ZSpaceLayerNorm', 'BatchNorm1d', 'ZSpaceBatchNorm1d', 'Sequential', 'MeanSquaredError', 'CategoricalCrossEntropy', 'CrossEntropyWithLogits', 'HyperbolicCrossEntropy', 'CrossEntropy', 'FocalLoss', 'ContrastiveLoss', 'TripletLoss', 'RoundtableConfig', 'RoundtableSchedule', 'EpochStats', 'ModuleTrainer', 'RoundtableGnnBridge', 'DesireTrainerBridge', 'DesireRoundtableBridge', 'DesireTelemetryBundle', 'MaxwellDesireBridge', 'NarrativeHint', 'NarrativeSummary', 'DesirePipeline', 'save_json', 'load_json', 'save_bincode', 'load_bincode', 'NonLiner', 'Scaler', 'ZConv', 'ZConv6DA', 'ZPooling', 'Dropout', 'Pool2d', 'Dataset', 'DataLoader', 'DataLoaderIter', 'CoherenceChannelReport', 'LinguisticContour', 'CoherenceDiagnostics', 'PreDiscardTelemetry', 'PreDiscardPolicy', 'PreDiscardSnapshot', 'ZSpaceCoherenceSequencer', 'ZSpaceTraceRecorder', 'MellinBasis', 'ZSpaceVae', 'ZSpaceVaeState', 'ZSpaceVaeStats', 'ZSpaceVaeBatchStats', 'ZSpaceTextVae', 'ZRelativityModule', 'CurvatureScheduler', 'SpectralLearningRatePolicy', 'CurvatureDecision', 'from_samples', 'reorder_feature_tensor', 'conv_output_shape', 'pool_output_shape']

======================================================================
FAIL: test_native_and_public_exports_include_resident_learning (__main__.ResidentExports.test_native_and_public_exports_include_resident_learning) (module='nn', name='ResidentGraphLearner')
----------------------------------------------------------------------
Traceback (most recent call last):
  File "/Users/ryospiralarchitect/🌀SpiralReality🌀/_wt/spiraltorch-resident-nn-integration-v1/bindings/st-py/tests/test_nn_resident_exports.py", line 24, in test_native_and_public_exports_include_resident_learning
    self.assertIn(name, module.__all__)
AssertionError: 'ResidentGraphLearner' not found in ['InferencePlan', 'ResidentInference', 'InferenceSnapshot', 'ResidentTraining', 'TrainingLossSnapshot', 'TrainingSnapshot', 'TrainingParametersSnapshot', 'TrainingState', 'ResidentGraphTraining', 'ResidentGraphInference', 'GraphInferenceSnapshot', 'GraphTrainingSnapshot', 'GraphTrainingParametersSnapshot', 'GraphTrainingState', 'Identity', 'Linear', 'LoraLinear', 'Embedding', 'FeatureReorder2d', 'SpiralRnn', 'WaveGate', 'WaveRnn', 'ZSpaceMixer', 'ZSpaceProjector', 'ZSpaceSoftmax', 'ZSpaceCoherenceScan', 'ZSpaceCoherenceWaveBlock', 'Relu', 'Gelu', 'LayerNorm', 'ZSpaceLayerNorm', 'BatchNorm1d', 'ZSpaceBatchNorm1d', 'Sequential', 'MeanSquaredError', 'CategoricalCrossEntropy', 'CrossEntropyWithLogits', 'HyperbolicCrossEntropy', 'CrossEntropy', 'FocalLoss', 'ContrastiveLoss', 'TripletLoss', 'RoundtableConfig', 'RoundtableSchedule', 'EpochStats', 'ModuleTrainer', 'RoundtableGnnBridge', 'DesireTrainerBridge', 'DesireRoundtableBridge', 'DesireTelemetryBundle', 'MaxwellDesireBridge', 'NarrativeHint', 'NarrativeSummary', 'DesirePipeline', 'save_json', 'load_json', 'save_bincode', 'load_bincode', 'NonLiner', 'Scaler', 'ZConv', 'ZConv6DA', 'ZPooling', 'Dropout', 'Pool2d', 'Dataset', 'DataLoader', 'DataLoaderIter', 'CoherenceChannelReport', 'LinguisticContour', 'CoherenceDiagnostics', 'PreDiscardTelemetry', 'PreDiscardPolicy', 'PreDiscardSnapshot', 'ZSpaceCoherenceSequencer', 'ZSpaceTraceRecorder', 'MellinBasis', 'ZSpaceVae', 'ZSpaceVaeState', 'ZSpaceVaeStats', 'ZSpaceVaeBatchStats', 'ZSpaceTextVae', 'ZRelativityModule', 'CurvatureScheduler', 'SpectralLearningRatePolicy', 'CurvatureDecision', 'from_samples', 'reorder_feature_tensor', 'conv_output_shape', 'pool_output_shape']

======================================================================
FAIL: test_native_and_public_exports_include_resident_learning (__main__.ResidentExports.test_native_and_public_exports_include_resident_learning) (module='nn', name='GraphGradientBatch')
----------------------------------------------------------------------
Traceback (most recent call last):
  File "/Users/ryospiralarchitect/🌀SpiralReality🌀/_wt/spiraltorch-resident-nn-integration-v1/bindings/st-py/tests/test_nn_resident_exports.py", line 24, in test_native_and_public_exports_include_resident_learning
    self.assertIn(name, module.__all__)
AssertionError: 'GraphGradientBatch' not found in ['InferencePlan', 'ResidentInference', 'InferenceSnapshot', 'ResidentTraining', 'TrainingLossSnapshot', 'TrainingSnapshot', 'TrainingParametersSnapshot', 'TrainingState', 'ResidentGraphTraining', 'ResidentGraphInference', 'GraphInferenceSnapshot', 'GraphTrainingSnapshot', 'GraphTrainingParametersSnapshot', 'GraphTrainingState', 'Identity', 'Linear', 'LoraLinear', 'Embedding', 'FeatureReorder2d', 'SpiralRnn', 'WaveGate', 'WaveRnn', 'ZSpaceMixer', 'ZSpaceProjector', 'ZSpaceSoftmax', 'ZSpaceCoherenceScan', 'ZSpaceCoherenceWaveBlock', 'Relu', 'Gelu', 'LayerNorm', 'ZSpaceLayerNorm', 'BatchNorm1d', 'ZSpaceBatchNorm1d', 'Sequential', 'MeanSquaredError', 'CategoricalCrossEntropy', 'CrossEntropyWithLogits', 'HyperbolicCrossEntropy', 'CrossEntropy', 'FocalLoss', 'ContrastiveLoss', 'TripletLoss', 'RoundtableConfig', 'RoundtableSchedule', 'EpochStats', 'ModuleTrainer', 'RoundtableGnnBridge', 'DesireTrainerBridge', 'DesireRoundtableBridge', 'DesireTelemetryBundle', 'MaxwellDesireBridge', 'NarrativeHint', 'NarrativeSummary', 'DesirePipeline', 'save_json', 'load_json', 'save_bincode', 'load_bincode', 'NonLiner', 'Scaler', 'ZConv', 'ZConv6DA', 'ZPooling', 'Dropout', 'Pool2d', 'Dataset', 'DataLoader', 'DataLoaderIter', 'CoherenceChannelReport', 'LinguisticContour', 'CoherenceDiagnostics', 'PreDiscardTelemetry', 'PreDiscardPolicy', 'PreDiscardSnapshot', 'ZSpaceCoherenceSequencer', 'ZSpaceTraceRecorder', 'MellinBasis', 'ZSpaceVae', 'ZSpaceVaeState', 'ZSpaceVaeStats', 'ZSpaceVaeBatchStats', 'ZSpaceTextVae', 'ZRelativityModule', 'CurvatureScheduler', 'SpectralLearningRatePolicy', 'CurvatureDecision', 'from_samples', 'reorder_feature_tensor', 'conv_output_shape', 'pool_output_shape']

======================================================================
FAIL: test_native_and_public_exports_include_resident_learning (__main__.ResidentExports.test_native_and_public_exports_include_resident_learning) (module='nn', name='GraphGradientAccumulator')
----------------------------------------------------------------------
Traceback (most recent call last):
  File "/Users/ryospiralarchitect/🌀SpiralReality🌀/_wt/spiraltorch-resident-nn-integration-v1/bindings/st-py/tests/test_nn_resident_exports.py", line 24, in test_native_and_public_exports_include_resident_learning
    self.assertIn(name, module.__all__)
AssertionError: 'GraphGradientAccumulator' not found in ['InferencePlan', 'ResidentInference', 'InferenceSnapshot', 'ResidentTraining', 'TrainingLossSnapshot', 'TrainingSnapshot', 'TrainingParametersSnapshot', 'TrainingState', 'ResidentGraphTraining', 'ResidentGraphInference', 'GraphInferenceSnapshot', 'GraphTrainingSnapshot', 'GraphTrainingParametersSnapshot', 'GraphTrainingState', 'Identity', 'Linear', 'LoraLinear', 'Embedding', 'FeatureReorder2d', 'SpiralRnn', 'WaveGate', 'WaveRnn', 'ZSpaceMixer', 'ZSpaceProjector', 'ZSpaceSoftmax', 'ZSpaceCoherenceScan', 'ZSpaceCoherenceWaveBlock', 'Relu', 'Gelu', 'LayerNorm', 'ZSpaceLayerNorm', 'BatchNorm1d', 'ZSpaceBatchNorm1d', 'Sequential', 'MeanSquaredError', 'CategoricalCrossEntropy', 'CrossEntropyWithLogits', 'HyperbolicCrossEntropy', 'CrossEntropy', 'FocalLoss', 'ContrastiveLoss', 'TripletLoss', 'RoundtableConfig', 'RoundtableSchedule', 'EpochStats', 'ModuleTrainer', 'RoundtableGnnBridge', 'DesireTrainerBridge', 'DesireRoundtableBridge', 'DesireTelemetryBundle', 'MaxwellDesireBridge', 'NarrativeHint', 'NarrativeSummary', 'DesirePipeline', 'save_json', 'load_json', 'save_bincode', 'load_bincode', 'NonLiner', 'Scaler', 'ZConv', 'ZConv6DA', 'ZPooling', 'Dropout', 'Pool2d', 'Dataset', 'DataLoader', 'DataLoaderIter', 'CoherenceChannelReport', 'LinguisticContour', 'CoherenceDiagnostics', 'PreDiscardTelemetry', 'PreDiscardPolicy', 'PreDiscardSnapshot', 'ZSpaceCoherenceSequencer', 'ZSpaceTraceRecorder', 'MellinBasis', 'ZSpaceVae', 'ZSpaceVaeState', 'ZSpaceVaeStats', 'ZSpaceVaeBatchStats', 'ZSpaceTextVae', 'ZRelativityModule', 'CurvatureScheduler', 'SpectralLearningRatePolicy', 'CurvatureDecision', 'from_samples', 'reorder_feature_tensor', 'conv_output_shape', 'pool_output_shape']

======================================================================
FAIL: test_native_and_public_exports_include_resident_learning (__main__.ResidentExports.test_native_and_public_exports_include_resident_learning) (module='nn', name='GraphUpdateSnapshot')
----------------------------------------------------------------------
Traceback (most recent call last):
  File "/Users/ryospiralarchitect/🌀SpiralReality🌀/_wt/spiraltorch-resident-nn-integration-v1/bindings/st-py/tests/test_nn_resident_exports.py", line 24, in test_native_and_public_exports_include_resident_learning
    self.assertIn(name, module.__all__)
AssertionError: 'GraphUpdateSnapshot' not found in ['InferencePlan', 'ResidentInference', 'InferenceSnapshot', 'ResidentTraining', 'TrainingLossSnapshot', 'TrainingSnapshot', 'TrainingParametersSnapshot', 'TrainingState', 'ResidentGraphTraining', 'ResidentGraphInference', 'GraphInferenceSnapshot', 'GraphTrainingSnapshot', 'GraphTrainingParametersSnapshot', 'GraphTrainingState', 'Identity', 'Linear', 'LoraLinear', 'Embedding', 'FeatureReorder2d', 'SpiralRnn', 'WaveGate', 'WaveRnn', 'ZSpaceMixer', 'ZSpaceProjector', 'ZSpaceSoftmax', 'ZSpaceCoherenceScan', 'ZSpaceCoherenceWaveBlock', 'Relu', 'Gelu', 'LayerNorm', 'ZSpaceLayerNorm', 'BatchNorm1d', 'ZSpaceBatchNorm1d', 'Sequential', 'MeanSquaredError', 'CategoricalCrossEntropy', 'CrossEntropyWithLogits', 'HyperbolicCrossEntropy', 'CrossEntropy', 'FocalLoss', 'ContrastiveLoss', 'TripletLoss', 'RoundtableConfig', 'RoundtableSchedule', 'EpochStats', 'ModuleTrainer', 'RoundtableGnnBridge', 'DesireTrainerBridge', 'DesireRoundtableBridge', 'DesireTelemetryBundle', 'MaxwellDesireBridge', 'NarrativeHint', 'NarrativeSummary', 'DesirePipeline', 'save_json', 'load_json', 'save_bincode', 'load_bincode', 'NonLiner', 'Scaler', 'ZConv', 'ZConv6DA', 'ZPooling', 'Dropout', 'Pool2d', 'Dataset', 'DataLoader', 'DataLoaderIter', 'CoherenceChannelReport', 'LinguisticContour', 'CoherenceDiagnostics', 'PreDiscardTelemetry', 'PreDiscardPolicy', 'PreDiscardSnapshot', 'ZSpaceCoherenceSequencer', 'ZSpaceTraceRecorder', 'MellinBasis', 'ZSpaceVae', 'ZSpaceVaeState', 'ZSpaceVaeStats', 'ZSpaceVaeBatchStats', 'ZSpaceTextVae', 'ZRelativityModule', 'CurvatureScheduler', 'SpectralLearningRatePolicy', 'CurvatureDecision', 'from_samples', 'reorder_feature_tensor', 'conv_output_shape', 'pool_output_shape']

======================================================================
FAIL: test_native_and_public_exports_include_resident_learning (__main__.ResidentExports.test_native_and_public_exports_include_resident_learning) (module='nn', name='ResidentLoss')
----------------------------------------------------------------------
Traceback (most recent call last):
  File "/Users/ryospiralarchitect/🌀SpiralReality🌀/_wt/spiraltorch-resident-nn-integration-v1/bindings/st-py/tests/test_nn_resident_exports.py", line 24, in test_native_and_public_exports_include_resident_learning
    self.assertIn(name, module.__all__)
AssertionError: 'ResidentLoss' not found in ['InferencePlan', 'ResidentInference', 'InferenceSnapshot', 'ResidentTraining', 'TrainingLossSnapshot', 'TrainingSnapshot', 'TrainingParametersSnapshot', 'TrainingState', 'ResidentGraphTraining', 'ResidentGraphInference', 'GraphInferenceSnapshot', 'GraphTrainingSnapshot', 'GraphTrainingParametersSnapshot', 'GraphTrainingState', 'Identity', 'Linear', 'LoraLinear', 'Embedding', 'FeatureReorder2d', 'SpiralRnn', 'WaveGate', 'WaveRnn', 'ZSpaceMixer', 'ZSpaceProjector', 'ZSpaceSoftmax', 'ZSpaceCoherenceScan', 'ZSpaceCoherenceWaveBlock', 'Relu', 'Gelu', 'LayerNorm', 'ZSpaceLayerNorm', 'BatchNorm1d', 'ZSpaceBatchNorm1d', 'Sequential', 'MeanSquaredError', 'CategoricalCrossEntropy', 'CrossEntropyWithLogits', 'HyperbolicCrossEntropy', 'CrossEntropy', 'FocalLoss', 'ContrastiveLoss', 'TripletLoss', 'RoundtableConfig', 'RoundtableSchedule', 'EpochStats', 'ModuleTrainer', 'RoundtableGnnBridge', 'DesireTrainerBridge', 'DesireRoundtableBridge', 'DesireTelemetryBundle', 'MaxwellDesireBridge', 'NarrativeHint', 'NarrativeSummary', 'DesirePipeline', 'save_json', 'load_json', 'save_bincode', 'load_bincode', 'NonLiner', 'Scaler', 'ZConv', 'ZConv6DA', 'ZPooling', 'Dropout', 'Pool2d', 'Dataset', 'DataLoader', 'DataLoaderIter', 'CoherenceChannelReport', 'LinguisticContour', 'CoherenceDiagnostics', 'PreDiscardTelemetry', 'PreDiscardPolicy', 'PreDiscardSnapshot', 'ZSpaceCoherenceSequencer', 'ZSpaceTraceRecorder', 'MellinBasis', 'ZSpaceVae', 'ZSpaceVaeState', 'ZSpaceVaeStats', 'ZSpaceVaeBatchStats', 'ZSpaceTextVae', 'ZRelativityModule', 'CurvatureScheduler', 'SpectralLearningRatePolicy', 'CurvatureDecision', 'from_samples', 'reorder_feature_tensor', 'conv_output_shape', 'pool_output_shape']

======================================================================
FAIL: test_native_and_public_exports_include_resident_learning (__main__.ResidentExports.test_native_and_public_exports_include_resident_learning) (module='spiraltorch.nn', name='ResidentGraphAutograd')
----------------------------------------------------------------------
Traceback (most recent call last):
  File "/Users/ryospiralarchitect/🌀SpiralReality🌀/_wt/spiraltorch-resident-nn-integration-v1/bindings/st-py/tests/test_nn_resident_exports.py", line 24, in test_native_and_public_exports_include_resident_learning
    self.assertIn(name, module.__all__)
AssertionError: 'ResidentGraphAutograd' not found in ['CategoricalCrossEntropy', 'ContrastiveLoss', 'CrossEntropy', 'CrossEntropyWithLogits', 'CurvatureDecision', 'CurvatureScheduler', 'DataLoader', 'DataLoaderIter', 'Dataset', 'Dropout', 'EpochStats', 'FocalLoss', 'HyperbolicCrossEntropy', 'Identity', 'LoraLinear', 'MeanSquaredError', 'ModuleTrainer', 'NonLiner', 'RoundtableConfig', 'RoundtableSchedule', 'Scaler', 'SoftLogicConfig', 'SoftmaxCrossEntropy', 'SpectralLearningRatePolicy', 'TripletLoss', 'ZConv', 'ZConv6DA', 'ZPooling', 'ZSpaceProjector', 'compare_sparse_finetune_summaries', 'eval_mode', 'from_samples', 'load', 'save', 'softlogic_signal', 'sparse_classification_delta']

======================================================================
FAIL: test_native_and_public_exports_include_resident_learning (__main__.ResidentExports.test_native_and_public_exports_include_resident_learning) (module='spiraltorch.nn', name='GraphForward')
----------------------------------------------------------------------
Traceback (most recent call last):
  File "/Users/ryospiralarchitect/🌀SpiralReality🌀/_wt/spiraltorch-resident-nn-integration-v1/bindings/st-py/tests/test_nn_resident_exports.py", line 24, in test_native_and_public_exports_include_resident_learning
    self.assertIn(name, module.__all__)
AssertionError: 'GraphForward' not found in ['CategoricalCrossEntropy', 'ContrastiveLoss', 'CrossEntropy', 'CrossEntropyWithLogits', 'CurvatureDecision', 'CurvatureScheduler', 'DataLoader', 'DataLoaderIter', 'Dataset', 'Dropout', 'EpochStats', 'FocalLoss', 'HyperbolicCrossEntropy', 'Identity', 'LoraLinear', 'MeanSquaredError', 'ModuleTrainer', 'NonLiner', 'RoundtableConfig', 'RoundtableSchedule', 'Scaler', 'SoftLogicConfig', 'SoftmaxCrossEntropy', 'SpectralLearningRatePolicy', 'TripletLoss', 'ZConv', 'ZConv6DA', 'ZPooling', 'ZSpaceProjector', 'compare_sparse_finetune_summaries', 'eval_mode', 'from_samples', 'load', 'save', 'softlogic_signal', 'sparse_classification_delta']

======================================================================
FAIL: test_native_and_public_exports_include_resident_learning (__main__.ResidentExports.test_native_and_public_exports_include_resident_learning) (module='spiraltorch.nn', name='GraphGradients')
----------------------------------------------------------------------
Traceback (most recent call last):
  File "/Users/ryospiralarchitect/🌀SpiralReality🌀/_wt/spiraltorch-resident-nn-integration-v1/bindings/st-py/tests/test_nn_resident_exports.py", line 24, in test_native_and_public_exports_include_resident_learning
    self.assertIn(name, module.__all__)
AssertionError: 'GraphGradients' not found in ['CategoricalCrossEntropy', 'ContrastiveLoss', 'CrossEntropy', 'CrossEntropyWithLogits', 'CurvatureDecision', 'CurvatureScheduler', 'DataLoader', 'DataLoaderIter', 'Dataset', 'Dropout', 'EpochStats', 'FocalLoss', 'HyperbolicCrossEntropy', 'Identity', 'LoraLinear', 'MeanSquaredError', 'ModuleTrainer', 'NonLiner', 'RoundtableConfig', 'RoundtableSchedule', 'Scaler', 'SoftLogicConfig', 'SoftmaxCrossEntropy', 'SpectralLearningRatePolicy', 'TripletLoss', 'ZConv', 'ZConv6DA', 'ZPooling', 'ZSpaceProjector', 'compare_sparse_finetune_summaries', 'eval_mode', 'from_samples', 'load', 'save', 'softlogic_signal', 'sparse_classification_delta']

======================================================================
FAIL: test_native_and_public_exports_include_resident_learning (__main__.ResidentExports.test_native_and_public_exports_include_resident_learning) (module='spiraltorch.nn', name='ResidentGraphLearner')
----------------------------------------------------------------------
Traceback (most recent call last):
  File "/Users/ryospiralarchitect/🌀SpiralReality🌀/_wt/spiraltorch-resident-nn-integration-v1/bindings/st-py/tests/test_nn_resident_exports.py", line 24, in test_native_and_public_exports_include_resident_learning
    self.assertIn(name, module.__all__)
AssertionError: 'ResidentGraphLearner' not found in ['CategoricalCrossEntropy', 'ContrastiveLoss', 'CrossEntropy', 'CrossEntropyWithLogits', 'CurvatureDecision', 'CurvatureScheduler', 'DataLoader', 'DataLoaderIter', 'Dataset', 'Dropout', 'EpochStats', 'FocalLoss', 'HyperbolicCrossEntropy', 'Identity', 'LoraLinear', 'MeanSquaredError', 'ModuleTrainer', 'NonLiner', 'RoundtableConfig', 'RoundtableSchedule', 'Scaler', 'SoftLogicConfig', 'SoftmaxCrossEntropy', 'SpectralLearningRatePolicy', 'TripletLoss', 'ZConv', 'ZConv6DA', 'ZPooling', 'ZSpaceProjector', 'compare_sparse_finetune_summaries', 'eval_mode', 'from_samples', 'load', 'save', 'softlogic_signal', 'sparse_classification_delta']

======================================================================
FAIL: test_native_and_public_exports_include_resident_learning (__main__.ResidentExports.test_native_and_public_exports_include_resident_learning) (module='spiraltorch.nn', name='GraphGradientBatch')
----------------------------------------------------------------------
Traceback (most recent call last):
  File "/Users/ryospiralarchitect/🌀SpiralReality🌀/_wt/spiraltorch-resident-nn-integration-v1/bindings/st-py/tests/test_nn_resident_exports.py", line 24, in test_native_and_public_exports_include_resident_learning
    self.assertIn(name, module.__all__)
AssertionError: 'GraphGradientBatch' not found in ['CategoricalCrossEntropy', 'ContrastiveLoss', 'CrossEntropy', 'CrossEntropyWithLogits', 'CurvatureDecision', 'CurvatureScheduler', 'DataLoader', 'DataLoaderIter', 'Dataset', 'Dropout', 'EpochStats', 'FocalLoss', 'HyperbolicCrossEntropy', 'Identity', 'LoraLinear', 'MeanSquaredError', 'ModuleTrainer', 'NonLiner', 'RoundtableConfig', 'RoundtableSchedule', 'Scaler', 'SoftLogicConfig', 'SoftmaxCrossEntropy', 'SpectralLearningRatePolicy', 'TripletLoss', 'ZConv', 'ZConv6DA', 'ZPooling', 'ZSpaceProjector', 'compare_sparse_finetune_summaries', 'eval_mode', 'from_samples', 'load', 'save', 'softlogic_signal', 'sparse_classification_delta']

======================================================================
FAIL: test_native_and_public_exports_include_resident_learning (__main__.ResidentExports.test_native_and_public_exports_include_resident_learning) (module='spiraltorch.nn', name='GraphGradientAccumulator')
----------------------------------------------------------------------
Traceback (most recent call last):
  File "/Users/ryospiralarchitect/🌀SpiralReality🌀/_wt/spiraltorch-resident-nn-integration-v1/bindings/st-py/tests/test_nn_resident_exports.py", line 24, in test_native_and_public_exports_include_resident_learning
    self.assertIn(name, module.__all__)
AssertionError: 'GraphGradientAccumulator' not found in ['CategoricalCrossEntropy', 'ContrastiveLoss', 'CrossEntropy', 'CrossEntropyWithLogits', 'CurvatureDecision', 'CurvatureScheduler', 'DataLoader', 'DataLoaderIter', 'Dataset', 'Dropout', 'EpochStats', 'FocalLoss', 'HyperbolicCrossEntropy', 'Identity', 'LoraLinear', 'MeanSquaredError', 'ModuleTrainer', 'NonLiner', 'RoundtableConfig', 'RoundtableSchedule', 'Scaler', 'SoftLogicConfig', 'SoftmaxCrossEntropy', 'SpectralLearningRatePolicy', 'TripletLoss', 'ZConv', 'ZConv6DA', 'ZPooling', 'ZSpaceProjector', 'compare_sparse_finetune_summaries', 'eval_mode', 'from_samples', 'load', 'save', 'softlogic_signal', 'sparse_classification_delta']

======================================================================
FAIL: test_native_and_public_exports_include_resident_learning (__main__.ResidentExports.test_native_and_public_exports_include_resident_learning) (module='spiraltorch.nn', name='GraphUpdateSnapshot')
----------------------------------------------------------------------
Traceback (most recent call last):
  File "/Users/ryospiralarchitect/🌀SpiralReality🌀/_wt/spiraltorch-resident-nn-integration-v1/bindings/st-py/tests/test_nn_resident_exports.py", line 24, in test_native_and_public_exports_include_resident_learning
    self.assertIn(name, module.__all__)
AssertionError: 'GraphUpdateSnapshot' not found in ['CategoricalCrossEntropy', 'ContrastiveLoss', 'CrossEntropy', 'CrossEntropyWithLogits', 'CurvatureDecision', 'CurvatureScheduler', 'DataLoader', 'DataLoaderIter', 'Dataset', 'Dropout', 'EpochStats', 'FocalLoss', 'HyperbolicCrossEntropy', 'Identity', 'LoraLinear', 'MeanSquaredError', 'ModuleTrainer', 'NonLiner', 'RoundtableConfig', 'RoundtableSchedule', 'Scaler', 'SoftLogicConfig', 'SoftmaxCrossEntropy', 'SpectralLearningRatePolicy', 'TripletLoss', 'ZConv', 'ZConv6DA', 'ZPooling', 'ZSpaceProjector', 'compare_sparse_finetune_summaries', 'eval_mode', 'from_samples', 'load', 'save', 'softlogic_signal', 'sparse_classification_delta']

======================================================================
FAIL: test_native_and_public_exports_include_resident_learning (__main__.ResidentExports.test_native_and_public_exports_include_resident_learning) (module='spiraltorch.nn', name='ResidentLoss')
----------------------------------------------------------------------
Traceback (most recent call last):
  File "/Users/ryospiralarchitect/🌀SpiralReality🌀/_wt/spiraltorch-resident-nn-integration-v1/bindings/st-py/tests/test_nn_resident_exports.py", line 24, in test_native_and_public_exports_include_resident_learning
    self.assertIn(name, module.__all__)
AssertionError: 'ResidentLoss' not found in ['CategoricalCrossEntropy', 'ContrastiveLoss', 'CrossEntropy', 'CrossEntropyWithLogits', 'CurvatureDecision', 'CurvatureScheduler', 'DataLoader', 'DataLoaderIter', 'Dataset', 'Dropout', 'EpochStats', 'FocalLoss', 'HyperbolicCrossEntropy', 'Identity', 'LoraLinear', 'MeanSquaredError', 'ModuleTrainer', 'NonLiner', 'RoundtableConfig', 'RoundtableSchedule', 'Scaler', 'SoftLogicConfig', 'SoftmaxCrossEntropy', 'SpectralLearningRatePolicy', 'TripletLoss', 'ZConv', 'ZConv6DA', 'ZPooling', 'ZSpaceProjector', 'compare_sparse_finetune_summaries', 'eval_mode', 'from_samples', 'load', 'save', 'softlogic_signal', 'sparse_classification_delta']

======================================================================
FAIL: test_star_import_retains_native_identity (__main__.ResidentExports.test_star_import_retains_native_identity) (name='ResidentGraphAutograd')
----------------------------------------------------------------------
Traceback (most recent call last):
  File "/Users/ryospiralarchitect/🌀SpiralReality🌀/_wt/spiraltorch-resident-nn-integration-v1/bindings/st-py/tests/test_nn_resident_exports.py", line 32, in test_star_import_retains_native_identity
    self.assertIn(name, namespace)
AssertionError: 'ResidentGraphAutograd' not found in {'__builtins__': {'__name__': 'builtins', '__doc__': "Built-in functions, types, exceptions, and other objects.\n\nThis module provides direct access to all 'built-in'\nidentifiers of Python; for example, builtins.len is\nthe full name for the built-in function len().\n\nThis module is not normally accessed explicitly by most\napplications, but can be useful in modules that provide\nobjects with the same name as a built-in value, but in\nwhich the built-in of that name is also needed.", '__package__': '', '__loader__': <class '_frozen_importlib.BuiltinImporter'>, '__spec__': ModuleSpec(name='builtins', loader=<class '_frozen_importlib.BuiltinImporter'>, origin='built-in'), '__build_class__': <built-in function __build_class__>, '__import__': <built-in function __import__>, 'abs': <built-in function abs>, 'all': <built-in function all>, 'any': <built-in function any>, 'ascii': <built-in function ascii>, 'bin': <built-in function bin>, 'breakpoint': <built-in function breakpoint>, 'callable': <built-in function callable>, 'chr': <built-in function chr>, 'compile': <built-in function compile>, 'delattr': <built-in function delattr>, 'dir': <built-in function dir>, 'divmod': <built-in function divmod>, 'eval': <built-in function eval>, 'exec': <built-in function exec>, 'format': <built-in function format>, 'getattr': <built-in function getattr>, 'globals': <built-in function globals>, 'hasattr': <built-in function hasattr>, 'hash': <built-in function hash>, 'hex': <built-in function hex>, 'id': <built-in function id>, 'input': <built-in function input>, 'isinstance': <built-in function isinstance>, 'issubclass': <built-in function issubclass>, 'iter': <built-in function iter>, 'aiter': <built-in function aiter>, 'len': <built-in function len>, 'locals': <built-in function locals>, 'max': <built-in function max>, 'min': <built-in function min>, 'next': <built-in function next>, 'anext': <built-in function anext>, 'oct': <built-in function oct>, 'ord': <built-in function ord>, 'pow': <built-in function pow>, 'print': <built-in function print>, 'repr': <built-in function repr>, 'round': <built-in function round>, 'setattr': <built-in function setattr>, 'sorted': <built-in function sorted>, 'sum': <built-in function sum>, 'vars': <built-in function vars>, 'None': None, 'Ellipsis': Ellipsis, 'NotImplemented': NotImplemented, 'False': False, 'True': True, 'bool': <class 'bool'>, 'memoryview': <class 'memoryview'>, 'bytearray': <class 'bytearray'>, 'bytes': <class 'bytes'>, 'classmethod': <class 'classmethod'>, 'complex': <class 'complex'>, 'dict': <class 'dict'>, 'enumerate': <class 'enumerate'>, 'filter': <class 'filter'>, 'float': <class 'float'>, 'frozenset': <class 'frozenset'>, 'property': <class 'property'>, 'int': <class 'int'>, 'list': <class 'list'>, 'map': <class 'map'>, 'object': <class 'object'>, 'range': <class 'range'>, 'reversed': <class 'reversed'>, 'set': <class 'set'>, 'slice': <class 'slice'>, 'staticmethod': <class 'staticmethod'>, 'str': <class 'str'>, 'super': <class 'super'>, 'tuple': <class 'tuple'>, 'type': <class 'type'>, 'zip': <class 'zip'>, '__debug__': True, 'BaseException': <class 'BaseException'>, 'BaseExceptionGroup': <class 'BaseExceptionGroup'>, 'Exception': <class 'Exception'>, 'GeneratorExit': <class 'GeneratorExit'>, 'KeyboardInterrupt': <class 'KeyboardInterrupt'>, 'SystemExit': <class 'SystemExit'>, 'ArithmeticError': <class 'ArithmeticError'>, 'AssertionError': <class 'AssertionError'>, 'AttributeError': <class 'AttributeError'>, 'BufferError': <class 'BufferError'>, 'EOFError': <class 'EOFError'>, 'ImportError': <class 'ImportError'>, 'LookupError': <class 'LookupError'>, 'MemoryError': <class 'MemoryError'>, 'NameError': <class 'NameError'>, 'OSError': <class 'OSError'>, 'ReferenceError': <class 'ReferenceError'>, 'RuntimeError': <class 'RuntimeError'>, 'StopAsyncIteration': <class 'StopAsyncIteration'>, 'StopIteration': <class 'StopIteration'>, 'SyntaxError': <class 'SyntaxError'>, 'SystemError': <class 'SystemError'>, 'TypeError': <class 'TypeError'>, 'ValueError': <class 'ValueError'>, 'Warning': <class 'Warning'>, 'FloatingPointError': <class 'FloatingPointError'>, 'OverflowError': <class 'OverflowError'>, 'ZeroDivisionError': <class 'ZeroDivisionError'>, 'BytesWarning': <class 'BytesWarning'>, 'DeprecationWarning': <class 'DeprecationWarning'>, 'EncodingWarning': <class 'EncodingWarning'>, 'FutureWarning': <class 'FutureWarning'>, 'ImportWarning': <class 'ImportWarning'>, 'PendingDeprecationWarning': <class 'PendingDeprecationWarning'>, 'ResourceWarning': <class 'ResourceWarning'>, 'RuntimeWarning': <class 'RuntimeWarning'>, 'SyntaxWarning': <class 'SyntaxWarning'>, 'UnicodeWarning': <class 'UnicodeWarning'>, 'UserWarning': <class 'UserWarning'>, 'BlockingIOError': <class 'BlockingIOError'>, 'ChildProcessError': <class 'ChildProcessError'>, 'ConnectionError': <class 'ConnectionError'>, 'FileExistsError': <class 'FileExistsError'>, 'FileNotFoundError': <class 'FileNotFoundError'>, 'InterruptedError': <class 'InterruptedError'>, 'IsADirectoryError': <class 'IsADirectoryError'>, 'NotADirectoryError': <class 'NotADirectoryError'>, 'PermissionError': <class 'PermissionError'>, 'ProcessLookupError': <class 'ProcessLookupError'>, 'TimeoutError': <class 'TimeoutError'>, 'IndentationError': <class 'IndentationError'>, 'IndexError': <class 'IndexError'>, 'KeyError': <class 'KeyError'>, 'ModuleNotFoundError': <class 'ModuleNotFoundError'>, 'NotImplementedError': <class 'NotImplementedError'>, 'RecursionError': <class 'RecursionError'>, 'UnboundLocalError': <class 'UnboundLocalError'>, 'UnicodeError': <class 'UnicodeError'>, 'BrokenPipeError': <class 'BrokenPipeError'>, 'ConnectionAbortedError': <class 'ConnectionAbortedError'>, 'ConnectionRefusedError': <class 'ConnectionRefusedError'>, 'ConnectionResetError': <class 'ConnectionResetError'>, 'TabError': <class 'TabError'>, 'UnicodeDecodeError': <class 'UnicodeDecodeError'>, 'UnicodeEncodeError': <class 'UnicodeEncodeError'>, 'UnicodeTranslateError': <class 'UnicodeTranslateError'>, 'ExceptionGroup': <class 'ExceptionGroup'>, 'EnvironmentError': <class 'OSError'>, 'IOError': <class 'OSError'>, 'open': <built-in function open>, 'quit': Use quit() or Ctrl-D (i.e. EOF) to exit, 'exit': Use exit() or Ctrl-D (i.e. EOF) to exit, 'copyright': Copyright (c) 2001-2023 Python Software Foundation.
All Rights Reserved.

Copyright (c) 2000 BeOpen.com.
All Rights Reserved.

Copyright (c) 1995-2001 Corporation for National Research Initiatives.
All Rights Reserved.

Copyright (c) 1991-1995 Stichting Mathematisch Centrum, Amsterdam.
All Rights Reserved., 'credits':     Thanks to CWI, CNRI, BeOpen.com, Zope Corporation and a cast of thousands
    for supporting Python development.  See www.python.org for more information., 'license': Type license() to see the full license text, 'help': Type help() for interactive help, or help(object) for help about object.}, 'CategoricalCrossEntropy': <class 'spiraltorch.nn.CategoricalCrossEntropy'>, 'ContrastiveLoss': <class 'spiraltorch.nn.ContrastiveLoss'>, 'CrossEntropy': <class 'spiraltorch.nn.HyperbolicCrossEntropy'>, 'CrossEntropyWithLogits': <class 'spiraltorch.nn.CrossEntropyWithLogits'>, 'CurvatureDecision': <class 'spiraltorch.nn.CurvatureDecision'>, 'CurvatureScheduler': <class 'spiraltorch.nn.CurvatureScheduler'>, 'DataLoader': <class 'spiraltorch.nn.DataLoader'>, 'DataLoaderIter': <class 'spiraltorch.nn.DataLoaderIter'>, 'Dataset': <class 'spiraltorch.nn.Dataset'>, 'Dropout': <class 'spiraltorch.nn.Dropout'>, 'EpochStats': <class 'spiraltorch.nn.EpochStats'>, 'FocalLoss': <class 'spiraltorch.nn.FocalLoss'>, 'HyperbolicCrossEntropy': <class 'spiraltorch.nn.HyperbolicCrossEntropy'>, 'Identity': <class 'spiraltorch.nn.Identity'>, 'LoraLinear': <class 'spiraltorch.nn.LoraLinear'>, 'MeanSquaredError': <class 'spiraltorch.nn.MeanSquaredError'>, 'ModuleTrainer': <class 'spiraltorch.nn.ModuleTrainer'>, 'NonLiner': <class 'spiraltorch.nn.NonLiner'>, 'RoundtableConfig': <class 'spiraltorch.nn.RoundtableConfig'>, 'RoundtableSchedule': <class 'spiraltorch.nn.RoundtableSchedule'>, 'Scaler': <class 'spiraltorch.nn.Scaler'>, 'SoftLogicConfig': <class 'spiraltorch.nn.SoftLogicConfig'>, 'SoftmaxCrossEntropy': <class 'spiraltorch.nn.CategoricalCrossEntropy'>, 'SpectralLearningRatePolicy': <class 'spiraltorch.nn.SpectralLearningRatePolicy'>, 'TripletLoss': <class 'spiraltorch.nn.TripletLoss'>, 'ZConv': <class 'spiraltorch.nn.ZConv'>, 'ZConv6DA': <class 'spiraltorch.nn.ZConv6DA'>, 'ZPooling': <class 'spiraltorch.nn.ZPooling'>, 'ZSpaceProjector': <class 'spiraltorch.nn.ZSpaceProjector'>, 'compare_sparse_finetune_summaries': <function compare_sparse_finetune_summaries at 0x122580900>, 'eval_mode': <function _install_nn_helpers.<locals>.eval_mode at 0x1225fc040>, 'from_samples': <built-in function from_samples>, 'load': <function _install_nn_helpers.<locals>.load at 0x1225fc5e0>, 'save': <function _install_nn_helpers.<locals>.save at 0x1225fc540>, 'softlogic_signal': <built-in function softlogic_signal>, 'sparse_classification_delta': <function _install_nn_helpers.<locals>.sparse_classification_delta at 0x1225fc220>}

======================================================================
FAIL: test_star_import_retains_native_identity (__main__.ResidentExports.test_star_import_retains_native_identity) (name='GraphForward')
----------------------------------------------------------------------
Traceback (most recent call last):
  File "/Users/ryospiralarchitect/🌀SpiralReality🌀/_wt/spiraltorch-resident-nn-integration-v1/bindings/st-py/tests/test_nn_resident_exports.py", line 32, in test_star_import_retains_native_identity
    self.assertIn(name, namespace)
AssertionError: 'GraphForward' not found in {'__builtins__': {'__name__': 'builtins', '__doc__': "Built-in functions, types, exceptions, and other objects.\n\nThis module provides direct access to all 'built-in'\nidentifiers of Python; for example, builtins.len is\nthe full name for the built-in function len().\n\nThis module is not normally accessed explicitly by most\napplications, but can be useful in modules that provide\nobjects with the same name as a built-in value, but in\nwhich the built-in of that name is also needed.", '__package__': '', '__loader__': <class '_frozen_importlib.BuiltinImporter'>, '__spec__': ModuleSpec(name='builtins', loader=<class '_frozen_importlib.BuiltinImporter'>, origin='built-in'), '__build_class__': <built-in function __build_class__>, '__import__': <built-in function __import__>, 'abs': <built-in function abs>, 'all': <built-in function all>, 'any': <built-in function any>, 'ascii': <built-in function ascii>, 'bin': <built-in function bin>, 'breakpoint': <built-in function breakpoint>, 'callable': <built-in function callable>, 'chr': <built-in function chr>, 'compile': <built-in function compile>, 'delattr': <built-in function delattr>, 'dir': <built-in function dir>, 'divmod': <built-in function divmod>, 'eval': <built-in function eval>, 'exec': <built-in function exec>, 'format': <built-in function format>, 'getattr': <built-in function getattr>, 'globals': <built-in function globals>, 'hasattr': <built-in function hasattr>, 'hash': <built-in function hash>, 'hex': <built-in function hex>, 'id': <built-in function id>, 'input': <built-in function input>, 'isinstance': <built-in function isinstance>, 'issubclass': <built-in function issubclass>, 'iter': <built-in function iter>, 'aiter': <built-in function aiter>, 'len': <built-in function len>, 'locals': <built-in function locals>, 'max': <built-in function max>, 'min': <built-in function min>, 'next': <built-in function next>, 'anext': <built-in function anext>, 'oct': <built-in function oct>, 'ord': <built-in function ord>, 'pow': <built-in function pow>, 'print': <built-in function print>, 'repr': <built-in function repr>, 'round': <built-in function round>, 'setattr': <built-in function setattr>, 'sorted': <built-in function sorted>, 'sum': <built-in function sum>, 'vars': <built-in function vars>, 'None': None, 'Ellipsis': Ellipsis, 'NotImplemented': NotImplemented, 'False': False, 'True': True, 'bool': <class 'bool'>, 'memoryview': <class 'memoryview'>, 'bytearray': <class 'bytearray'>, 'bytes': <class 'bytes'>, 'classmethod': <class 'classmethod'>, 'complex': <class 'complex'>, 'dict': <class 'dict'>, 'enumerate': <class 'enumerate'>, 'filter': <class 'filter'>, 'float': <class 'float'>, 'frozenset': <class 'frozenset'>, 'property': <class 'property'>, 'int': <class 'int'>, 'list': <class 'list'>, 'map': <class 'map'>, 'object': <class 'object'>, 'range': <class 'range'>, 'reversed': <class 'reversed'>, 'set': <class 'set'>, 'slice': <class 'slice'>, 'staticmethod': <class 'staticmethod'>, 'str': <class 'str'>, 'super': <class 'super'>, 'tuple': <class 'tuple'>, 'type': <class 'type'>, 'zip': <class 'zip'>, '__debug__': True, 'BaseException': <class 'BaseException'>, 'BaseExceptionGroup': <class 'BaseExceptionGroup'>, 'Exception': <class 'Exception'>, 'GeneratorExit': <class 'GeneratorExit'>, 'KeyboardInterrupt': <class 'KeyboardInterrupt'>, 'SystemExit': <class 'SystemExit'>, 'ArithmeticError': <class 'ArithmeticError'>, 'AssertionError': <class 'AssertionError'>, 'AttributeError': <class 'AttributeError'>, 'BufferError': <class 'BufferError'>, 'EOFError': <class 'EOFError'>, 'ImportError': <class 'ImportError'>, 'LookupError': <class 'LookupError'>, 'MemoryError': <class 'MemoryError'>, 'NameError': <class 'NameError'>, 'OSError': <class 'OSError'>, 'ReferenceError': <class 'ReferenceError'>, 'RuntimeError': <class 'RuntimeError'>, 'StopAsyncIteration': <class 'StopAsyncIteration'>, 'StopIteration': <class 'StopIteration'>, 'SyntaxError': <class 'SyntaxError'>, 'SystemError': <class 'SystemError'>, 'TypeError': <class 'TypeError'>, 'ValueError': <class 'ValueError'>, 'Warning': <class 'Warning'>, 'FloatingPointError': <class 'FloatingPointError'>, 'OverflowError': <class 'OverflowError'>, 'ZeroDivisionError': <class 'ZeroDivisionError'>, 'BytesWarning': <class 'BytesWarning'>, 'DeprecationWarning': <class 'DeprecationWarning'>, 'EncodingWarning': <class 'EncodingWarning'>, 'FutureWarning': <class 'FutureWarning'>, 'ImportWarning': <class 'ImportWarning'>, 'PendingDeprecationWarning': <class 'PendingDeprecationWarning'>, 'ResourceWarning': <class 'ResourceWarning'>, 'RuntimeWarning': <class 'RuntimeWarning'>, 'SyntaxWarning': <class 'SyntaxWarning'>, 'UnicodeWarning': <class 'UnicodeWarning'>, 'UserWarning': <class 'UserWarning'>, 'BlockingIOError': <class 'BlockingIOError'>, 'ChildProcessError': <class 'ChildProcessError'>, 'ConnectionError': <class 'ConnectionError'>, 'FileExistsError': <class 'FileExistsError'>, 'FileNotFoundError': <class 'FileNotFoundError'>, 'InterruptedError': <class 'InterruptedError'>, 'IsADirectoryError': <class 'IsADirectoryError'>, 'NotADirectoryError': <class 'NotADirectoryError'>, 'PermissionError': <class 'PermissionError'>, 'ProcessLookupError': <class 'ProcessLookupError'>, 'TimeoutError': <class 'TimeoutError'>, 'IndentationError': <class 'IndentationError'>, 'IndexError': <class 'IndexError'>, 'KeyError': <class 'KeyError'>, 'ModuleNotFoundError': <class 'ModuleNotFoundError'>, 'NotImplementedError': <class 'NotImplementedError'>, 'RecursionError': <class 'RecursionError'>, 'UnboundLocalError': <class 'UnboundLocalError'>, 'UnicodeError': <class 'UnicodeError'>, 'BrokenPipeError': <class 'BrokenPipeError'>, 'ConnectionAbortedError': <class 'ConnectionAbortedError'>, 'ConnectionRefusedError': <class 'ConnectionRefusedError'>, 'ConnectionResetError': <class 'ConnectionResetError'>, 'TabError': <class 'TabError'>, 'UnicodeDecodeError': <class 'UnicodeDecodeError'>, 'UnicodeEncodeError': <class 'UnicodeEncodeError'>, 'UnicodeTranslateError': <class 'UnicodeTranslateError'>, 'ExceptionGroup': <class 'ExceptionGroup'>, 'EnvironmentError': <class 'OSError'>, 'IOError': <class 'OSError'>, 'open': <built-in function open>, 'quit': Use quit() or Ctrl-D (i.e. EOF) to exit, 'exit': Use exit() or Ctrl-D (i.e. EOF) to exit, 'copyright': Copyright (c) 2001-2023 Python Software Foundation.
All Rights Reserved.

Copyright (c) 2000 BeOpen.com.
All Rights Reserved.

Copyright (c) 1995-2001 Corporation for National Research Initiatives.
All Rights Reserved.

Copyright (c) 1991-1995 Stichting Mathematisch Centrum, Amsterdam.
All Rights Reserved., 'credits':     Thanks to CWI, CNRI, BeOpen.com, Zope Corporation and a cast of thousands
    for supporting Python development.  See www.python.org for more information., 'license': Type license() to see the full license text, 'help': Type help() for interactive help, or help(object) for help about object.}, 'CategoricalCrossEntropy': <class 'spiraltorch.nn.CategoricalCrossEntropy'>, 'ContrastiveLoss': <class 'spiraltorch.nn.ContrastiveLoss'>, 'CrossEntropy': <class 'spiraltorch.nn.HyperbolicCrossEntropy'>, 'CrossEntropyWithLogits': <class 'spiraltorch.nn.CrossEntropyWithLogits'>, 'CurvatureDecision': <class 'spiraltorch.nn.CurvatureDecision'>, 'CurvatureScheduler': <class 'spiraltorch.nn.CurvatureScheduler'>, 'DataLoader': <class 'spiraltorch.nn.DataLoader'>, 'DataLoaderIter': <class 'spiraltorch.nn.DataLoaderIter'>, 'Dataset': <class 'spiraltorch.nn.Dataset'>, 'Dropout': <class 'spiraltorch.nn.Dropout'>, 'EpochStats': <class 'spiraltorch.nn.EpochStats'>, 'FocalLoss': <class 'spiraltorch.nn.FocalLoss'>, 'HyperbolicCrossEntropy': <class 'spiraltorch.nn.HyperbolicCrossEntropy'>, 'Identity': <class 'spiraltorch.nn.Identity'>, 'LoraLinear': <class 'spiraltorch.nn.LoraLinear'>, 'MeanSquaredError': <class 'spiraltorch.nn.MeanSquaredError'>, 'ModuleTrainer': <class 'spiraltorch.nn.ModuleTrainer'>, 'NonLiner': <class 'spiraltorch.nn.NonLiner'>, 'RoundtableConfig': <class 'spiraltorch.nn.RoundtableConfig'>, 'RoundtableSchedule': <class 'spiraltorch.nn.RoundtableSchedule'>, 'Scaler': <class 'spiraltorch.nn.Scaler'>, 'SoftLogicConfig': <class 'spiraltorch.nn.SoftLogicConfig'>, 'SoftmaxCrossEntropy': <class 'spiraltorch.nn.CategoricalCrossEntropy'>, 'SpectralLearningRatePolicy': <class 'spiraltorch.nn.SpectralLearningRatePolicy'>, 'TripletLoss': <class 'spiraltorch.nn.TripletLoss'>, 'ZConv': <class 'spiraltorch.nn.ZConv'>, 'ZConv6DA': <class 'spiraltorch.nn.ZConv6DA'>, 'ZPooling': <class 'spiraltorch.nn.ZPooling'>, 'ZSpaceProjector': <class 'spiraltorch.nn.ZSpaceProjector'>, 'compare_sparse_finetune_summaries': <function compare_sparse_finetune_summaries at 0x122580900>, 'eval_mode': <function _install_nn_helpers.<locals>.eval_mode at 0x1225fc040>, 'from_samples': <built-in function from_samples>, 'load': <function _install_nn_helpers.<locals>.load at 0x1225fc5e0>, 'save': <function _install_nn_helpers.<locals>.save at 0x1225fc540>, 'softlogic_signal': <built-in function softlogic_signal>, 'sparse_classification_delta': <function _install_nn_helpers.<locals>.sparse_classification_delta at 0x1225fc220>}

======================================================================
FAIL: test_star_import_retains_native_identity (__main__.ResidentExports.test_star_import_retains_native_identity) (name='GraphGradients')
----------------------------------------------------------------------
Traceback (most recent call last):
  File "/Users/ryospiralarchitect/🌀SpiralReality🌀/_wt/spiraltorch-resident-nn-integration-v1/bindings/st-py/tests/test_nn_resident_exports.py", line 32, in test_star_import_retains_native_identity
    self.assertIn(name, namespace)
AssertionError: 'GraphGradients' not found in {'__builtins__': {'__name__': 'builtins', '__doc__': "Built-in functions, types, exceptions, and other objects.\n\nThis module provides direct access to all 'built-in'\nidentifiers of Python; for example, builtins.len is\nthe full name for the built-in function len().\n\nThis module is not normally accessed explicitly by most\napplications, but can be useful in modules that provide\nobjects with the same name as a built-in value, but in\nwhich the built-in of that name is also needed.", '__package__': '', '__loader__': <class '_frozen_importlib.BuiltinImporter'>, '__spec__': ModuleSpec(name='builtins', loader=<class '_frozen_importlib.BuiltinImporter'>, origin='built-in'), '__build_class__': <built-in function __build_class__>, '__import__': <built-in function __import__>, 'abs': <built-in function abs>, 'all': <built-in function all>, 'any': <built-in function any>, 'ascii': <built-in function ascii>, 'bin': <built-in function bin>, 'breakpoint': <built-in function breakpoint>, 'callable': <built-in function callable>, 'chr': <built-in function chr>, 'compile': <built-in function compile>, 'delattr': <built-in function delattr>, 'dir': <built-in function dir>, 'divmod': <built-in function divmod>, 'eval': <built-in function eval>, 'exec': <built-in function exec>, 'format': <built-in function format>, 'getattr': <built-in function getattr>, 'globals': <built-in function globals>, 'hasattr': <built-in function hasattr>, 'hash': <built-in function hash>, 'hex': <built-in function hex>, 'id': <built-in function id>, 'input': <built-in function input>, 'isinstance': <built-in function isinstance>, 'issubclass': <built-in function issubclass>, 'iter': <built-in function iter>, 'aiter': <built-in function aiter>, 'len': <built-in function len>, 'locals': <built-in function locals>, 'max': <built-in function max>, 'min': <built-in function min>, 'next': <built-in function next>, 'anext': <built-in function anext>, 'oct': <built-in function oct>, 'ord': <built-in function ord>, 'pow': <built-in function pow>, 'print': <built-in function print>, 'repr': <built-in function repr>, 'round': <built-in function round>, 'setattr': <built-in function setattr>, 'sorted': <built-in function sorted>, 'sum': <built-in function sum>, 'vars': <built-in function vars>, 'None': None, 'Ellipsis': Ellipsis, 'NotImplemented': NotImplemented, 'False': False, 'True': True, 'bool': <class 'bool'>, 'memoryview': <class 'memoryview'>, 'bytearray': <class 'bytearray'>, 'bytes': <class 'bytes'>, 'classmethod': <class 'classmethod'>, 'complex': <class 'complex'>, 'dict': <class 'dict'>, 'enumerate': <class 'enumerate'>, 'filter': <class 'filter'>, 'float': <class 'float'>, 'frozenset': <class 'frozenset'>, 'property': <class 'property'>, 'int': <class 'int'>, 'list': <class 'list'>, 'map': <class 'map'>, 'object': <class 'object'>, 'range': <class 'range'>, 'reversed': <class 'reversed'>, 'set': <class 'set'>, 'slice': <class 'slice'>, 'staticmethod': <class 'staticmethod'>, 'str': <class 'str'>, 'super': <class 'super'>, 'tuple': <class 'tuple'>, 'type': <class 'type'>, 'zip': <class 'zip'>, '__debug__': True, 'BaseException': <class 'BaseException'>, 'BaseExceptionGroup': <class 'BaseExceptionGroup'>, 'Exception': <class 'Exception'>, 'GeneratorExit': <class 'GeneratorExit'>, 'KeyboardInterrupt': <class 'KeyboardInterrupt'>, 'SystemExit': <class 'SystemExit'>, 'ArithmeticError': <class 'ArithmeticError'>, 'AssertionError': <class 'AssertionError'>, 'AttributeError': <class 'AttributeError'>, 'BufferError': <class 'BufferError'>, 'EOFError': <class 'EOFError'>, 'ImportError': <class 'ImportError'>, 'LookupError': <class 'LookupError'>, 'MemoryError': <class 'MemoryError'>, 'NameError': <class 'NameError'>, 'OSError': <class 'OSError'>, 'ReferenceError': <class 'ReferenceError'>, 'RuntimeError': <class 'RuntimeError'>, 'StopAsyncIteration': <class 'StopAsyncIteration'>, 'StopIteration': <class 'StopIteration'>, 'SyntaxError': <class 'SyntaxError'>, 'SystemError': <class 'SystemError'>, 'TypeError': <class 'TypeError'>, 'ValueError': <class 'ValueError'>, 'Warning': <class 'Warning'>, 'FloatingPointError': <class 'FloatingPointError'>, 'OverflowError': <class 'OverflowError'>, 'ZeroDivisionError': <class 'ZeroDivisionError'>, 'BytesWarning': <class 'BytesWarning'>, 'DeprecationWarning': <class 'DeprecationWarning'>, 'EncodingWarning': <class 'EncodingWarning'>, 'FutureWarning': <class 'FutureWarning'>, 'ImportWarning': <class 'ImportWarning'>, 'PendingDeprecationWarning': <class 'PendingDeprecationWarning'>, 'ResourceWarning': <class 'ResourceWarning'>, 'RuntimeWarning': <class 'RuntimeWarning'>, 'SyntaxWarning': <class 'SyntaxWarning'>, 'UnicodeWarning': <class 'UnicodeWarning'>, 'UserWarning': <class 'UserWarning'>, 'BlockingIOError': <class 'BlockingIOError'>, 'ChildProcessError': <class 'ChildProcessError'>, 'ConnectionError': <class 'ConnectionError'>, 'FileExistsError': <class 'FileExistsError'>, 'FileNotFoundError': <class 'FileNotFoundError'>, 'InterruptedError': <class 'InterruptedError'>, 'IsADirectoryError': <class 'IsADirectoryError'>, 'NotADirectoryError': <class 'NotADirectoryError'>, 'PermissionError': <class 'PermissionError'>, 'ProcessLookupError': <class 'ProcessLookupError'>, 'TimeoutError': <class 'TimeoutError'>, 'IndentationError': <class 'IndentationError'>, 'IndexError': <class 'IndexError'>, 'KeyError': <class 'KeyError'>, 'ModuleNotFoundError': <class 'ModuleNotFoundError'>, 'NotImplementedError': <class 'NotImplementedError'>, 'RecursionError': <class 'RecursionError'>, 'UnboundLocalError': <class 'UnboundLocalError'>, 'UnicodeError': <class 'UnicodeError'>, 'BrokenPipeError': <class 'BrokenPipeError'>, 'ConnectionAbortedError': <class 'ConnectionAbortedError'>, 'ConnectionRefusedError': <class 'ConnectionRefusedError'>, 'ConnectionResetError': <class 'ConnectionResetError'>, 'TabError': <class 'TabError'>, 'UnicodeDecodeError': <class 'UnicodeDecodeError'>, 'UnicodeEncodeError': <class 'UnicodeEncodeError'>, 'UnicodeTranslateError': <class 'UnicodeTranslateError'>, 'ExceptionGroup': <class 'ExceptionGroup'>, 'EnvironmentError': <class 'OSError'>, 'IOError': <class 'OSError'>, 'open': <built-in function open>, 'quit': Use quit() or Ctrl-D (i.e. EOF) to exit, 'exit': Use exit() or Ctrl-D (i.e. EOF) to exit, 'copyright': Copyright (c) 2001-2023 Python Software Foundation.
All Rights Reserved.

Copyright (c) 2000 BeOpen.com.
All Rights Reserved.

Copyright (c) 1995-2001 Corporation for National Research Initiatives.
All Rights Reserved.

Copyright (c) 1991-1995 Stichting Mathematisch Centrum, Amsterdam.
All Rights Reserved., 'credits':     Thanks to CWI, CNRI, BeOpen.com, Zope Corporation and a cast of thousands
    for supporting Python development.  See www.python.org for more information., 'license': Type license() to see the full license text, 'help': Type help() for interactive help, or help(object) for help about object.}, 'CategoricalCrossEntropy': <class 'spiraltorch.nn.CategoricalCrossEntropy'>, 'ContrastiveLoss': <class 'spiraltorch.nn.ContrastiveLoss'>, 'CrossEntropy': <class 'spiraltorch.nn.HyperbolicCrossEntropy'>, 'CrossEntropyWithLogits': <class 'spiraltorch.nn.CrossEntropyWithLogits'>, 'CurvatureDecision': <class 'spiraltorch.nn.CurvatureDecision'>, 'CurvatureScheduler': <class 'spiraltorch.nn.CurvatureScheduler'>, 'DataLoader': <class 'spiraltorch.nn.DataLoader'>, 'DataLoaderIter': <class 'spiraltorch.nn.DataLoaderIter'>, 'Dataset': <class 'spiraltorch.nn.Dataset'>, 'Dropout': <class 'spiraltorch.nn.Dropout'>, 'EpochStats': <class 'spiraltorch.nn.EpochStats'>, 'FocalLoss': <class 'spiraltorch.nn.FocalLoss'>, 'HyperbolicCrossEntropy': <class 'spiraltorch.nn.HyperbolicCrossEntropy'>, 'Identity': <class 'spiraltorch.nn.Identity'>, 'LoraLinear': <class 'spiraltorch.nn.LoraLinear'>, 'MeanSquaredError': <class 'spiraltorch.nn.MeanSquaredError'>, 'ModuleTrainer': <class 'spiraltorch.nn.ModuleTrainer'>, 'NonLiner': <class 'spiraltorch.nn.NonLiner'>, 'RoundtableConfig': <class 'spiraltorch.nn.RoundtableConfig'>, 'RoundtableSchedule': <class 'spiraltorch.nn.RoundtableSchedule'>, 'Scaler': <class 'spiraltorch.nn.Scaler'>, 'SoftLogicConfig': <class 'spiraltorch.nn.SoftLogicConfig'>, 'SoftmaxCrossEntropy': <class 'spiraltorch.nn.CategoricalCrossEntropy'>, 'SpectralLearningRatePolicy': <class 'spiraltorch.nn.SpectralLearningRatePolicy'>, 'TripletLoss': <class 'spiraltorch.nn.TripletLoss'>, 'ZConv': <class 'spiraltorch.nn.ZConv'>, 'ZConv6DA': <class 'spiraltorch.nn.ZConv6DA'>, 'ZPooling': <class 'spiraltorch.nn.ZPooling'>, 'ZSpaceProjector': <class 'spiraltorch.nn.ZSpaceProjector'>, 'compare_sparse_finetune_summaries': <function compare_sparse_finetune_summaries at 0x122580900>, 'eval_mode': <function _install_nn_helpers.<locals>.eval_mode at 0x1225fc040>, 'from_samples': <built-in function from_samples>, 'load': <function _install_nn_helpers.<locals>.load at 0x1225fc5e0>, 'save': <function _install_nn_helpers.<locals>.save at 0x1225fc540>, 'softlogic_signal': <built-in function softlogic_signal>, 'sparse_classification_delta': <function _install_nn_helpers.<locals>.sparse_classification_delta at 0x1225fc220>}

======================================================================
FAIL: test_star_import_retains_native_identity (__main__.ResidentExports.test_star_import_retains_native_identity) (name='ResidentGraphLearner')
----------------------------------------------------------------------
Traceback (most recent call last):
  File "/Users/ryospiralarchitect/🌀SpiralReality🌀/_wt/spiraltorch-resident-nn-integration-v1/bindings/st-py/tests/test_nn_resident_exports.py", line 32, in test_star_import_retains_native_identity
    self.assertIn(name, namespace)
AssertionError: 'ResidentGraphLearner' not found in {'__builtins__': {'__name__': 'builtins', '__doc__': "Built-in functions, types, exceptions, and other objects.\n\nThis module provides direct access to all 'built-in'\nidentifiers of Python; for example, builtins.len is\nthe full name for the built-in function len().\n\nThis module is not normally accessed explicitly by most\napplications, but can be useful in modules that provide\nobjects with the same name as a built-in value, but in\nwhich the built-in of that name is also needed.", '__package__': '', '__loader__': <class '_frozen_importlib.BuiltinImporter'>, '__spec__': ModuleSpec(name='builtins', loader=<class '_frozen_importlib.BuiltinImporter'>, origin='built-in'), '__build_class__': <built-in function __build_class__>, '__import__': <built-in function __import__>, 'abs': <built-in function abs>, 'all': <built-in function all>, 'any': <built-in function any>, 'ascii': <built-in function ascii>, 'bin': <built-in function bin>, 'breakpoint': <built-in function breakpoint>, 'callable': <built-in function callable>, 'chr': <built-in function chr>, 'compile': <built-in function compile>, 'delattr': <built-in function delattr>, 'dir': <built-in function dir>, 'divmod': <built-in function divmod>, 'eval': <built-in function eval>, 'exec': <built-in function exec>, 'format': <built-in function format>, 'getattr': <built-in function getattr>, 'globals': <built-in function globals>, 'hasattr': <built-in function hasattr>, 'hash': <built-in function hash>, 'hex': <built-in function hex>, 'id': <built-in function id>, 'input': <built-in function input>, 'isinstance': <built-in function isinstance>, 'issubclass': <built-in function issubclass>, 'iter': <built-in function iter>, 'aiter': <built-in function aiter>, 'len': <built-in function len>, 'locals': <built-in function locals>, 'max': <built-in function max>, 'min': <built-in function min>, 'next': <built-in function next>, 'anext': <built-in function anext>, 'oct': <built-in function oct>, 'ord': <built-in function ord>, 'pow': <built-in function pow>, 'print': <built-in function print>, 'repr': <built-in function repr>, 'round': <built-in function round>, 'setattr': <built-in function setattr>, 'sorted': <built-in function sorted>, 'sum': <built-in function sum>, 'vars': <built-in function vars>, 'None': None, 'Ellipsis': Ellipsis, 'NotImplemented': NotImplemented, 'False': False, 'True': True, 'bool': <class 'bool'>, 'memoryview': <class 'memoryview'>, 'bytearray': <class 'bytearray'>, 'bytes': <class 'bytes'>, 'classmethod': <class 'classmethod'>, 'complex': <class 'complex'>, 'dict': <class 'dict'>, 'enumerate': <class 'enumerate'>, 'filter': <class 'filter'>, 'float': <class 'float'>, 'frozenset': <class 'frozenset'>, 'property': <class 'property'>, 'int': <class 'int'>, 'list': <class 'list'>, 'map': <class 'map'>, 'object': <class 'object'>, 'range': <class 'range'>, 'reversed': <class 'reversed'>, 'set': <class 'set'>, 'slice': <class 'slice'>, 'staticmethod': <class 'staticmethod'>, 'str': <class 'str'>, 'super': <class 'super'>, 'tuple': <class 'tuple'>, 'type': <class 'type'>, 'zip': <class 'zip'>, '__debug__': True, 'BaseException': <class 'BaseException'>, 'BaseExceptionGroup': <class 'BaseExceptionGroup'>, 'Exception': <class 'Exception'>, 'GeneratorExit': <class 'GeneratorExit'>, 'KeyboardInterrupt': <class 'KeyboardInterrupt'>, 'SystemExit': <class 'SystemExit'>, 'ArithmeticError': <class 'ArithmeticError'>, 'AssertionError': <class 'AssertionError'>, 'AttributeError': <class 'AttributeError'>, 'BufferError': <class 'BufferError'>, 'EOFError': <class 'EOFError'>, 'ImportError': <class 'ImportError'>, 'LookupError': <class 'LookupError'>, 'MemoryError': <class 'MemoryError'>, 'NameError': <class 'NameError'>, 'OSError': <class 'OSError'>, 'ReferenceError': <class 'ReferenceError'>, 'RuntimeError': <class 'RuntimeError'>, 'StopAsyncIteration': <class 'StopAsyncIteration'>, 'StopIteration': <class 'StopIteration'>, 'SyntaxError': <class 'SyntaxError'>, 'SystemError': <class 'SystemError'>, 'TypeError': <class 'TypeError'>, 'ValueError': <class 'ValueError'>, 'Warning': <class 'Warning'>, 'FloatingPointError': <class 'FloatingPointError'>, 'OverflowError': <class 'OverflowError'>, 'ZeroDivisionError': <class 'ZeroDivisionError'>, 'BytesWarning': <class 'BytesWarning'>, 'DeprecationWarning': <class 'DeprecationWarning'>, 'EncodingWarning': <class 'EncodingWarning'>, 'FutureWarning': <class 'FutureWarning'>, 'ImportWarning': <class 'ImportWarning'>, 'PendingDeprecationWarning': <class 'PendingDeprecationWarning'>, 'ResourceWarning': <class 'ResourceWarning'>, 'RuntimeWarning': <class 'RuntimeWarning'>, 'SyntaxWarning': <class 'SyntaxWarning'>, 'UnicodeWarning': <class 'UnicodeWarning'>, 'UserWarning': <class 'UserWarning'>, 'BlockingIOError': <class 'BlockingIOError'>, 'ChildProcessError': <class 'ChildProcessError'>, 'ConnectionError': <class 'ConnectionError'>, 'FileExistsError': <class 'FileExistsError'>, 'FileNotFoundError': <class 'FileNotFoundError'>, 'InterruptedError': <class 'InterruptedError'>, 'IsADirectoryError': <class 'IsADirectoryError'>, 'NotADirectoryError': <class 'NotADirectoryError'>, 'PermissionError': <class 'PermissionError'>, 'ProcessLookupError': <class 'ProcessLookupError'>, 'TimeoutError': <class 'TimeoutError'>, 'IndentationError': <class 'IndentationError'>, 'IndexError': <class 'IndexError'>, 'KeyError': <class 'KeyError'>, 'ModuleNotFoundError': <class 'ModuleNotFoundError'>, 'NotImplementedError': <class 'NotImplementedError'>, 'RecursionError': <class 'RecursionError'>, 'UnboundLocalError': <class 'UnboundLocalError'>, 'UnicodeError': <class 'UnicodeError'>, 'BrokenPipeError': <class 'BrokenPipeError'>, 'ConnectionAbortedError': <class 'ConnectionAbortedError'>, 'ConnectionRefusedError': <class 'ConnectionRefusedError'>, 'ConnectionResetError': <class 'ConnectionResetError'>, 'TabError': <class 'TabError'>, 'UnicodeDecodeError': <class 'UnicodeDecodeError'>, 'UnicodeEncodeError': <class 'UnicodeEncodeError'>, 'UnicodeTranslateError': <class 'UnicodeTranslateError'>, 'ExceptionGroup': <class 'ExceptionGroup'>, 'EnvironmentError': <class 'OSError'>, 'IOError': <class 'OSError'>, 'open': <built-in function open>, 'quit': Use quit() or Ctrl-D (i.e. EOF) to exit, 'exit': Use exit() or Ctrl-D (i.e. EOF) to exit, 'copyright': Copyright (c) 2001-2023 Python Software Foundation.
All Rights Reserved.

Copyright (c) 2000 BeOpen.com.
All Rights Reserved.

Copyright (c) 1995-2001 Corporation for National Research Initiatives.
All Rights Reserved.

Copyright (c) 1991-1995 Stichting Mathematisch Centrum, Amsterdam.
All Rights Reserved., 'credits':     Thanks to CWI, CNRI, BeOpen.com, Zope Corporation and a cast of thousands
    for supporting Python development.  See www.python.org for more information., 'license': Type license() to see the full license text, 'help': Type help() for interactive help, or help(object) for help about object.}, 'CategoricalCrossEntropy': <class 'spiraltorch.nn.CategoricalCrossEntropy'>, 'ContrastiveLoss': <class 'spiraltorch.nn.ContrastiveLoss'>, 'CrossEntropy': <class 'spiraltorch.nn.HyperbolicCrossEntropy'>, 'CrossEntropyWithLogits': <class 'spiraltorch.nn.CrossEntropyWithLogits'>, 'CurvatureDecision': <class 'spiraltorch.nn.CurvatureDecision'>, 'CurvatureScheduler': <class 'spiraltorch.nn.CurvatureScheduler'>, 'DataLoader': <class 'spiraltorch.nn.DataLoader'>, 'DataLoaderIter': <class 'spiraltorch.nn.DataLoaderIter'>, 'Dataset': <class 'spiraltorch.nn.Dataset'>, 'Dropout': <class 'spiraltorch.nn.Dropout'>, 'EpochStats': <class 'spiraltorch.nn.EpochStats'>, 'FocalLoss': <class 'spiraltorch.nn.FocalLoss'>, 'HyperbolicCrossEntropy': <class 'spiraltorch.nn.HyperbolicCrossEntropy'>, 'Identity': <class 'spiraltorch.nn.Identity'>, 'LoraLinear': <class 'spiraltorch.nn.LoraLinear'>, 'MeanSquaredError': <class 'spiraltorch.nn.MeanSquaredError'>, 'ModuleTrainer': <class 'spiraltorch.nn.ModuleTrainer'>, 'NonLiner': <class 'spiraltorch.nn.NonLiner'>, 'RoundtableConfig': <class 'spiraltorch.nn.RoundtableConfig'>, 'RoundtableSchedule': <class 'spiraltorch.nn.RoundtableSchedule'>, 'Scaler': <class 'spiraltorch.nn.Scaler'>, 'SoftLogicConfig': <class 'spiraltorch.nn.SoftLogicConfig'>, 'SoftmaxCrossEntropy': <class 'spiraltorch.nn.CategoricalCrossEntropy'>, 'SpectralLearningRatePolicy': <class 'spiraltorch.nn.SpectralLearningRatePolicy'>, 'TripletLoss': <class 'spiraltorch.nn.TripletLoss'>, 'ZConv': <class 'spiraltorch.nn.ZConv'>, 'ZConv6DA': <class 'spiraltorch.nn.ZConv6DA'>, 'ZPooling': <class 'spiraltorch.nn.ZPooling'>, 'ZSpaceProjector': <class 'spiraltorch.nn.ZSpaceProjector'>, 'compare_sparse_finetune_summaries': <function compare_sparse_finetune_summaries at 0x122580900>, 'eval_mode': <function _install_nn_helpers.<locals>.eval_mode at 0x1225fc040>, 'from_samples': <built-in function from_samples>, 'load': <function _install_nn_helpers.<locals>.load at 0x1225fc5e0>, 'save': <function _install_nn_helpers.<locals>.save at 0x1225fc540>, 'softlogic_signal': <built-in function softlogic_signal>, 'sparse_classification_delta': <function _install_nn_helpers.<locals>.sparse_classification_delta at 0x1225fc220>}

======================================================================
FAIL: test_star_import_retains_native_identity (__main__.ResidentExports.test_star_import_retains_native_identity) (name='GraphGradientBatch')
----------------------------------------------------------------------
Traceback (most recent call last):
  File "/Users/ryospiralarchitect/🌀SpiralReality🌀/_wt/spiraltorch-resident-nn-integration-v1/bindings/st-py/tests/test_nn_resident_exports.py", line 32, in test_star_import_retains_native_identity
    self.assertIn(name, namespace)
AssertionError: 'GraphGradientBatch' not found in {'__builtins__': {'__name__': 'builtins', '__doc__': "Built-in functions, types, exceptions, and other objects.\n\nThis module provides direct access to all 'built-in'\nidentifiers of Python; for example, builtins.len is\nthe full name for the built-in function len().\n\nThis module is not normally accessed explicitly by most\napplications, but can be useful in modules that provide\nobjects with the same name as a built-in value, but in\nwhich the built-in of that name is also needed.", '__package__': '', '__loader__': <class '_frozen_importlib.BuiltinImporter'>, '__spec__': ModuleSpec(name='builtins', loader=<class '_frozen_importlib.BuiltinImporter'>, origin='built-in'), '__build_class__': <built-in function __build_class__>, '__import__': <built-in function __import__>, 'abs': <built-in function abs>, 'all': <built-in function all>, 'any': <built-in function any>, 'ascii': <built-in function ascii>, 'bin': <built-in function bin>, 'breakpoint': <built-in function breakpoint>, 'callable': <built-in function callable>, 'chr': <built-in function chr>, 'compile': <built-in function compile>, 'delattr': <built-in function delattr>, 'dir': <built-in function dir>, 'divmod': <built-in function divmod>, 'eval': <built-in function eval>, 'exec': <built-in function exec>, 'format': <built-in function format>, 'getattr': <built-in function getattr>, 'globals': <built-in function globals>, 'hasattr': <built-in function hasattr>, 'hash': <built-in function hash>, 'hex': <built-in function hex>, 'id': <built-in function id>, 'input': <built-in function input>, 'isinstance': <built-in function isinstance>, 'issubclass': <built-in function issubclass>, 'iter': <built-in function iter>, 'aiter': <built-in function aiter>, 'len': <built-in function len>, 'locals': <built-in function locals>, 'max': <built-in function max>, 'min': <built-in function min>, 'next': <built-in function next>, 'anext': <built-in function anext>, 'oct': <built-in function oct>, 'ord': <built-in function ord>, 'pow': <built-in function pow>, 'print': <built-in function print>, 'repr': <built-in function repr>, 'round': <built-in function round>, 'setattr': <built-in function setattr>, 'sorted': <built-in function sorted>, 'sum': <built-in function sum>, 'vars': <built-in function vars>, 'None': None, 'Ellipsis': Ellipsis, 'NotImplemented': NotImplemented, 'False': False, 'True': True, 'bool': <class 'bool'>, 'memoryview': <class 'memoryview'>, 'bytearray': <class 'bytearray'>, 'bytes': <class 'bytes'>, 'classmethod': <class 'classmethod'>, 'complex': <class 'complex'>, 'dict': <class 'dict'>, 'enumerate': <class 'enumerate'>, 'filter': <class 'filter'>, 'float': <class 'float'>, 'frozenset': <class 'frozenset'>, 'property': <class 'property'>, 'int': <class 'int'>, 'list': <class 'list'>, 'map': <class 'map'>, 'object': <class 'object'>, 'range': <class 'range'>, 'reversed': <class 'reversed'>, 'set': <class 'set'>, 'slice': <class 'slice'>, 'staticmethod': <class 'staticmethod'>, 'str': <class 'str'>, 'super': <class 'super'>, 'tuple': <class 'tuple'>, 'type': <class 'type'>, 'zip': <class 'zip'>, '__debug__': True, 'BaseException': <class 'BaseException'>, 'BaseExceptionGroup': <class 'BaseExceptionGroup'>, 'Exception': <class 'Exception'>, 'GeneratorExit': <class 'GeneratorExit'>, 'KeyboardInterrupt': <class 'KeyboardInterrupt'>, 'SystemExit': <class 'SystemExit'>, 'ArithmeticError': <class 'ArithmeticError'>, 'AssertionError': <class 'AssertionError'>, 'AttributeError': <class 'AttributeError'>, 'BufferError': <class 'BufferError'>, 'EOFError': <class 'EOFError'>, 'ImportError': <class 'ImportError'>, 'LookupError': <class 'LookupError'>, 'MemoryError': <class 'MemoryError'>, 'NameError': <class 'NameError'>, 'OSError': <class 'OSError'>, 'ReferenceError': <class 'ReferenceError'>, 'RuntimeError': <class 'RuntimeError'>, 'StopAsyncIteration': <class 'StopAsyncIteration'>, 'StopIteration': <class 'StopIteration'>, 'SyntaxError': <class 'SyntaxError'>, 'SystemError': <class 'SystemError'>, 'TypeError': <class 'TypeError'>, 'ValueError': <class 'ValueError'>, 'Warning': <class 'Warning'>, 'FloatingPointError': <class 'FloatingPointError'>, 'OverflowError': <class 'OverflowError'>, 'ZeroDivisionError': <class 'ZeroDivisionError'>, 'BytesWarning': <class 'BytesWarning'>, 'DeprecationWarning': <class 'DeprecationWarning'>, 'EncodingWarning': <class 'EncodingWarning'>, 'FutureWarning': <class 'FutureWarning'>, 'ImportWarning': <class 'ImportWarning'>, 'PendingDeprecationWarning': <class 'PendingDeprecationWarning'>, 'ResourceWarning': <class 'ResourceWarning'>, 'RuntimeWarning': <class 'RuntimeWarning'>, 'SyntaxWarning': <class 'SyntaxWarning'>, 'UnicodeWarning': <class 'UnicodeWarning'>, 'UserWarning': <class 'UserWarning'>, 'BlockingIOError': <class 'BlockingIOError'>, 'ChildProcessError': <class 'ChildProcessError'>, 'ConnectionError': <class 'ConnectionError'>, 'FileExistsError': <class 'FileExistsError'>, 'FileNotFoundError': <class 'FileNotFoundError'>, 'InterruptedError': <class 'InterruptedError'>, 'IsADirectoryError': <class 'IsADirectoryError'>, 'NotADirectoryError': <class 'NotADirectoryError'>, 'PermissionError': <class 'PermissionError'>, 'ProcessLookupError': <class 'ProcessLookupError'>, 'TimeoutError': <class 'TimeoutError'>, 'IndentationError': <class 'IndentationError'>, 'IndexError': <class 'IndexError'>, 'KeyError': <class 'KeyError'>, 'ModuleNotFoundError': <class 'ModuleNotFoundError'>, 'NotImplementedError': <class 'NotImplementedError'>, 'RecursionError': <class 'RecursionError'>, 'UnboundLocalError': <class 'UnboundLocalError'>, 'UnicodeError': <class 'UnicodeError'>, 'BrokenPipeError': <class 'BrokenPipeError'>, 'ConnectionAbortedError': <class 'ConnectionAbortedError'>, 'ConnectionRefusedError': <class 'ConnectionRefusedError'>, 'ConnectionResetError': <class 'ConnectionResetError'>, 'TabError': <class 'TabError'>, 'UnicodeDecodeError': <class 'UnicodeDecodeError'>, 'UnicodeEncodeError': <class 'UnicodeEncodeError'>, 'UnicodeTranslateError': <class 'UnicodeTranslateError'>, 'ExceptionGroup': <class 'ExceptionGroup'>, 'EnvironmentError': <class 'OSError'>, 'IOError': <class 'OSError'>, 'open': <built-in function open>, 'quit': Use quit() or Ctrl-D (i.e. EOF) to exit, 'exit': Use exit() or Ctrl-D (i.e. EOF) to exit, 'copyright': Copyright (c) 2001-2023 Python Software Foundation.
All Rights Reserved.

Copyright (c) 2000 BeOpen.com.
All Rights Reserved.

Copyright (c) 1995-2001 Corporation for National Research Initiatives.
All Rights Reserved.

Copyright (c) 1991-1995 Stichting Mathematisch Centrum, Amsterdam.
All Rights Reserved., 'credits':     Thanks to CWI, CNRI, BeOpen.com, Zope Corporation and a cast of thousands
    for supporting Python development.  See www.python.org for more information., 'license': Type license() to see the full license text, 'help': Type help() for interactive help, or help(object) for help about object.}, 'CategoricalCrossEntropy': <class 'spiraltorch.nn.CategoricalCrossEntropy'>, 'ContrastiveLoss': <class 'spiraltorch.nn.ContrastiveLoss'>, 'CrossEntropy': <class 'spiraltorch.nn.HyperbolicCrossEntropy'>, 'CrossEntropyWithLogits': <class 'spiraltorch.nn.CrossEntropyWithLogits'>, 'CurvatureDecision': <class 'spiraltorch.nn.CurvatureDecision'>, 'CurvatureScheduler': <class 'spiraltorch.nn.CurvatureScheduler'>, 'DataLoader': <class 'spiraltorch.nn.DataLoader'>, 'DataLoaderIter': <class 'spiraltorch.nn.DataLoaderIter'>, 'Dataset': <class 'spiraltorch.nn.Dataset'>, 'Dropout': <class 'spiraltorch.nn.Dropout'>, 'EpochStats': <class 'spiraltorch.nn.EpochStats'>, 'FocalLoss': <class 'spiraltorch.nn.FocalLoss'>, 'HyperbolicCrossEntropy': <class 'spiraltorch.nn.HyperbolicCrossEntropy'>, 'Identity': <class 'spiraltorch.nn.Identity'>, 'LoraLinear': <class 'spiraltorch.nn.LoraLinear'>, 'MeanSquaredError': <class 'spiraltorch.nn.MeanSquaredError'>, 'ModuleTrainer': <class 'spiraltorch.nn.ModuleTrainer'>, 'NonLiner': <class 'spiraltorch.nn.NonLiner'>, 'RoundtableConfig': <class 'spiraltorch.nn.RoundtableConfig'>, 'RoundtableSchedule': <class 'spiraltorch.nn.RoundtableSchedule'>, 'Scaler': <class 'spiraltorch.nn.Scaler'>, 'SoftLogicConfig': <class 'spiraltorch.nn.SoftLogicConfig'>, 'SoftmaxCrossEntropy': <class 'spiraltorch.nn.CategoricalCrossEntropy'>, 'SpectralLearningRatePolicy': <class 'spiraltorch.nn.SpectralLearningRatePolicy'>, 'TripletLoss': <class 'spiraltorch.nn.TripletLoss'>, 'ZConv': <class 'spiraltorch.nn.ZConv'>, 'ZConv6DA': <class 'spiraltorch.nn.ZConv6DA'>, 'ZPooling': <class 'spiraltorch.nn.ZPooling'>, 'ZSpaceProjector': <class 'spiraltorch.nn.ZSpaceProjector'>, 'compare_sparse_finetune_summaries': <function compare_sparse_finetune_summaries at 0x122580900>, 'eval_mode': <function _install_nn_helpers.<locals>.eval_mode at 0x1225fc040>, 'from_samples': <built-in function from_samples>, 'load': <function _install_nn_helpers.<locals>.load at 0x1225fc5e0>, 'save': <function _install_nn_helpers.<locals>.save at 0x1225fc540>, 'softlogic_signal': <built-in function softlogic_signal>, 'sparse_classification_delta': <function _install_nn_helpers.<locals>.sparse_classification_delta at 0x1225fc220>}

======================================================================
FAIL: test_star_import_retains_native_identity (__main__.ResidentExports.test_star_import_retains_native_identity) (name='GraphGradientAccumulator')
----------------------------------------------------------------------
Traceback (most recent call last):
  File "/Users/ryospiralarchitect/🌀SpiralReality🌀/_wt/spiraltorch-resident-nn-integration-v1/bindings/st-py/tests/test_nn_resident_exports.py", line 32, in test_star_import_retains_native_identity
    self.assertIn(name, namespace)
AssertionError: 'GraphGradientAccumulator' not found in {'__builtins__': {'__name__': 'builtins', '__doc__': "Built-in functions, types, exceptions, and other objects.\n\nThis module provides direct access to all 'built-in'\nidentifiers of Python; for example, builtins.len is\nthe full name for the built-in function len().\n\nThis module is not normally accessed explicitly by most\napplications, but can be useful in modules that provide\nobjects with the same name as a built-in value, but in\nwhich the built-in of that name is also needed.", '__package__': '', '__loader__': <class '_frozen_importlib.BuiltinImporter'>, '__spec__': ModuleSpec(name='builtins', loader=<class '_frozen_importlib.BuiltinImporter'>, origin='built-in'), '__build_class__': <built-in function __build_class__>, '__import__': <built-in function __import__>, 'abs': <built-in function abs>, 'all': <built-in function all>, 'any': <built-in function any>, 'ascii': <built-in function ascii>, 'bin': <built-in function bin>, 'breakpoint': <built-in function breakpoint>, 'callable': <built-in function callable>, 'chr': <built-in function chr>, 'compile': <built-in function compile>, 'delattr': <built-in function delattr>, 'dir': <built-in function dir>, 'divmod': <built-in function divmod>, 'eval': <built-in function eval>, 'exec': <built-in function exec>, 'format': <built-in function format>, 'getattr': <built-in function getattr>, 'globals': <built-in function globals>, 'hasattr': <built-in function hasattr>, 'hash': <built-in function hash>, 'hex': <built-in function hex>, 'id': <built-in function id>, 'input': <built-in function input>, 'isinstance': <built-in function isinstance>, 'issubclass': <built-in function issubclass>, 'iter': <built-in function iter>, 'aiter': <built-in function aiter>, 'len': <built-in function len>, 'locals': <built-in function locals>, 'max': <built-in function max>, 'min': <built-in function min>, 'next': <built-in function next>, 'anext': <built-in function anext>, 'oct': <built-in function oct>, 'ord': <built-in function ord>, 'pow': <built-in function pow>, 'print': <built-in function print>, 'repr': <built-in function repr>, 'round': <built-in function round>, 'setattr': <built-in function setattr>, 'sorted': <built-in function sorted>, 'sum': <built-in function sum>, 'vars': <built-in function vars>, 'None': None, 'Ellipsis': Ellipsis, 'NotImplemented': NotImplemented, 'False': False, 'True': True, 'bool': <class 'bool'>, 'memoryview': <class 'memoryview'>, 'bytearray': <class 'bytearray'>, 'bytes': <class 'bytes'>, 'classmethod': <class 'classmethod'>, 'complex': <class 'complex'>, 'dict': <class 'dict'>, 'enumerate': <class 'enumerate'>, 'filter': <class 'filter'>, 'float': <class 'float'>, 'frozenset': <class 'frozenset'>, 'property': <class 'property'>, 'int': <class 'int'>, 'list': <class 'list'>, 'map': <class 'map'>, 'object': <class 'object'>, 'range': <class 'range'>, 'reversed': <class 'reversed'>, 'set': <class 'set'>, 'slice': <class 'slice'>, 'staticmethod': <class 'staticmethod'>, 'str': <class 'str'>, 'super': <class 'super'>, 'tuple': <class 'tuple'>, 'type': <class 'type'>, 'zip': <class 'zip'>, '__debug__': True, 'BaseException': <class 'BaseException'>, 'BaseExceptionGroup': <class 'BaseExceptionGroup'>, 'Exception': <class 'Exception'>, 'GeneratorExit': <class 'GeneratorExit'>, 'KeyboardInterrupt': <class 'KeyboardInterrupt'>, 'SystemExit': <class 'SystemExit'>, 'ArithmeticError': <class 'ArithmeticError'>, 'AssertionError': <class 'AssertionError'>, 'AttributeError': <class 'AttributeError'>, 'BufferError': <class 'BufferError'>, 'EOFError': <class 'EOFError'>, 'ImportError': <class 'ImportError'>, 'LookupError': <class 'LookupError'>, 'MemoryError': <class 'MemoryError'>, 'NameError': <class 'NameError'>, 'OSError': <class 'OSError'>, 'ReferenceError': <class 'ReferenceError'>, 'RuntimeError': <class 'RuntimeError'>, 'StopAsyncIteration': <class 'StopAsyncIteration'>, 'StopIteration': <class 'StopIteration'>, 'SyntaxError': <class 'SyntaxError'>, 'SystemError': <class 'SystemError'>, 'TypeError': <class 'TypeError'>, 'ValueError': <class 'ValueError'>, 'Warning': <class 'Warning'>, 'FloatingPointError': <class 'FloatingPointError'>, 'OverflowError': <class 'OverflowError'>, 'ZeroDivisionError': <class 'ZeroDivisionError'>, 'BytesWarning': <class 'BytesWarning'>, 'DeprecationWarning': <class 'DeprecationWarning'>, 'EncodingWarning': <class 'EncodingWarning'>, 'FutureWarning': <class 'FutureWarning'>, 'ImportWarning': <class 'ImportWarning'>, 'PendingDeprecationWarning': <class 'PendingDeprecationWarning'>, 'ResourceWarning': <class 'ResourceWarning'>, 'RuntimeWarning': <class 'RuntimeWarning'>, 'SyntaxWarning': <class 'SyntaxWarning'>, 'UnicodeWarning': <class 'UnicodeWarning'>, 'UserWarning': <class 'UserWarning'>, 'BlockingIOError': <class 'BlockingIOError'>, 'ChildProcessError': <class 'ChildProcessError'>, 'ConnectionError': <class 'ConnectionError'>, 'FileExistsError': <class 'FileExistsError'>, 'FileNotFoundError': <class 'FileNotFoundError'>, 'InterruptedError': <class 'InterruptedError'>, 'IsADirectoryError': <class 'IsADirectoryError'>, 'NotADirectoryError': <class 'NotADirectoryError'>, 'PermissionError': <class 'PermissionError'>, 'ProcessLookupError': <class 'ProcessLookupError'>, 'TimeoutError': <class 'TimeoutError'>, 'IndentationError': <class 'IndentationError'>, 'IndexError': <class 'IndexError'>, 'KeyError': <class 'KeyError'>, 'ModuleNotFoundError': <class 'ModuleNotFoundError'>, 'NotImplementedError': <class 'NotImplementedError'>, 'RecursionError': <class 'RecursionError'>, 'UnboundLocalError': <class 'UnboundLocalError'>, 'UnicodeError': <class 'UnicodeError'>, 'BrokenPipeError': <class 'BrokenPipeError'>, 'ConnectionAbortedError': <class 'ConnectionAbortedError'>, 'ConnectionRefusedError': <class 'ConnectionRefusedError'>, 'ConnectionResetError': <class 'ConnectionResetError'>, 'TabError': <class 'TabError'>, 'UnicodeDecodeError': <class 'UnicodeDecodeError'>, 'UnicodeEncodeError': <class 'UnicodeEncodeError'>, 'UnicodeTranslateError': <class 'UnicodeTranslateError'>, 'ExceptionGroup': <class 'ExceptionGroup'>, 'EnvironmentError': <class 'OSError'>, 'IOError': <class 'OSError'>, 'open': <built-in function open>, 'quit': Use quit() or Ctrl-D (i.e. EOF) to exit, 'exit': Use exit() or Ctrl-D (i.e. EOF) to exit, 'copyright': Copyright (c) 2001-2023 Python Software Foundation.
All Rights Reserved.

Copyright (c) 2000 BeOpen.com.
All Rights Reserved.

Copyright (c) 1995-2001 Corporation for National Research Initiatives.
All Rights Reserved.

Copyright (c) 1991-1995 Stichting Mathematisch Centrum, Amsterdam.
All Rights Reserved., 'credits':     Thanks to CWI, CNRI, BeOpen.com, Zope Corporation and a cast of thousands
    for supporting Python development.  See www.python.org for more information., 'license': Type license() to see the full license text, 'help': Type help() for interactive help, or help(object) for help about object.}, 'CategoricalCrossEntropy': <class 'spiraltorch.nn.CategoricalCrossEntropy'>, 'ContrastiveLoss': <class 'spiraltorch.nn.ContrastiveLoss'>, 'CrossEntropy': <class 'spiraltorch.nn.HyperbolicCrossEntropy'>, 'CrossEntropyWithLogits': <class 'spiraltorch.nn.CrossEntropyWithLogits'>, 'CurvatureDecision': <class 'spiraltorch.nn.CurvatureDecision'>, 'CurvatureScheduler': <class 'spiraltorch.nn.CurvatureScheduler'>, 'DataLoader': <class 'spiraltorch.nn.DataLoader'>, 'DataLoaderIter': <class 'spiraltorch.nn.DataLoaderIter'>, 'Dataset': <class 'spiraltorch.nn.Dataset'>, 'Dropout': <class 'spiraltorch.nn.Dropout'>, 'EpochStats': <class 'spiraltorch.nn.EpochStats'>, 'FocalLoss': <class 'spiraltorch.nn.FocalLoss'>, 'HyperbolicCrossEntropy': <class 'spiraltorch.nn.HyperbolicCrossEntropy'>, 'Identity': <class 'spiraltorch.nn.Identity'>, 'LoraLinear': <class 'spiraltorch.nn.LoraLinear'>, 'MeanSquaredError': <class 'spiraltorch.nn.MeanSquaredError'>, 'ModuleTrainer': <class 'spiraltorch.nn.ModuleTrainer'>, 'NonLiner': <class 'spiraltorch.nn.NonLiner'>, 'RoundtableConfig': <class 'spiraltorch.nn.RoundtableConfig'>, 'RoundtableSchedule': <class 'spiraltorch.nn.RoundtableSchedule'>, 'Scaler': <class 'spiraltorch.nn.Scaler'>, 'SoftLogicConfig': <class 'spiraltorch.nn.SoftLogicConfig'>, 'SoftmaxCrossEntropy': <class 'spiraltorch.nn.CategoricalCrossEntropy'>, 'SpectralLearningRatePolicy': <class 'spiraltorch.nn.SpectralLearningRatePolicy'>, 'TripletLoss': <class 'spiraltorch.nn.TripletLoss'>, 'ZConv': <class 'spiraltorch.nn.ZConv'>, 'ZConv6DA': <class 'spiraltorch.nn.ZConv6DA'>, 'ZPooling': <class 'spiraltorch.nn.ZPooling'>, 'ZSpaceProjector': <class 'spiraltorch.nn.ZSpaceProjector'>, 'compare_sparse_finetune_summaries': <function compare_sparse_finetune_summaries at 0x122580900>, 'eval_mode': <function _install_nn_helpers.<locals>.eval_mode at 0x1225fc040>, 'from_samples': <built-in function from_samples>, 'load': <function _install_nn_helpers.<locals>.load at 0x1225fc5e0>, 'save': <function _install_nn_helpers.<locals>.save at 0x1225fc540>, 'softlogic_signal': <built-in function softlogic_signal>, 'sparse_classification_delta': <function _install_nn_helpers.<locals>.sparse_classification_delta at 0x1225fc220>}

======================================================================
FAIL: test_star_import_retains_native_identity (__main__.ResidentExports.test_star_import_retains_native_identity) (name='GraphUpdateSnapshot')
----------------------------------------------------------------------
Traceback (most recent call last):
  File "/Users/ryospiralarchitect/🌀SpiralReality🌀/_wt/spiraltorch-resident-nn-integration-v1/bindings/st-py/tests/test_nn_resident_exports.py", line 32, in test_star_import_retains_native_identity
    self.assertIn(name, namespace)
AssertionError: 'GraphUpdateSnapshot' not found in {'__builtins__': {'__name__': 'builtins', '__doc__': "Built-in functions, types, exceptions, and other objects.\n\nThis module provides direct access to all 'built-in'\nidentifiers of Python; for example, builtins.len is\nthe full name for the built-in function len().\n\nThis module is not normally accessed explicitly by most\napplications, but can be useful in modules that provide\nobjects with the same name as a built-in value, but in\nwhich the built-in of that name is also needed.", '__package__': '', '__loader__': <class '_frozen_importlib.BuiltinImporter'>, '__spec__': ModuleSpec(name='builtins', loader=<class '_frozen_importlib.BuiltinImporter'>, origin='built-in'), '__build_class__': <built-in function __build_class__>, '__import__': <built-in function __import__>, 'abs': <built-in function abs>, 'all': <built-in function all>, 'any': <built-in function any>, 'ascii': <built-in function ascii>, 'bin': <built-in function bin>, 'breakpoint': <built-in function breakpoint>, 'callable': <built-in function callable>, 'chr': <built-in function chr>, 'compile': <built-in function compile>, 'delattr': <built-in function delattr>, 'dir': <built-in function dir>, 'divmod': <built-in function divmod>, 'eval': <built-in function eval>, 'exec': <built-in function exec>, 'format': <built-in function format>, 'getattr': <built-in function getattr>, 'globals': <built-in function globals>, 'hasattr': <built-in function hasattr>, 'hash': <built-in function hash>, 'hex': <built-in function hex>, 'id': <built-in function id>, 'input': <built-in function input>, 'isinstance': <built-in function isinstance>, 'issubclass': <built-in function issubclass>, 'iter': <built-in function iter>, 'aiter': <built-in function aiter>, 'len': <built-in function len>, 'locals': <built-in function locals>, 'max': <built-in function max>, 'min': <built-in function min>, 'next': <built-in function next>, 'anext': <built-in function anext>, 'oct': <built-in function oct>, 'ord': <built-in function ord>, 'pow': <built-in function pow>, 'print': <built-in function print>, 'repr': <built-in function repr>, 'round': <built-in function round>, 'setattr': <built-in function setattr>, 'sorted': <built-in function sorted>, 'sum': <built-in function sum>, 'vars': <built-in function vars>, 'None': None, 'Ellipsis': Ellipsis, 'NotImplemented': NotImplemented, 'False': False, 'True': True, 'bool': <class 'bool'>, 'memoryview': <class 'memoryview'>, 'bytearray': <class 'bytearray'>, 'bytes': <class 'bytes'>, 'classmethod': <class 'classmethod'>, 'complex': <class 'complex'>, 'dict': <class 'dict'>, 'enumerate': <class 'enumerate'>, 'filter': <class 'filter'>, 'float': <class 'float'>, 'frozenset': <class 'frozenset'>, 'property': <class 'property'>, 'int': <class 'int'>, 'list': <class 'list'>, 'map': <class 'map'>, 'object': <class 'object'>, 'range': <class 'range'>, 'reversed': <class 'reversed'>, 'set': <class 'set'>, 'slice': <class 'slice'>, 'staticmethod': <class 'staticmethod'>, 'str': <class 'str'>, 'super': <class 'super'>, 'tuple': <class 'tuple'>, 'type': <class 'type'>, 'zip': <class 'zip'>, '__debug__': True, 'BaseException': <class 'BaseException'>, 'BaseExceptionGroup': <class 'BaseExceptionGroup'>, 'Exception': <class 'Exception'>, 'GeneratorExit': <class 'GeneratorExit'>, 'KeyboardInterrupt': <class 'KeyboardInterrupt'>, 'SystemExit': <class 'SystemExit'>, 'ArithmeticError': <class 'ArithmeticError'>, 'AssertionError': <class 'AssertionError'>, 'AttributeError': <class 'AttributeError'>, 'BufferError': <class 'BufferError'>, 'EOFError': <class 'EOFError'>, 'ImportError': <class 'ImportError'>, 'LookupError': <class 'LookupError'>, 'MemoryError': <class 'MemoryError'>, 'NameError': <class 'NameError'>, 'OSError': <class 'OSError'>, 'ReferenceError': <class 'ReferenceError'>, 'RuntimeError': <class 'RuntimeError'>, 'StopAsyncIteration': <class 'StopAsyncIteration'>, 'StopIteration': <class 'StopIteration'>, 'SyntaxError': <class 'SyntaxError'>, 'SystemError': <class 'SystemError'>, 'TypeError': <class 'TypeError'>, 'ValueError': <class 'ValueError'>, 'Warning': <class 'Warning'>, 'FloatingPointError': <class 'FloatingPointError'>, 'OverflowError': <class 'OverflowError'>, 'ZeroDivisionError': <class 'ZeroDivisionError'>, 'BytesWarning': <class 'BytesWarning'>, 'DeprecationWarning': <class 'DeprecationWarning'>, 'EncodingWarning': <class 'EncodingWarning'>, 'FutureWarning': <class 'FutureWarning'>, 'ImportWarning': <class 'ImportWarning'>, 'PendingDeprecationWarning': <class 'PendingDeprecationWarning'>, 'ResourceWarning': <class 'ResourceWarning'>, 'RuntimeWarning': <class 'RuntimeWarning'>, 'SyntaxWarning': <class 'SyntaxWarning'>, 'UnicodeWarning': <class 'UnicodeWarning'>, 'UserWarning': <class 'UserWarning'>, 'BlockingIOError': <class 'BlockingIOError'>, 'ChildProcessError': <class 'ChildProcessError'>, 'ConnectionError': <class 'ConnectionError'>, 'FileExistsError': <class 'FileExistsError'>, 'FileNotFoundError': <class 'FileNotFoundError'>, 'InterruptedError': <class 'InterruptedError'>, 'IsADirectoryError': <class 'IsADirectoryError'>, 'NotADirectoryError': <class 'NotADirectoryError'>, 'PermissionError': <class 'PermissionError'>, 'ProcessLookupError': <class 'ProcessLookupError'>, 'TimeoutError': <class 'TimeoutError'>, 'IndentationError': <class 'IndentationError'>, 'IndexError': <class 'IndexError'>, 'KeyError': <class 'KeyError'>, 'ModuleNotFoundError': <class 'ModuleNotFoundError'>, 'NotImplementedError': <class 'NotImplementedError'>, 'RecursionError': <class 'RecursionError'>, 'UnboundLocalError': <class 'UnboundLocalError'>, 'UnicodeError': <class 'UnicodeError'>, 'BrokenPipeError': <class 'BrokenPipeError'>, 'ConnectionAbortedError': <class 'ConnectionAbortedError'>, 'ConnectionRefusedError': <class 'ConnectionRefusedError'>, 'ConnectionResetError': <class 'ConnectionResetError'>, 'TabError': <class 'TabError'>, 'UnicodeDecodeError': <class 'UnicodeDecodeError'>, 'UnicodeEncodeError': <class 'UnicodeEncodeError'>, 'UnicodeTranslateError': <class 'UnicodeTranslateError'>, 'ExceptionGroup': <class 'ExceptionGroup'>, 'EnvironmentError': <class 'OSError'>, 'IOError': <class 'OSError'>, 'open': <built-in function open>, 'quit': Use quit() or Ctrl-D (i.e. EOF) to exit, 'exit': Use exit() or Ctrl-D (i.e. EOF) to exit, 'copyright': Copyright (c) 2001-2023 Python Software Foundation.
All Rights Reserved.

Copyright (c) 2000 BeOpen.com.
All Rights Reserved.

Copyright (c) 1995-2001 Corporation for National Research Initiatives.
All Rights Reserved.

Copyright (c) 1991-1995 Stichting Mathematisch Centrum, Amsterdam.
All Rights Reserved., 'credits':     Thanks to CWI, CNRI, BeOpen.com, Zope Corporation and a cast of thousands
    for supporting Python development.  See www.python.org for more information., 'license': Type license() to see the full license text, 'help': Type help() for interactive help, or help(object) for help about object.}, 'CategoricalCrossEntropy': <class 'spiraltorch.nn.CategoricalCrossEntropy'>, 'ContrastiveLoss': <class 'spiraltorch.nn.ContrastiveLoss'>, 'CrossEntropy': <class 'spiraltorch.nn.HyperbolicCrossEntropy'>, 'CrossEntropyWithLogits': <class 'spiraltorch.nn.CrossEntropyWithLogits'>, 'CurvatureDecision': <class 'spiraltorch.nn.CurvatureDecision'>, 'CurvatureScheduler': <class 'spiraltorch.nn.CurvatureScheduler'>, 'DataLoader': <class 'spiraltorch.nn.DataLoader'>, 'DataLoaderIter': <class 'spiraltorch.nn.DataLoaderIter'>, 'Dataset': <class 'spiraltorch.nn.Dataset'>, 'Dropout': <class 'spiraltorch.nn.Dropout'>, 'EpochStats': <class 'spiraltorch.nn.EpochStats'>, 'FocalLoss': <class 'spiraltorch.nn.FocalLoss'>, 'HyperbolicCrossEntropy': <class 'spiraltorch.nn.HyperbolicCrossEntropy'>, 'Identity': <class 'spiraltorch.nn.Identity'>, 'LoraLinear': <class 'spiraltorch.nn.LoraLinear'>, 'MeanSquaredError': <class 'spiraltorch.nn.MeanSquaredError'>, 'ModuleTrainer': <class 'spiraltorch.nn.ModuleTrainer'>, 'NonLiner': <class 'spiraltorch.nn.NonLiner'>, 'RoundtableConfig': <class 'spiraltorch.nn.RoundtableConfig'>, 'RoundtableSchedule': <class 'spiraltorch.nn.RoundtableSchedule'>, 'Scaler': <class 'spiraltorch.nn.Scaler'>, 'SoftLogicConfig': <class 'spiraltorch.nn.SoftLogicConfig'>, 'SoftmaxCrossEntropy': <class 'spiraltorch.nn.CategoricalCrossEntropy'>, 'SpectralLearningRatePolicy': <class 'spiraltorch.nn.SpectralLearningRatePolicy'>, 'TripletLoss': <class 'spiraltorch.nn.TripletLoss'>, 'ZConv': <class 'spiraltorch.nn.ZConv'>, 'ZConv6DA': <class 'spiraltorch.nn.ZConv6DA'>, 'ZPooling': <class 'spiraltorch.nn.ZPooling'>, 'ZSpaceProjector': <class 'spiraltorch.nn.ZSpaceProjector'>, 'compare_sparse_finetune_summaries': <function compare_sparse_finetune_summaries at 0x122580900>, 'eval_mode': <function _install_nn_helpers.<locals>.eval_mode at 0x1225fc040>, 'from_samples': <built-in function from_samples>, 'load': <function _install_nn_helpers.<locals>.load at 0x1225fc5e0>, 'save': <function _install_nn_helpers.<locals>.save at 0x1225fc540>, 'softlogic_signal': <built-in function softlogic_signal>, 'sparse_classification_delta': <function _install_nn_helpers.<locals>.sparse_classification_delta at 0x1225fc220>}

======================================================================
FAIL: test_star_import_retains_native_identity (__main__.ResidentExports.test_star_import_retains_native_identity) (name='ResidentLoss')
----------------------------------------------------------------------
Traceback (most recent call last):
  File "/Users/ryospiralarchitect/🌀SpiralReality🌀/_wt/spiraltorch-resident-nn-integration-v1/bindings/st-py/tests/test_nn_resident_exports.py", line 32, in test_star_import_retains_native_identity
    self.assertIn(name, namespace)
AssertionError: 'ResidentLoss' not found in {'__builtins__': {'__name__': 'builtins', '__doc__': "Built-in functions, types, exceptions, and other objects.\n\nThis module provides direct access to all 'built-in'\nidentifiers of Python; for example, builtins.len is\nthe full name for the built-in function len().\n\nThis module is not normally accessed explicitly by most\napplications, but can be useful in modules that provide\nobjects with the same name as a built-in value, but in\nwhich the built-in of that name is also needed.", '__package__': '', '__loader__': <class '_frozen_importlib.BuiltinImporter'>, '__spec__': ModuleSpec(name='builtins', loader=<class '_frozen_importlib.BuiltinImporter'>, origin='built-in'), '__build_class__': <built-in function __build_class__>, '__import__': <built-in function __import__>, 'abs': <built-in function abs>, 'all': <built-in function all>, 'any': <built-in function any>, 'ascii': <built-in function ascii>, 'bin': <built-in function bin>, 'breakpoint': <built-in function breakpoint>, 'callable': <built-in function callable>, 'chr': <built-in function chr>, 'compile': <built-in function compile>, 'delattr': <built-in function delattr>, 'dir': <built-in function dir>, 'divmod': <built-in function divmod>, 'eval': <built-in function eval>, 'exec': <built-in function exec>, 'format': <built-in function format>, 'getattr': <built-in function getattr>, 'globals': <built-in function globals>, 'hasattr': <built-in function hasattr>, 'hash': <built-in function hash>, 'hex': <built-in function hex>, 'id': <built-in function id>, 'input': <built-in function input>, 'isinstance': <built-in function isinstance>, 'issubclass': <built-in function issubclass>, 'iter': <built-in function iter>, 'aiter': <built-in function aiter>, 'len': <built-in function len>, 'locals': <built-in function locals>, 'max': <built-in function max>, 'min': <built-in function min>, 'next': <built-in function next>, 'anext': <built-in function anext>, 'oct': <built-in function oct>, 'ord': <built-in function ord>, 'pow': <built-in function pow>, 'print': <built-in function print>, 'repr': <built-in function repr>, 'round': <built-in function round>, 'setattr': <built-in function setattr>, 'sorted': <built-in function sorted>, 'sum': <built-in function sum>, 'vars': <built-in function vars>, 'None': None, 'Ellipsis': Ellipsis, 'NotImplemented': NotImplemented, 'False': False, 'True': True, 'bool': <class 'bool'>, 'memoryview': <class 'memoryview'>, 'bytearray': <class 'bytearray'>, 'bytes': <class 'bytes'>, 'classmethod': <class 'classmethod'>, 'complex': <class 'complex'>, 'dict': <class 'dict'>, 'enumerate': <class 'enumerate'>, 'filter': <class 'filter'>, 'float': <class 'float'>, 'frozenset': <class 'frozenset'>, 'property': <class 'property'>, 'int': <class 'int'>, 'list': <class 'list'>, 'map': <class 'map'>, 'object': <class 'object'>, 'range': <class 'range'>, 'reversed': <class 'reversed'>, 'set': <class 'set'>, 'slice': <class 'slice'>, 'staticmethod': <class 'staticmethod'>, 'str': <class 'str'>, 'super': <class 'super'>, 'tuple': <class 'tuple'>, 'type': <class 'type'>, 'zip': <class 'zip'>, '__debug__': True, 'BaseException': <class 'BaseException'>, 'BaseExceptionGroup': <class 'BaseExceptionGroup'>, 'Exception': <class 'Exception'>, 'GeneratorExit': <class 'GeneratorExit'>, 'KeyboardInterrupt': <class 'KeyboardInterrupt'>, 'SystemExit': <class 'SystemExit'>, 'ArithmeticError': <class 'ArithmeticError'>, 'AssertionError': <class 'AssertionError'>, 'AttributeError': <class 'AttributeError'>, 'BufferError': <class 'BufferError'>, 'EOFError': <class 'EOFError'>, 'ImportError': <class 'ImportError'>, 'LookupError': <class 'LookupError'>, 'MemoryError': <class 'MemoryError'>, 'NameError': <class 'NameError'>, 'OSError': <class 'OSError'>, 'ReferenceError': <class 'ReferenceError'>, 'RuntimeError': <class 'RuntimeError'>, 'StopAsyncIteration': <class 'StopAsyncIteration'>, 'StopIteration': <class 'StopIteration'>, 'SyntaxError': <class 'SyntaxError'>, 'SystemError': <class 'SystemError'>, 'TypeError': <class 'TypeError'>, 'ValueError': <class 'ValueError'>, 'Warning': <class 'Warning'>, 'FloatingPointError': <class 'FloatingPointError'>, 'OverflowError': <class 'OverflowError'>, 'ZeroDivisionError': <class 'ZeroDivisionError'>, 'BytesWarning': <class 'BytesWarning'>, 'DeprecationWarning': <class 'DeprecationWarning'>, 'EncodingWarning': <class 'EncodingWarning'>, 'FutureWarning': <class 'FutureWarning'>, 'ImportWarning': <class 'ImportWarning'>, 'PendingDeprecationWarning': <class 'PendingDeprecationWarning'>, 'ResourceWarning': <class 'ResourceWarning'>, 'RuntimeWarning': <class 'RuntimeWarning'>, 'SyntaxWarning': <class 'SyntaxWarning'>, 'UnicodeWarning': <class 'UnicodeWarning'>, 'UserWarning': <class 'UserWarning'>, 'BlockingIOError': <class 'BlockingIOError'>, 'ChildProcessError': <class 'ChildProcessError'>, 'ConnectionError': <class 'ConnectionError'>, 'FileExistsError': <class 'FileExistsError'>, 'FileNotFoundError': <class 'FileNotFoundError'>, 'InterruptedError': <class 'InterruptedError'>, 'IsADirectoryError': <class 'IsADirectoryError'>, 'NotADirectoryError': <class 'NotADirectoryError'>, 'PermissionError': <class 'PermissionError'>, 'ProcessLookupError': <class 'ProcessLookupError'>, 'TimeoutError': <class 'TimeoutError'>, 'IndentationError': <class 'IndentationError'>, 'IndexError': <class 'IndexError'>, 'KeyError': <class 'KeyError'>, 'ModuleNotFoundError': <class 'ModuleNotFoundError'>, 'NotImplementedError': <class 'NotImplementedError'>, 'RecursionError': <class 'RecursionError'>, 'UnboundLocalError': <class 'UnboundLocalError'>, 'UnicodeError': <class 'UnicodeError'>, 'BrokenPipeError': <class 'BrokenPipeError'>, 'ConnectionAbortedError': <class 'ConnectionAbortedError'>, 'ConnectionRefusedError': <class 'ConnectionRefusedError'>, 'ConnectionResetError': <class 'ConnectionResetError'>, 'TabError': <class 'TabError'>, 'UnicodeDecodeError': <class 'UnicodeDecodeError'>, 'UnicodeEncodeError': <class 'UnicodeEncodeError'>, 'UnicodeTranslateError': <class 'UnicodeTranslateError'>, 'ExceptionGroup': <class 'ExceptionGroup'>, 'EnvironmentError': <class 'OSError'>, 'IOError': <class 'OSError'>, 'open': <built-in function open>, 'quit': Use quit() or Ctrl-D (i.e. EOF) to exit, 'exit': Use exit() or Ctrl-D (i.e. EOF) to exit, 'copyright': Copyright (c) 2001-2023 Python Software Foundation.
All Rights Reserved.

Copyright (c) 2000 BeOpen.com.
All Rights Reserved.

Copyright (c) 1995-2001 Corporation for National Research Initiatives.
All Rights Reserved.

Copyright (c) 1991-1995 Stichting Mathematisch Centrum, Amsterdam.
All Rights Reserved., 'credits':     Thanks to CWI, CNRI, BeOpen.com, Zope Corporation and a cast of thousands
    for supporting Python development.  See www.python.org for more information., 'license': Type license() to see the full license text, 'help': Type help() for interactive help, or help(object) for help about object.}, 'CategoricalCrossEntropy': <class 'spiraltorch.nn.CategoricalCrossEntropy'>, 'ContrastiveLoss': <class 'spiraltorch.nn.ContrastiveLoss'>, 'CrossEntropy': <class 'spiraltorch.nn.HyperbolicCrossEntropy'>, 'CrossEntropyWithLogits': <class 'spiraltorch.nn.CrossEntropyWithLogits'>, 'CurvatureDecision': <class 'spiraltorch.nn.CurvatureDecision'>, 'CurvatureScheduler': <class 'spiraltorch.nn.CurvatureScheduler'>, 'DataLoader': <class 'spiraltorch.nn.DataLoader'>, 'DataLoaderIter': <class 'spiraltorch.nn.DataLoaderIter'>, 'Dataset': <class 'spiraltorch.nn.Dataset'>, 'Dropout': <class 'spiraltorch.nn.Dropout'>, 'EpochStats': <class 'spiraltorch.nn.EpochStats'>, 'FocalLoss': <class 'spiraltorch.nn.FocalLoss'>, 'HyperbolicCrossEntropy': <class 'spiraltorch.nn.HyperbolicCrossEntropy'>, 'Identity': <class 'spiraltorch.nn.Identity'>, 'LoraLinear': <class 'spiraltorch.nn.LoraLinear'>, 'MeanSquaredError': <class 'spiraltorch.nn.MeanSquaredError'>, 'ModuleTrainer': <class 'spiraltorch.nn.ModuleTrainer'>, 'NonLiner': <class 'spiraltorch.nn.NonLiner'>, 'RoundtableConfig': <class 'spiraltorch.nn.RoundtableConfig'>, 'RoundtableSchedule': <class 'spiraltorch.nn.RoundtableSchedule'>, 'Scaler': <class 'spiraltorch.nn.Scaler'>, 'SoftLogicConfig': <class 'spiraltorch.nn.SoftLogicConfig'>, 'SoftmaxCrossEntropy': <class 'spiraltorch.nn.CategoricalCrossEntropy'>, 'SpectralLearningRatePolicy': <class 'spiraltorch.nn.SpectralLearningRatePolicy'>, 'TripletLoss': <class 'spiraltorch.nn.TripletLoss'>, 'ZConv': <class 'spiraltorch.nn.ZConv'>, 'ZConv6DA': <class 'spiraltorch.nn.ZConv6DA'>, 'ZPooling': <class 'spiraltorch.nn.ZPooling'>, 'ZSpaceProjector': <class 'spiraltorch.nn.ZSpaceProjector'>, 'compare_sparse_finetune_summaries': <function compare_sparse_finetune_summaries at 0x122580900>, 'eval_mode': <function _install_nn_helpers.<locals>.eval_mode at 0x1225fc040>, 'from_samples': <built-in function from_samples>, 'load': <function _install_nn_helpers.<locals>.load at 0x1225fc5e0>, 'save': <function _install_nn_helpers.<locals>.save at 0x1225fc540>, 'softlogic_signal': <built-in function softlogic_signal>, 'sparse_classification_delta': <function _install_nn_helpers.<locals>.sparse_classification_delta at 0x1225fc220>}

----------------------------------------------------------------------
Ran 2 tests in 0.002s

FAILED (failures=24)
